10	1.9891e+30	0	0	0	0	0	0	0	0	0	3.285e+23	5.8344e+10	0	0	0	47870	0	0	0	0	4.867e+24	1.07712e+11	0	0	0	35020	0	0	0	0	5.972e+24	1.496e+11	0	0	0	29780	0	0	0	0	6.39e+23	2.27392e+11	0	0	0	24130	0	0	0	0	1.898e+27	7.7792e+11	0	0	0	13070	0	0	0	0	5.683e+26	1.43317e+12	0	0	0	9680	0	0	0	0	8.681e+25	2.87531e+12	0	0	0	6800	0	0	0	0	1.024e+26	4.49548e+12	0	0	0	5430	0	0	0	0	7.342e+22	1.49984e+11	0	0	0	30802	0	0	0	0	
10	1.9891e+30	0.0112846	0	0	5.64231e-05	0	0	5.61156e+23	0	0	3.285e+23	5.8344e+10	9.574e+06	0	-7.79966	47870	0	-1.28109e+22	0	0	4.867e+24	1.07712e+11	7.004e+06	0	-2.28836	35020	0	-5.56873e+22	0	0	5.972e+24	1.496e+11	5.956e+06	0	-1.17966	29780	0	-3.52247e+22	0	0	6.39e+23	2.27392e+11	4.826e+06	0	-0.513408	24130	0	-1.64034e+21	0	0	1.898e+27	7.7792e+11	2.614e+06	0	-0.0438559	13070	0	-4.16193e+23	0	0	5.683e+26	1.43317e+12	1.936e+06	0	-0.0129848	9680	0	-3.68963e+22	0	0	8.681e+25	2.87531e+12	1.36e+06	0	-0.00322037	6800	0	-1.3978e+21	0	0	1.024e+26	4.49548e+12	1.086e+06	0	-0.00131687	5430	0	-6.74235e+20	0	0	7.342e+22	1.49984e+11	6.1604e+06	0	-1.72084	30802	0	-6.31719e+20	0	0	
10	1.9891e+30	559298	27746.1	0	0.55437	0.0404777	0	5.33201e+23	7.5146e+22	0	3.285e+23	-3.61028e+09	5.86692e+10	0	-47445.4	-2577.83	0	7.73402e+20	-1.2598e+22	0	4.867e+24	8.56098e+10	6.5185e+10	0	-21319.6	27827.6	0	-4.43991e+22	-3.38037e+22	0	5.972e+24	1.37892e+11	5.80313e+10	0	-11561.3	27452.7	0	-3.25139e+22	-1.38835e+22	0	6.39e+23	2.22276e+11	4.79023e+10	0	-5096.33	23587.1	0	-1.60372e+21	-3.45635e+20	0	1.898e+27	7.77481e+11	2.61377e+10	0	-438.521	13062.6	0	-4.15958e+23	-1.39896e+22	0	5.683e+26	1.43304e+12	1.93614e+10	0	-129.857	9679.13	0	-3.68927e+22	-4.94425e+20	0	8.681e+25	2.87528e+12	1.36013e+10	0	-32.2068	6799.92	0	-1.39779e+21	-6.57216e+18	0	1.024e+26	4.49547e+12	1.08611e+10	0	-13.17	5429.98	0	-6.74233e+20	-1.61953e+18	0	7.342e+22	1.38153e+11	5.77485e+10	0	-10814.9	28133.4	0	-5.34871e+20	-2.29177e+19	0	
10	1.9891e+30	2.18719e+06	198894	0	1.06497	0.136131	0	4.83165e+23	1.08237e+23	0	3.285e+23	-5.89205e+10	-5.49652e+09	0	4408.55	-46988.5	0	1.23987e+22	1.15465e+21	0	4.867e+24	2.83004e+10	1.0352e+11	0	-33947.2	9107.34	0	-1.47948e+22	-5.41136e+22	0	5.972e+24	1.04606e+11	1.06973e+11	0	-21306.8	20833.9	0	-2.47786e+22	-2.55266e+22	0	6.39e+23	2.07158e+11	9.36438e+10	0	-9964.51	21982.2	0	-1.49541e+21	-6.76076e+20	0	1.898e+27	7.76166e+11	5.22433e+10	0	-876.502	13040.5	0	-4.15253e+23	-2.79635e+22	0	5.683e+26	1.43265e+12	3.87173e+10	0	-259.675	9676.52	0	-3.6882e+22	-9.88782e+20	0	8.681e+25	2.87518e+12	2.7201e+10	0	-64.4097	6799.7	0	-1.39774e+21	-1.31443e+19	0	1.024e+26	4.49543e+12	2.1721e+10	0	-26.3385	5429.94	0	-6.74227e+20	-3.23906e+18	0	7.342e+22	1.04574e+11	1.06598e+11	0	-20275.1	20713.5	0	-2.87917e+20	-1.06281e+20	0	
10	1.9891e+30	4.78964e+06	583657	0	1.53152	0.250068	0	4.47621e+23	1.17397e+23	0	3.285e+23	7.44129e+09	-5.82373e+10	0	47147.3	6355	0	-1.60038e+21	1.25499e+22	0	4.867e+24	-4.06955e+10	9.89317e+10	0	-32546.3	-13562.9	0	2.14781e+22	-5.22142e+22	0	5.972e+24	5.4954e+10	1.39175e+11	0	-27709.9	10956.3	0	-1.31787e+22	-3.3053e+22	0	6.39e+23	1.82714e+11	1.35169e+11	0	-14387.2	19386	0	-1.32006e+21	-9.76723e+20	0	1.898e+27	7.73976e+11	7.829e+10	0	-1313.49	13003.7	0	-4.14079e+23	-4.19057e+22	0	5.683e+26	1.432e+12	5.80663e+10	0	-389.444	9672.17	0	-3.68643e+22	-1.483e+21	0	8.681e+25	2.87502e+12	4.08e+10	0	-96.611	6799.32	0	-1.39766e+21	-1.97164e+19	0	1.024e+26	4.49536e+12	3.25808e+10	0	-39.5069	5429.86	0	-6.74216e+20	-4.85862e+18	0	7.342e+22	5.46444e+10	1.38967e+11	0	-27119.9	10088.8	0	1.4866e+19	-2.89669e+20	0	
10	1.9891e+30	8.29274e+06	1.20489e+06	0	1.96612	0.372597	0	4.14974e+23	1.2547e+23	0	3.285e+23	5.73025e+10	1.10549e+10	0	-9002.03	47010.3	0	-1.25765e+22	-2.42422e+21	0	4.867e+24	-9.2629e+10	5.29849e+10	0	-17472.2	-30723.5	0	4.92445e+22	-2.81689e+22	0	5.972e+24	-3.29604e+09	1.49603e+11	0	-29772.9	-638.391	0	5.82881e+20	-3.53433e+22	0	6.39e+23	1.50038e+11	1.70602e+11	0	-18165.5	15913.1	0	-1.08518e+21	-1.23418e+21	0	1.898e+27	7.70913e+11	1.04248e+11	0	-1749	12952.2	0	-4.12438e+23	-5.58004e+22	0	5.683e+26	1.43109e+12	7.74048e+10	0	-519.138	9666.08	0	-3.68394e+22	-1.97701e+21	0	8.681e+25	2.87479e+12	5.43981e+10	0	-128.81	6798.79	0	-1.39754e+21	-2.62884e+19	0	1.024e+26	4.49527e+12	4.34404e+10	0	-52.6751	5429.75	0	-6.74202e+20	-6.47819e+18	0	7.342e+22	-3.65948e+09	1.49702e+11	0	-30046.1	-1634.98	0	2.09509e+20	-4.88943e+20	0	
10	1.9891e+30	1.26286e+07	2.07433e+06	0	2.36306	0.494329	0	3.76078e+23	1.10381e+23	0	3.285e+23	-1.44823e+10	5.70471e+10	0	-46070.1	-11363.5	0	3.09824e+21	-1.22012e+22	0	4.867e+24	-1.05546e+11	-1.52498e+10	0	5033.91	-35006.4	0	5.62167e+22	8.11884e+21	0	5.972e+24	-6.10313e+10	1.36634e+11	0	-27181.1	-12136.2	0	1.43529e+22	-3.21337e+22	0	6.39e+23	1.10596e+11	1.98338e+11	0	-21128.5	11717.5	0	-8.00948e+20	-1.43683e+21	0	1.898e+27	7.66981e+11	1.30089e+11	0	-2182.53	12886.1	0	-4.10331e+23	-6.96319e+22	0	5.683e+26	1.42992e+12	9.67294e+10	0	-648.731	9658.26	0	-3.68075e+22	-2.47073e+21	0	8.681e+25	2.8745e+12	6.79951e+10	0	-161.006	6798.11	0	-1.39739e+21	-3.28602e+19	0	1.024e+26	4.49515e+12	5.42998e+10	0	-65.8429	5429.6	0	-6.74183e+20	-8.09779e+18	0	7.342e+22	-6.11894e+10	1.36974e+11	0	-28124.7	-12589.2	0	2.64393e+20	-5.84356e+20	0	
10	1.9891e+30	1.77266e+07	3.16063e+06	0	2.73376	0.584726	0	3.69731e+23	6.81898e+22	0	3.285e+23	-5.68731e+10	-1.62422e+10	0	13046.6	-45367.4	0	1.19799e+22	3.41879e+21	0	4.867e+24	-7.39434e+10	-7.70586e+10	0	25393.3	-24544.5	0	3.92184e+22	4.08565e+22	0	5.972e+24	-1.09223e+11	1.02305e+11	0	-20346.8	-21736.6	0	2.59165e+22	-2.40137e+22	0	6.39e+23	6.61586e+10	2.17113e+11	0	-23140.6	6985.84	0	-4.79771e+20	-1.57533e+21	0	1.898e+27	7.62185e+11	1.55783e+11	0	-2613.6	12805.5	0	-4.0776e+23	-8.33843e+22	0	5.683e+26	1.4285e+12	1.16037e+11	0	-778.2	9648.69	0	-3.67685e+22	-2.96408e+21	0	8.681e+25	2.87415e+12	8.15905e+10	0	-193.198	6797.27	0	-1.39721e+21	-3.94318e+19	0	1.024e+26	4.49501e+12	6.51588e+10	0	-79.0103	5429.43	0	-6.7416e+20	-9.71742e+18	0	7.342e+22	-1.09065e+11	1.02655e+11	0	-21279.6	-21339.2	0	2.34448e+20	-4.78582e+20	0	
10	1.9891e+30	2.35762e+07	4.38769e+06	0	3.12235	0.638618	0	4.08065e+23	4.65915e+22	0	3.285e+23	1.82069e+10	-5.57392e+10	0	45189	15075	0	-3.93164e+21	1.20598e+22	0	4.867e+24	-1.12505e+10	-1.06523e+11	0	35001.4	-3878.78	0	5.93039e+21	5.59919e+22	0	5.972e+24	-1.40337e+11	5.1986e+10	0	-10338.7	-27934.8	0	3.33721e+22	-1.22271e+22	0	6.39e+23	1.87305e+10	2.26064e+11	0	-24107.9	1930.13	0	-1.35844e+20	-1.64307e+21	0	1.898e+27	7.56529e+11	1.81301e+11	0	-3041.72	12710.4	0	-4.04729e+23	-9.70422e+22	0	5.683e+26	1.42681e+12	1.35323e+11	0	-907.519	9637.39	0	-3.67225e+22	-3.457e+21	0	8.681e+25	2.87373e+12	9.5184e+10	0	-225.386	6796.29	0	-1.397e+21	-4.60031e+19	0	1.024e+26	4.49483e+12	7.60175e+10	0	-92.1773	5429.23	0	-6.74133e+20	-1.13371e+19	0	7.342e+22	-1.39972e+11	5.21115e+10	0	-10660.1	-26972.4	0	2.23046e+20	-2.16439e+20	0	
10	1.9891e+30	3.0246e+07	5.71704e+06	0	3.55376	0.695086	0	4.45095e+23	7.17426e+22	0	3.285e+23	5.42192e+10	2.17057e+10	0	-17666.6	44465.1	0	-1.18821e+22	-4.75596e+21	0	4.867e+24	5.61858e+10	-9.16097e+10	0	30009.8	18217.6	0	-2.92376e+22	4.7709e+22	0	5.972e+24	-1.49511e+11	-6.45649e+09	0	1282.66	-29760.4	0	3.55286e+22	1.43072e+21	0	6.39e+23	-2.95439e+10	2.24768e+11	0	-23983.1	-3221.79	0	2.15438e+20	-1.63651e+21	0	1.898e+27	7.5002e+11	2.06615e+11	0	-3466.4	12601	0	-4.01241e+23	-1.1059e+23	0	5.683e+26	1.42487e+12	1.54585e+11	0	-1036.66	9624.36	0	-3.66695e+22	-3.9494e+21	0	8.681e+25	2.87325e+12	1.08776e+11	0	-257.569	6795.15	0	-1.39675e+21	-5.25741e+19	0	1.024e+26	4.49464e+12	8.68757e+10	0	-105.344	5428.99	0	-6.74102e+20	-1.29568e+19	0	7.342e+22	-1.49174e+11	-6.64096e+09	0	1775.54	-28866.4	0	2.62123e+20	1.15245e+20	0	
10	1.9891e+30	3.78048e+07	7.19196e+06	0	4.0056	0.785646	0	4.49701e+23	1.06067e+23	0	3.285e+23	-2.48338e+10	5.34331e+10	0	-43092.5	-19718.5	0	5.2978e+21	-1.13847e+22	0	4.867e+24	1.00462e+11	-3.88361e+10	0	12701	32650.5	0	-5.19732e+22	2.01077e+22	0	5.972e+24	-1.35311e+11	-6.38901e+10	0	12706.7	-26929.2	0	3.20527e+22	1.49107e+22	0	6.39e+23	-7.6474e+10	2.13267e+11	0	-22768.2	-8236.17	0	5.58139e+20	-1.55543e+21	0	1.898e+27	7.42666e+11	2.31696e+11	0	-3887.17	12477.4	0	-3.973e+23	-1.24013e+23	0	5.683e+26	1.42267e+12	1.73819e+11	0	-1165.61	9609.6	0	-3.66096e+22	-4.44119e+21	0	8.681e+25	2.8727e+12	1.22365e+11	0	-289.745	6793.87	0	-1.39647e+21	-5.91447e+19	0	1.024e+26	4.49441e+12	9.77334e+10	0	-118.509	5428.72	0	-6.74066e+20	-1.45765e+19	0	7.342e+22	-1.35219e+11	-6.4259e+10	0	13705.5	-26706.5	0	3.43739e+20	3.82918e+20	0	
10	1.9891e+30	4.62672e+07	8.87744e+06	0	4.45669	0.903235	0	4.49073e+23	1.26948e+23	0	3.285e+23	-5.28536e+10	-2.64258e+10	0	21244.3	-42181.8	0	1.11556e+22	5.57232e+21	0	4.867e+24	1.03503e+11	2.99053e+10	0	-9764.85	33637.9	0	-5.35226e+22	-1.54629e+22	0	5.972e+24	-9.99574e+10	-1.11339e+11	0	22152.5	-19886.9	0	2.35251e+22	2.61602e+22	0	6.39e+23	-1.19923e+11	1.92067e+11	0	-20514.6	-12883.9	0	8.76495e+20	-1.40305e+21	0	1.898e+27	7.34474e+11	2.56515e+11	0	-4303.55	12339.7	0	-3.92911e+23	-1.37295e+23	0	5.683e+26	1.42021e+12	1.93022e+11	0	-1294.33	9593.1	0	-3.65428e+22	-4.93228e+21	0	8.681e+25	2.87209e+12	1.35951e+11	0	-321.915	6792.43	0	-1.39616e+21	-6.57148e+19	0	1.024e+26	4.49416e+12	1.08591e+11	0	-131.674	5428.42	0	-6.74027e+20	-1.61963e+19	0	7.342e+22	-1.00177e+11	-1.11637e+11	0	22999.8	-20523.4	0	4.16128e+20	4.94307e+20	0	
10	1.9891e+30	5.5634e+07	1.082e+07	0	4.91085	1.04429	0	4.53161e+23	1.57045e+23	0	3.285e+23	2.83423e+10	-5.1267e+10	0	41622.2	23293.9	0	-6.14002e+21	1.1135e+22	0	4.867e+24	6.40766e+10	8.63618e+10	0	-28265.6	20788.6	0	-3.33029e+22	-4.4914e+22	0	5.972e+24	-4.89733e+10	-1.41386e+11	0	28143.6	-9738.76	0	1.13918e+22	3.34356e+22	0	6.39e+23	-1.57905e+11	1.62118e+11	0	-17322.3	-16951.2	0	1.15567e+21	-1.18593e+21	0	1.898e+27	7.25455e+11	2.81046e+11	0	-4715.06	12188.1	0	-3.88077e+23	-1.50421e+23	0	5.683e+26	1.41749e+12	2.12191e+11	0	-1422.81	9574.88	0	-3.64692e+22	-5.42259e+21	0	8.681e+25	2.87141e+12	1.49534e+11	0	-354.077	6790.84	0	-1.39582e+21	-7.22844e+19	0	1.024e+26	4.49389e+12	1.19447e+11	0	-144.838	5428.09	0	-6.73983e+20	-1.78162e+19	0	7.342e+22	-4.93487e+10	-1.41402e+11	0	28206.4	-10773.7	0	3.50486e+20	4.18783e+20	0	
10	1.9891e+30	6.59076e+07	1.30807e+07	0	5.3591	1.22337	0	4.31993e+23	1.9769e+23	0	3.285e+23	4.92068e+10	3.15819e+10	0	-25686	40331.7	0	-1.07563e+22	-6.90751e+21	0	4.867e+24	-1.73503e+09	1.07168e+11	0	-35183.4	-762.914	0	9.42806e+20	-5.62464e+22	0	5.972e+24	9.67366e+09	-1.49326e+11	0	29736.6	1927.99	0	-2.41262e+21	3.54762e+22	0	6.39e+23	-1.88681e+11	1.24775e+11	0	-13335	-20250	0	1.3825e+21	-9.13786e+20	0	1.898e+27	7.15617e+11	3.05259e+11	0	-5121.26	12022.8	0	-3.82806e+23	-1.63378e+23	0	5.683e+26	1.41451e+12	2.31321e+11	0	-1551.02	9554.93	0	-3.63887e+22	-5.91203e+21	0	8.681e+25	2.87067e+12	1.63114e+11	0	-386.23	6789.1	0	-1.39545e+21	-7.88534e+19	0	1.024e+26	4.49358e+12	1.30303e+11	0	-158.002	5427.72	0	-6.73936e+20	-1.94361e+19	0	7.342e+22	9.41045e+09	-1.49054e+11	0	28995.9	1207.36	0	1.14864e+20	2.89117e+20	0	
10	1.9891e+30	7.70452e+07	1.57329e+07	0	5.77086	1.43016	0	3.87219e+23	2.05514e+23	0	3.285e+23	-3.4306e+10	4.79608e+10	0	-38626.6	-27357.9	0	7.2994e+21	-1.01819e+22	0	4.867e+24	-6.67505e+10	8.33864e+10	0	-27455.5	-22183.4	0	3.53941e+22	-4.41604e+22	0	5.972e+24	6.68167e+10	-1.3391e+11	0	26675.1	13292.2	0	-1.57721e+22	3.18929e+22	0	6.39e+23	-2.10835e+11	8.17336e+10	0	-8734.14	-22626.7	0	1.54616e+21	-5.99035e+20	0	1.898e+27	7.04973e+11	3.29128e+11	0	-5521.67	11843.9	0	-3.77102e+23	-1.76149e+23	0	5.683e+26	1.41128e+12	2.50409e+11	0	-1678.93	9533.27	0	-3.63014e+22	-6.4005e+21	0	8.681e+25	2.86987e+12	1.7669e+11	0	-418.375	6787.21	0	-1.39504e+21	-8.54216e+19	0	1.024e+26	4.49325e+12	1.41158e+11	0	-171.164	5427.33	0	-6.73884e+20	-2.1056e+19	0	7.342e+22	6.6851e+10	-1.3353e+11	0	25650.8	13362.2	0	-2.13696e+20	1.90601e+20	0	
10	1.9891e+30	8.89666e+07	1.8792e+07	0	6.14747	1.62419	0	3.69585e+23	1.7817e+23	0	3.285e+23	-4.69967e+10	-3.56936e+10	0	28722.5	-37534	0	9.95011e+21	7.54422e+21	0	4.867e+24	-1.03695e+11	2.46441e+10	0	-8119.79	-34415.4	0	5.52541e+22	-1.31138e+22	0	5.972e+24	1.13521e+11	-9.75428e+10	0	19434	22580.8	0	-2.66943e+22	2.32159e+22	0	6.39e+23	-2.23347e+11	3.49574e+10	0	-3730.55	-23970.4	0	1.6388e+21	-2.56251e+20	0	1.898e+27	6.93535e+11	3.52625e+11	0	-5915.84	11651.6	0	-3.70973e+23	-1.88721e+23	0	5.683e+26	1.4078e+12	2.69453e+11	0	-1806.52	9509.89	0	-3.62074e+22	-6.88791e+21	0	8.681e+25	2.869e+12	1.90263e+11	0	-450.51	6785.16	0	-1.3946e+21	-9.1989e+19	0	1.024e+26	4.4929e+12	1.52012e+11	0	-184.325	5426.9	0	-6.73828e+20	-2.2676e+19	0	7.342e+22	1.13827e+11	-9.73059e+10	0	18821.2	23377.7	0	-4.85082e+20	1.632e+20	0	
10	1.9891e+30	1.01638e+08	2.22119e+07	0	6.52813	1.79324	0	3.91624e+23	1.64001e+23	0	3.285e+23	3.74861e+10	-4.49703e+10	0	36563.3	30713.4	0	-8.1428e+21	9.80331e+21	0	4.867e+24	-9.68777e+10	-4.44701e+10	0	14681.2	-32161	0	5.15857e+22	2.36624e+22	0	5.972e+24	1.42479e+11	-4.59089e+10	0	9147.83	28343.1	0	-3.35119e+22	1.08438e+22	0	6.39e+23	-2.25641e+11	-1.34164e+10	0	1445.5	-24218.1	0	1.65592e+21	9.85678e+19	0	1.898e+27	6.81314e+11	3.75725e+11	0	-6303.34	11446.2	0	-3.64425e+23	-2.0108e+23	0	5.683e+26	1.40406e+12	2.88448e+11	0	-1933.77	9484.79	0	-3.61067e+22	-7.37414e+21	0	8.681e+25	2.86807e+12	2.03831e+11	0	-482.635	6782.97	0	-1.39413e+21	-9.85554e+19	0	1.024e+26	4.49252e+12	1.62865e+11	0	-197.485	5426.44	0	-6.73769e+20	-2.42961e+19	0	7.342e+22	1.42855e+11	-4.59733e+10	0	9335.01	29354.5	0	-6.10595e+20	1.66983e+20	0	
10	1.9891e+30	1.15097e+08	2.59677e+07	0	6.93431	1.96578	0	4.12843e+23	1.82501e+23	0	3.285e+23	4.24492e+10	4.03343e+10	0	-32770.7	34766.2	0	-9.24438e+21	-8.79918e+21	0	4.867e+24	-4.9198e+10	-9.48588e+10	0	31234.8	-16403	0	2.60607e+22	5.01351e+22	0	5.972e+24	1.4916e+11	1.2913e+10	0	-2569.3	29677.4	0	-3.51838e+22	-3.22018e+21	0	6.39e+23	-2.17608e+11	-6.11753e+10	0	6555.35	-23358.1	0	1.59668e+21	4.48798e+20	0	1.898e+27	6.68326e+11	3.98401e+11	0	-6683.72	11227.9	0	-3.57466e+23	-2.1321e+23	0	5.683e+26	1.40006e+12	3.07391e+11	0	-2060.65	9457.98	0	-3.59994e+22	-7.85911e+21	0	8.681e+25	2.86707e+12	2.17395e+11	0	-514.748	6780.62	0	-1.39363e+21	-1.05121e+20	0	1.024e+26	4.49211e+12	1.73718e+11	0	-210.644	5425.95	0	-6.73705e+20	-2.59161e+19	0	7.342e+22	1.49362e+11	1.25898e+10	0	-1697.09	30212.1	0	-5.39593e+20	1.3479e+20	0	
10	1.9891e+30	1.29383e+08	3.00904e+07	0	7.35278	2.16027	0	4.19242e+23	2.02884e+23	0	3.285e+23	-4.25717e+10	4.08297e+10	0	-32835.6	-34023.7	0	9.0384e+21	-8.63859e+21	0	4.867e+24	1.91652e+10	-1.0554e+11	0	34642.9	6072.27	0	-9.95915e+21	5.52577e+22	0	5.972e+24	1.32517e+11	6.97165e+10	0	-13878.3	26370.9	0	-3.1402e+22	-1.66975e+22	0	6.39e+23	-1.9962e+11	-1.06136e+11	0	11363.5	-21430.5	0	1.46394e+21	7.78039e+20	0	1.898e+27	6.54584e+11	4.20628e+11	0	-7056.55	10997	0	-3.50104e+23	-2.251e+23	0	5.683e+26	1.39582e+12	3.26278e+11	0	-2187.14	9429.47	0	-3.58854e+22	-8.34271e+21	0	8.681e+25	2.86601e+12	2.30953e+11	0	-546.85	6778.12	0	-1.39309e+21	-1.11685e+20	0	1.024e+26	4.49167e+12	1.84569e+11	0	-223.802	5425.43	0	-6.73637e+20	-2.75363e+19	0	7.342e+22	1.32411e+11	6.93588e+10	0	-12882.4	26049.3	0	-3.2706e+20	-1.48843e+18	0	
10	1.9891e+30	1.44515e+08	3.46211e+07	0	7.78094	2.37415	0	4.34556e+23	2.25462e+23	0	3.285e+23	-3.95002e+10	-4.37212e+10	0	35225.2	-31577	0	8.4004e+21	9.26849e+21	0	4.867e+24	7.96733e+10	-7.23996e+10	0	23706.7	25847.1	0	-4.12769e+22	3.76012e+22	0	5.972e+24	9.51558e+10	1.15613e+11	0	-23006.4	18936.5	0	-2.26872e+22	-2.74341e+22	0	6.39e+23	-1.72502e+11	-1.46244e+11	0	15649.1	-18525.6	0	1.26408e+21	1.07096e+21	0	1.898e+27	6.40105e+11	4.42381e+11	0	-7421.42	10753.6	0	-3.42346e+23	-2.36735e+23	0	5.683e+26	1.39132e+12	3.45107e+11	0	-2313.22	9399.26	0	-3.57649e+22	-8.82485e+21	0	8.681e+25	2.86488e+12	2.44507e+11	0	-578.938	6775.48	0	-1.39253e+21	-1.18248e+20	0	1.024e+26	4.49121e+12	1.9542e+11	0	-236.958	5424.88	0	-6.73565e+20	-2.91564e+19	0	7.342e+22	9.48105e+10	1.15477e+11	0	-22603.2	17961.9	0	-7.94597e+19	-2.60508e+20	0	
10	1.9891e+30	1.60519e+08	3.96107e+07	0	8.22601	2.62414	0	4.46484e+23	2.77602e+23	0	3.285e+23	4.5312e+10	-3.70644e+10	0	30184.8	37061.2	0	-9.86353e+21	8.10834e+21	0	4.867e+24	1.07453e+11	-9.40858e+09	0	3096.35	34887.1	0	-5.54781e+22	4.89005e+21	0	5.972e+24	4.29265e+10	1.43424e+11	0	-28529.3	8534.55	0	-1.02997e+22	-3.3839e+22	0	6.39e+23	-1.37502e+11	-1.79675e+11	0	19216.2	-14778.5	0	1.00666e+21	1.31407e+21	0	1.898e+27	6.24904e+11	4.63635e+11	0	-7777.9	10498.1	0	-3.34202e+23	-2.48103e+23	0	5.683e+26	1.38656e+12	3.63874e+11	0	-2438.86	9367.36	0	-3.56378e+22	-9.30542e+21	0	8.681e+25	2.86369e+12	2.58055e+11	0	-611.014	6772.68	0	-1.39193e+21	-1.24809e+20	0	1.024e+26	4.49073e+12	2.06269e+11	0	-250.113	5424.29	0	-6.7349e+20	-3.07766e+19	0	7.342e+22	4.25898e+10	1.43602e+11	0	-28994.4	7624.04	0	5.54e+19	-5.11433e+20	0	
10	1.9891e+30	1.77414e+08	4.51613e+07	0	8.66288	2.93764	0	4.13256e+23	3.43386e+23	0	3.285e+23	3.41934e+10	4.76551e+10	0	-38667.7	27976.4	0	-7.40619e+21	-1.03624e+22	0	4.867e+24	9.12087e+10	5.74639e+10	0	-18766.5	29597	0	-4.71778e+22	-2.97532e+22	0	5.972e+24	-1.59944e+10	1.48807e+11	0	-29590.3	-3204.3	0	3.7772e+21	-3.50028e+22	0	6.39e+23	-9.62245e+10	-2.04912e+11	0	21903.2	-10363.3	0	7.03898e+20	1.49636e+21	0	1.898e+27	6.08999e+11	4.84365e+11	0	-8125.61	10230.8	0	-3.25681e+23	-2.5919e+23	0	5.683e+26	1.38156e+12	3.82576e+11	0	-2564.05	9333.77	0	-3.55042e+22	-9.78432e+21	0	8.681e+25	2.86244e+12	2.71598e+11	0	-643.075	6769.72	0	-1.39131e+21	-1.31368e+20	0	1.024e+26	4.49021e+12	2.17117e+11	0	-263.266	5423.67	0	-6.7341e+20	-3.23967e+19	0	7.342e+22	-1.6088e+10	1.49177e+11	0	-30586.2	-3464.85	0	9.62993e+19	-6.25844e+20	0	
10	1.9891e+30	1.95133e+08	5.13951e+07	0	9.04493	3.30051	0	3.45517e+23	3.69504e+23	0	3.285e+23	-4.93457e+10	3.22938e+10	0	-25925.3	-39494.1	0	1.04602e+22	-6.81005e+21	0	4.867e+24	3.75464e+10	1.00707e+11	0	-32986.2	12074.7	0	-1.95035e+22	-5.25499e+22	0	5.972e+24	-7.23864e+10	1.30929e+11	0	-26029.4	-14439.5	0	1.72764e+22	-3.07928e+22	0	6.39e+23	-5.0557e+10	-2.20817e+11	0	23589.8	-5483.52	0	3.69997e+20	1.60981e+21	0	1.898e+27	5.92408e+11	5.0455e+11	0	-8464.14	9951.99	0	-3.16792e+23	-2.69984e+23	0	5.683e+26	1.37631e+12	4.01208e+11	0	-2688.75	9298.5	0	-3.53642e+22	-1.02615e+22	0	8.681e+25	2.86112e+12	2.85134e+11	0	-675.122	6766.62	0	-1.39065e+21	-1.37926e+20	0	1.024e+26	4.48967e+12	2.27963e+11	0	-276.418	5423.02	0	-6.73327e+20	-3.40169e+19	0	7.342e+22	-7.21721e+10	1.3125e+11	0	-26874	-13888.2	0	1.00785e+20	-5.43296e+20	0	
10	1.9891e+30	2.13551e+08	5.83648e+07	0	9.36353	3.66665	0	2.93359e+23	3.55077e+23	0	3.285e+23	-3.06174e+10	-5.02245e+10	0	40524.8	-24507	0	6.55412e+21	1.06854e+22	0	4.867e+24	-3.154e+10	1.0226e+11	0	-33600.3	-10611.2	0	1.67347e+22	-5.38716e+22	0	5.972e+24	-1.17429e+11	9.2592e+10	0	-18404.3	-23410.8	0	2.80128e+22	-2.18461e+22	0	6.39e+23	-2.58188e+09	-2.26684e+11	0	24202.8	-363.058	0	2.04368e+19	1.64968e+21	0	1.898e+27	5.75149e+11	5.24166e+11	0	-8793.11	9661.95	0	-3.07547e+23	-2.80474e+23	0	5.683e+26	1.37081e+12	4.19769e+11	0	-2812.95	9261.55	0	-3.52177e+22	-1.07367e+22	0	8.681e+25	2.85974e+12	2.98664e+11	0	-707.153	6763.37	0	-1.38996e+21	-1.44482e+20	0	1.024e+26	4.48911e+12	2.38809e+11	0	-289.568	5422.34	0	-6.73239e+20	-3.56371e+19	0	7.342e+22	-1.17052e+11	9.26557e+10	0	-18550.8	-22401.8	0	1.45918e+20	-3.03647e+20	0	
10	1.9891e+30	2.32562e+08	6.60483e+07	0	9.64356	4.01358	0	2.656e+23	3.3627e+23	0	3.285e+23	5.15383e+10	-2.78239e+10	0	22710.4	42100.7	0	-1.12343e+22	6.10949e+21	0	4.867e+24	-8.73193e+10	6.11338e+10	0	-20125.6	-29035	0	4.65055e+22	-3.24417e+22	0	5.972e+24	-1.44082e+11	3.97928e+10	0	-7903.96	-28714.6	0	3.42752e+22	-9.52285e+21	0	6.39e+23	4.55212e+10	-2.22263e+11	0	23718	4764.93	0	-3.288e+20	1.6147e+21	0	1.898e+27	5.57242e+11	5.43191e+11	0	-9112.16	9361.01	0	-2.97954e+23	-2.90646e+23	0	5.683e+26	1.36506e+12	4.38253e+11	0	-2936.63	9222.93	0	-3.50648e+22	-1.121e+22	0	8.681e+25	2.85829e+12	3.12187e+11	0	-739.168	6759.96	0	-1.38924e+21	-1.51036e+20	0	1.024e+26	4.48852e+12	2.49653e+11	0	-302.717	5421.63	0	-6.73148e+20	-3.72573e+19	0	7.342e+22	-1.43791e+11	3.95521e+10	0	-7238.64	-27918.5	0	2.63443e+20	1.5293e+19	0	
10	1.9891e+30	2.52108e+08	7.44078e+07	0	9.89722	4.34239	0	2.38724e+23	3.14735e+23	0	3.285e+23	2.47395e+10	5.32916e+10	0	-43172	20214.8	0	-5.31381e+21	-1.15434e+22	0	4.867e+24	-1.06246e+11	-5.66415e+09	0	1901.83	-35312.8	0	5.67195e+22	3.05278e+21	0	5.972e+24	-1.48179e+11	-1.92159e+10	0	3836.34	-29524.7	0	3.51002e+22	4.35452e+21	0	6.39e+23	9.15742e+10	-2.07773e+11	0	22161.3	9668.55	0	-6.61973e+20	1.50696e+21	0	1.898e+27	5.38707e+11	5.61603e+11	0	-9420.93	9049.53	0	-2.88025e+23	-3.00491e+23	0	5.683e+26	1.35906e+12	4.56659e+11	0	-3059.75	9182.65	0	-3.49056e+22	-1.16812e+22	0	8.681e+25	2.85678e+12	3.25704e+11	0	-771.165	6756.41	0	-1.38849e+21	-1.57587e+20	0	1.024e+26	4.4879e+12	2.60495e+11	0	-315.863	5420.89	0	-6.73053e+20	-3.88774e+19	0	7.342e+22	-1.48166e+11	-1.95929e+10	0	4867.61	-29504.8	0	4.24372e+20	2.62691e+20	0	
10	1.9891e+30	2.72136e+08	8.33958e+07	0	10.1297	4.63804	0	2.30319e+23	2.70546e+23	0	3.285e+23	-5.43977e+10	2.26549e+10	0	-18136.2	-43590.3	0	1.15218e+22	-4.75911e+21	0	4.867e+24	-8.02551e+10	-7.00442e+10	0	23121.2	-26711	0	4.27336e+22	3.72105e+22	0	5.972e+24	-1.29079e+11	-7.52119e+10	0	14985.7	-25719.7	0	3.04286e+22	1.76622e+22	0	6.39e+23	1.33499e+11	-1.83885e+11	0	19606.4	14127.6	0	-9.64278e+20	1.33178e+21	0	1.898e+27	5.19565e+11	5.79382e+11	0	-9719.06	8727.85	0	-2.77772e+23	-3.09996e+23	0	5.683e+26	1.35282e+12	4.74983e+11	0	-3182.31	9140.71	0	-3.47401e+22	-1.21503e+22	0	8.681e+25	2.85521e+12	3.39213e+11	0	-803.146	6752.7	0	-1.38771e+21	-1.64136e+20	0	1.024e+26	4.48725e+12	2.71336e+11	0	-329.008	5420.11	0	-6.72954e+20	-4.04975e+19	0	7.342e+22	-1.29356e+11	-7.54573e+10	0	15687.3	-26513.5	0	5.34218e+20	3.59698e+20	0	
10	1.9891e+30	2.92636e+08	9.29292e+07	0	10.3767	4.88928	0	2.68133e+23	2.35237e+23	0	3.285e+23	-2.06523e+10	-5.49703e+10	0	44431.7	-16559.7	0	4.46917e+21	1.17435e+22	0	4.867e+24	-2.03956e+10	-1.0497e+11	0	34539.6	-6970.22	0	1.08906e+22	5.52871e+22	0	5.972e+24	-8.9764e+10	-1.19441e+11	0	23800.8	-17898.9	0	2.10986e+22	2.83042e+22	0	6.39e+23	1.69411e+11	-1.51691e+11	0	16171.1	17943.2	0	-1.22246e+21	1.09737e+21	0	1.898e+27	4.99838e+11	5.96508e+11	0	-10006.2	8396.34	0	-2.67205e+23	-3.19151e+23	0	5.683e+26	1.34633e+12	4.93221e+11	0	-3304.26	9097.13	0	-3.45683e+22	-1.26171e+22	0	8.681e+25	2.85357e+12	3.52714e+11	0	-835.108	6748.85	0	-1.3869e+21	-1.70682e+20	0	1.024e+26	4.48658e+12	2.82176e+11	0	-342.15	5419.31	0	-6.72851e+20	-4.21176e+19	0	7.342e+22	-9.01366e+10	-1.19378e+11	0	23657.2	-18920	0	4.63984e+20	3.11733e+20	0	
10	1.9891e+30	3.13678e+08	1.02945e+08	0	10.6749	5.12927	0	3.22548e+23	2.51671e+23	0	3.285e+23	5.59373e+10	-1.75752e+10	0	14407.5	45640.6	0	-1.21997e+22	3.87953e+21	0	4.867e+24	4.81374e+10	-9.60834e+10	0	31523.2	15498.3	0	-2.4925e+22	5.01406e+22	0	5.972e+24	-3.63734e+10	-1.44984e+11	0	28897.1	-7283.55	0	8.57228e+21	3.44861e+22	0	6.39e+23	1.977e+11	-1.12654e+11	0	12011.7	20946.1	0	-1.42533e+21	8.1442e+20	0	1.898e+27	4.79548e+11	6.12961e+11	0	-10282.1	8055.37	0	-2.56337e+23	-3.27946e+23	0	5.683e+26	1.3396e+12	5.1137e+11	0	-3425.61	9051.91	0	-3.43902e+22	-1.30815e+22	0	8.681e+25	2.85187e+12	3.66208e+11	0	-867.05	6744.84	0	-1.38606e+21	-1.77226e+20	0	1.024e+26	4.48588e+12	2.93014e+11	0	-355.291	5418.47	0	-6.72745e+20	-4.37376e+19	0	7.342e+22	-3.65822e+10	-1.44661e+11	0	28045	-7838.97	0	2.15747e+20	2.56544e+20	0	
10	1.9891e+30	3.35362e+08	1.13473e+08	0	11.0124	5.40714	0	3.4144e+23	3.01899e+23	0	3.285e+23	1.44268e+10	5.70501e+10	0	-46131.5	11766.1	0	-3.04725e+21	-1.23041e+22	0	4.867e+24	9.69357e+10	-4.74129e+10	0	15546.8	31409.6	0	-5.0017e+22	2.4613e+22	0	5.972e+24	2.27524e+10	-1.47837e+11	0	29472.1	4471.57	0	-5.25143e+21	3.51986e+22	0	6.39e+23	2.17099e+11	-6.85373e+10	0	7315.69	23003.8	0	-1.56418e+21	4.95586e+20	0	1.898e+27	4.58717e+11	6.28723e+11	0	-10546.3	7705.33	0	-2.4518e+23	-3.36371e+23	0	5.683e+26	1.33263e+12	5.29427e+11	0	-3546.31	9005.06	0	-3.42059e+22	-1.35435e+22	0	8.681e+25	2.8501e+12	3.79694e+11	0	-898.974	6740.68	0	-1.38518e+21	-1.83766e+20	0	1.024e+26	4.48516e+12	3.0385e+11	0	-368.429	5417.6	0	-6.72635e+20	-4.53575e+19	0	7.342e+22	2.28504e+10	-1.47465e+11	0	28484.4	4722.95	0	-1.16477e+20	2.41001e+20	0	
10	1.9891e+30	3.57729e+08	1.24605e+08	0	11.352	5.73187	0	3.32618e+23	3.41153e+23	0	3.285e+23	-5.75567e+10	1.22472e+10	0	-9734.35	-46179.3	0	1.21915e+22	-2.55388e+21	0	4.867e+24	1.06054e+11	2.08023e+10	0	-6746.51	34371	0	-5.4666e+22	-1.06899e+22	0	5.972e+24	7.83726e+10	-1.27547e+11	0	25432.5	15532.9	0	-1.82906e+22	3.03146e+22	0	6.39e+23	2.26744e+11	-2.13301e+10	0	2293.37	24025.6	0	-1.63308e+21	1.54973e+20	0	1.898e+27	4.3737e+11	6.43776e+11	0	-10798.7	7346.61	0	-2.33746e+23	-3.44416e+23	0	5.683e+26	1.32542e+12	5.47389e+11	0	-3666.36	8956.59	0	-3.40155e+22	-1.40029e+22	0	8.681e+25	2.84827e+12	3.93171e+11	0	-930.876	6736.37	0	-1.38428e+21	-1.90303e+20	0	1.024e+26	4.48441e+12	3.14684e+11	0	-381.566	5416.7	0	-6.7252e+20	-4.69773e+19	0	7.342e+22	7.87115e+10	-1.27364e+11	0	24965.5	16427.2	0	-4.01128e+20	2.77045e+20	0	
10	1.9891e+30	3.80764e+08	1.36423e+08	0	11.6818	6.09138	0	3.23551e+23	3.7539e+23	0	3.285e+23	-9.94798e+09	-5.7787e+10	0	46800.9	-8004.15	0	2.21347e+21	1.24013e+22	0	4.867e+24	7.17954e+10	8.0523e+10	0	-26300.4	23207.1	0	-3.7116e+22	-4.17732e+22	0	5.972e+24	1.2179e+11	-8.72815e+10	0	17411.3	24172.6	0	-2.8549e+22	2.06284e+22	0	6.39e+23	2.26203e+11	2.68435e+10	0	-2830.89	23966.6	0	-1.6291e+21	-1.92457e+20	0	1.898e+27	4.15531e+11	6.58104e+11	0	-11038.9	6979.61	0	-2.22049e+23	-3.52073e+23	0	5.683e+26	1.31796e+12	5.65253e+11	0	-3785.73	8906.5	0	-3.38189e+22	-1.44596e+22	0	8.681e+25	2.84638e+12	4.06639e+11	0	-962.758	6731.91	0	-1.38335e+21	-1.96837e+20	0	1.024e+26	4.48363e+12	3.25516e+11	0	-394.7	5415.76	0	-6.72403e+20	-4.8597e+19	0	7.342e+22	1.22142e+11	-8.74104e+10	0	17789.7	25145.5	0	-5.46658e+20	3.24296e+20	0	
10	1.9891e+30	4.04447e+08	1.48998e+08	0	11.9976	6.4915	0	2.99041e+23	4.21564e+23	0	3.285e+23	5.8351e+10	-6.68354e+09	0	5578.01	47548.4	0	-1.27209e+22	1.50213e+21	0	4.867e+24	8.12112e+09	1.07081e+11	0	-35092.6	2366.74	0	-4.04878e+21	-5.6065e+22	0	5.972e+24	1.46211e+11	-3.33365e+10	0	6668.11	29038.6	0	-3.44543e+22	7.73648e+21	0	6.39e+23	2.15504e+11	7.38165e+10	0	-7828.42	22829.5	0	-1.55239e+21	-5.31455e+20	0	1.898e+27	3.93223e+11	6.71689e+11	0	-11266.6	6604.76	0	-2.10102e+23	-3.59333e+23	0	5.683e+26	1.31027e+12	5.83014e+11	0	-3904.39	8854.81	0	-3.36161e+22	-1.49137e+22	0	8.681e+25	2.84442e+12	4.20098e+11	0	-994.618	6727.3	0	-1.38239e+21	-2.03368e+20	0	1.024e+26	4.48283e+12	3.36347e+11	0	-407.831	5414.8	0	-6.72281e+20	-5.02166e+19	0	7.342e+22	1.46337e+11	-3.36906e+10	0	7644.01	29390.7	0	-4.92491e+20	2.93255e+20	0	
10	1.9891e+30	4.28726e+08	1.62418e+08	0	12.2704	6.93272	0	2.39504e+23	4.48549e+23	0	3.285e+23	3.62497e+09	5.8807e+10	0	-47452.7	2935.17	0	-6.90036e+20	-1.26236e+22	0	4.867e+24	-5.87145e+10	8.91881e+10	0	-29304.9	-19641	0	3.12953e+22	-4.7112e+22	0	5.972e+24	1.47814e+11	2.58475e+10	0	-5111.28	29363.6	0	-3.49967e+22	-6.26047e+21	0	6.39e+23	1.95123e+11	1.17475e+11	0	-12475.9	20664.1	0	-1.40621e+21	-8.47103e+20	0	1.898e+27	3.70473e+11	6.84518e+11	0	-11481.6	6222.47	0	-1.97917e+23	-3.66187e+23	0	5.683e+26	1.30235e+12	6.00671e+11	0	-4022.33	8801.53	0	-3.34074e+22	-1.53649e+22	0	8.681e+25	2.8424e+12	4.33548e+11	0	-1026.45	6722.54	0	-1.3814e+21	-2.09894e+20	0	1.024e+26	4.482e+12	3.47176e+11	0	-420.961	5413.8	0	-6.72156e+20	-5.1836e+19	0	7.342e+22	1.47631e+11	2.55206e+10	0	-4205.89	28846.8	0	-3.28616e+20	1.08072e+20	0	
10	1.9891e+30	4.53486e+08	1.7673e+08	0	12.4813	7.37642	0	1.85825e+23	4.27473e+23	0	3.285e+23	-5.87126e+10	1.43258e+09	0	-1003.99	-47175.9	0	1.24491e+22	-2.66146e+20	0	4.867e+24	-1.00721e+11	3.39916e+10	0	-11146.4	-33545.5	0	5.38487e+22	-1.80004e+22	0	5.972e+24	1.2635e+11	8.10105e+10	0	-16082.4	25091.1	0	-3.00094e+22	-1.91685e+22	0	6.39e+23	1.65972e+11	1.5585e+11	0	-16564.8	17565.8	0	-1.19678e+21	-1.1254e+21	0	1.898e+27	3.47306e+11	6.96575e+11	0	-11683.6	5833.17	0	-1.8551e+23	-3.72629e+23	0	5.683e+26	1.29418e+12	6.18219e+11	0	-4139.52	8746.67	0	-3.31926e+22	-1.58132e+22	0	8.681e+25	2.84031e+12	4.46988e+11	0	-1058.27	6717.63	0	-1.38038e+21	-2.16417e+20	0	1.024e+26	4.48115e+12	3.58002e+11	0	-434.087	5412.77	0	-6.72027e+20	-5.34553e+19	0	7.342e+22	1.25981e+11	8.09466e+10	0	-15880.2	24064.3	0	-1.62147e+20	-2.01124e+20	0	
10	1.9891e+30	4.78629e+08	1.91901e+08	0	12.6596	7.7883	0	1.75771e+23	3.945e+23	0	3.285e+23	1.12633e+09	-5.8564e+10	0	47537.5	865.645	0	-1.37162e+20	1.26298e+22	0	4.867e+24	-1.00075e+11	-3.54441e+10	0	11766.1	-33339.3	0	5.35113e+22	1.89608e+22	0	5.972e+24	8.51824e+10	1.23525e+11	0	-24532.2	16887.2	0	-2.02041e+22	-2.90669e+22	0	6.39e+23	1.29359e+11	1.87206e+11	0	-19910.7	13671.4	0	-9.33105e+20	-1.35384e+21	0	1.898e+27	3.23747e+11	7.07846e+11	0	-11872.4	5437.31	0	-1.72893e+23	-3.7865e+23	0	5.683e+26	1.28579e+12	6.35656e+11	0	-4255.95	8690.23	0	-3.29718e+22	-1.62585e+22	0	8.681e+25	2.83817e+12	4.60419e+11	0	-1090.06	6712.57	0	-1.37932e+21	-2.22935e+20	0	1.024e+26	4.48027e+12	3.68827e+11	0	-447.212	5411.71	0	-6.71894e+20	-5.50744e+19	0	7.342e+22	8.48824e+10	1.23766e+11	0	-25153.4	16089.9	0	-9.13406e+19	-4.83191e+20	0	
10	1.9891e+30	5.04128e+08	2.0787e+08	0	12.8415	8.18057	0	1.85084e+23	3.9114e+23	0	3.285e+23	5.86937e+10	4.46518e+09	0	-3455.72	47751.3	0	-1.27766e+22	-9.32587e+20	0	4.867e+24	-5.70464e+10	-8.98756e+10	0	29668.8	-19114.6	0	3.04439e+22	4.76469e+22	0	5.972e+24	3.0761e+10	1.46746e+11	0	-29144.3	6040.43	0	-7.17553e+21	-3.44791e+22	0	6.39e+23	8.69266e+10	2.10118e+11	0	-22361.1	9153.97	0	-6.26647e+20	-1.52197e+21	0	1.898e+27	2.99825e+11	7.1832e+11	0	-12047.9	5035.32	0	-1.60082e+23	-3.84245e+23	0	5.683e+26	1.27716e+12	6.52979e+11	0	-4371.59	8632.24	0	-3.27451e+22	-1.67007e+22	0	8.681e+25	2.83595e+12	4.73839e+11	0	-1121.82	6707.36	0	-1.37824e+21	-2.2945e+20	0	1.024e+26	4.47936e+12	3.79649e+11	0	-460.333	5410.62	0	-6.71757e+20	-5.66933e+19	0	7.342e+22	3.07322e+10	1.47129e+11	0	-30162.3	5968.07	0	-7.25888e+19	-6.21935e+20	0	
10	1.9891e+30	5.29997e+08	2.24628e+08	0	13.0255	8.57903	0	1.78372e+23	4.00152e+23	0	3.285e+23	-7.28208e+09	5.8513e+10	0	-47102.2	-5963.64	0	1.67297e+21	-1.24975e+22	0	4.867e+24	1.01345e+10	-1.06576e+11	0	35063.9	2985.17	0	-5.02885e+21	5.59656e+22	0	5.972e+24	-2.83931e+10	1.4705e+11	0	-29201.4	-5746.83	0	6.97704e+21	-3.45892e+22	0	6.39e+23	4.05875e+10	2.23539e+11	0	-23802.7	4215.43	0	-2.90895e+20	-1.62188e+21	0	1.898e+27	2.75565e+11	7.27984e+11	0	-12209.7	4627.67	0	-1.47089e+23	-3.89406e+23	0	5.683e+26	1.2683e+12	6.70184e+11	0	-4486.42	8572.69	0	-3.25124e+22	-1.71397e+22	0	8.681e+25	2.83368e+12	4.87248e+11	0	-1153.56	6702	0	-1.37713e+21	-2.3596e+20	0	1.024e+26	4.47842e+12	3.90469e+11	0	-473.452	5409.5	0	-6.71617e+20	-5.8312e+19	0	7.342e+22	-2.81293e+10	1.47331e+11	0	-29938.1	-5051.71	0	-5.22494e+19	-5.69585e+20	0	
10	1.9891e+30	5.56224e+08	2.42189e+08	0	13.2011	8.98155	0	1.73721e+23	4.00231e+23	0	3.285e+23	-5.7826e+10	-9.41191e+09	0	7759.89	-46548.6	0	1.22873e+22	2.02987e+21	0	4.867e+24	7.33709e+10	-7.89008e+10	0	25912	23662.4	0	-3.78215e+22	4.11151e+22	0	5.972e+24	-8.30229e+10	1.244e+11	0	-24695.8	-16626.7	0	1.99678e+22	-2.93608e+22	0	6.39e+23	-7.56489e+09	2.26846e+11	0	-24166.9	-922.181	0	5.91721e+19	-1.64861e+21	0	1.898e+27	2.50995e+11	7.36827e+11	0	-12357.8	4214.81	0	-1.33931e+23	-3.94128e+23	0	5.683e+26	1.25922e+12	6.87269e+11	0	-4600.42	8511.6	0	-3.22739e+22	-1.75755e+22	0	8.681e+25	2.83134e+12	5.00647e+11	0	-1185.28	6696.49	0	-1.37599e+21	-2.42465e+20	0	1.024e+26	4.47746e+12	4.01287e+11	0	-486.568	5408.34	0	-6.71473e+20	-5.99306e+19	0	7.342e+22	-8.26443e+10	1.24396e+11	0	-24656	-15597.2	0	3.8755e+19	-3.60533e+20	0	
10	1.9891e+30	5.82804e+08	2.60557e+08	0	13.3797	9.38924	0	1.81671e+23	4.15802e+23	0	3.285e+23	1.21841e+10	-5.72627e+10	0	46603.7	9740.65	0	-2.50164e+21	1.24146e+22	0	4.867e+24	1.06626e+11	-1.85887e+10	0	6171.85	34485.5	0	-5.48366e+22	9.7521e+21	0	5.972e+24	-1.24585e+11	8.23418e+10	0	-16329.7	-24897.1	0	2.97228e+22	-1.95704e+22	0	6.39e+23	-5.53474e+10	2.19872e+11	0	-23433.7	-6026.27	0	4.07732e+20	-1.60046e+21	0	1.898e+27	2.26143e+11	7.4484e+11	0	-12492	3797.21	0	-1.20622e+23	-3.98406e+23	0	5.683e+26	1.2499e+12	7.0423e+11	0	-4713.57	8448.99	0	-3.20296e+22	-1.80079e+22	0	8.681e+25	2.82894e+12	5.14034e+11	0	-1216.97	6690.82	0	-1.37482e+21	-2.48966e+20	0	1.024e+26	4.47648e+12	4.12102e+11	0	-499.682	5407.16	0	-6.71326e+20	-6.15488e+19	0	7.342e+22	-1.24354e+11	8.20512e+10	0	-15505.5	-24239.3	0	2.33685e+20	-7.3638e+19	0	
10	1.9891e+30	6.09744e+08	2.79767e+08	0	13.5587	9.82746	0	1.66995e+23	4.57775e+23	0	3.285e+23	5.69536e+10	1.54755e+10	0	-12363.6	46241	0	-1.23641e+22	-3.33229e+21	0	4.867e+24	9.63659e+10	4.94665e+10	0	-16068	31141.3	0	-4.9595e+22	-2.54701e+22	0	5.972e+24	-1.46584e+11	2.74549e+10	0	-5405.33	-29269.4	0	3.47576e+22	-6.62663e+21	0	6.39e+23	-1.00587e+11	2.02918e+11	0	-21632.7	-10864.2	0	7.3883e+20	-1.47913e+21	0	1.898e+27	2.01036e+11	7.52013e+11	0	-12612	3375.34	0	-1.07176e+23	-4.02235e+23	0	5.683e+26	1.24036e+12	7.21064e+11	0	-4825.85	8384.86	0	-3.17796e+22	-1.84368e+22	0	8.681e+25	2.82647e+12	5.2741e+11	0	-1248.63	6685.01	0	-1.37362e+21	-2.55461e+20	0	1.024e+26	4.47547e+12	4.22916e+11	0	-512.792	5405.94	0	-6.71175e+20	-6.31668e+19	0	7.342e+22	-1.46658e+11	2.70852e+10	0	-4391.84	-29465	0	4.68169e+20	1.24135e+20	0	
10	1.9891e+30	6.37013e+08	2.99894e+08	0	13.7007	10.3032	0	1.11245e+23	4.80953e+23	0	3.285e+23	-1.79099e+10	5.61893e+10	0	-45104	-14618.4	0	3.9591e+21	-1.19367e+22	0	4.867e+24	4.67654e+10	9.72909e+10	0	-31770.4	14952.5	0	-2.40599e+22	-5.058e+22	0	5.972e+24	-1.45582e+11	-3.16804e+10	0	6371.73	-29067.6	0	3.4391e+22	7.45815e+21	0	6.39e+23	-1.41218e+11	1.7674e+11	0	-18843	-15214.1	0	1.03712e+21	-1.28975e+21	0	1.898e+27	1.75704e+11	7.58338e+11	0	-12717.8	2949.66	0	-9.36093e+22	-4.05611e+23	0	5.683e+26	1.2306e+12	7.37768e+11	0	-4937.25	8319.22	0	-3.15238e+22	-1.88623e+22	0	8.681e+25	2.82394e+12	5.40774e+11	0	-1280.26	6679.05	0	-1.37239e+21	-2.61952e+20	0	1.024e+26	4.47443e+12	4.33726e+11	0	-525.899	5404.69	0	-6.7102e+20	-6.47846e+19	0	7.342e+22	-1.45909e+11	-3.18658e+10	0	6892.99	-29973.3	0	6.03765e+20	1.95509e+20	0	
10	1.9891e+30	6.64507e+08	3.20979e+08	0	13.7839	10.7788	0	5.90777e+22	4.59417e+23	0	3.285e+23	-5.49249e+10	-1.99096e+10	0	16261.7	-44318.1	0	1.1711e+22	4.25992e+21	0	4.867e+24	-2.18769e+10	1.04982e+11	0	-34393.4	-7572.38	0	1.18652e+22	-5.51052e+22	0	5.972e+24	-1.21732e+11	-8.58185e+10	0	17159.6	-24327.7	0	2.87553e+22	2.04376e+22	0	6.39e+23	-1.75381e+11	1.4252e+11	0	-15189.4	-18875.3	0	1.28863e+21	-1.0407e+21	0	1.898e+27	1.50175e+11	7.63809e+11	0	-12809.2	2520.68	0	-7.99369e+22	-4.08529e+23	0	5.683e+26	1.22061e+12	7.5434e+11	0	-5047.73	8252.1	0	-3.12623e+22	-1.92842e+22	0	8.681e+25	2.82135e+12	5.54126e+11	0	-1311.86	6672.94	0	-1.37113e+21	-2.68437e+20	0	1.024e+26	4.47336e+12	4.44534e+11	0	-539.004	5403.41	0	-6.70861e+20	-6.64021e+19	0	7.342e+22	-1.22091e+11	-8.5687e+10	0	16833.1	-25294.8	0	5.43444e+20	1.79909e+20	0	
10	1.9891e+30	6.92125e+08	3.42987e+08	0	13.8314	11.2232	0	4.01019e+22	4.26106e+23	0	3.285e+23	2.28375e+10	-5.39178e+10	0	44019.2	18306.6	0	-4.79584e+21	1.17563e+22	0	4.867e+24	-8.10683e+10	6.90086e+10	0	-22622.8	-27112.6	0	4.33995e+22	-3.64521e+22	0	5.972e+24	-7.87546e+10	-1.26492e+11	0	25267.1	-15788.3	0	1.87135e+22	3.01767e+22	0	6.39e+23	-2.01508e+11	1.01811e+11	0	-10837.7	-21678.1	0	1.48145e+21	-7.43285e+20	0	1.898e+27	1.24477e+11	7.68419e+11	0	-12886.2	2088.86	0	-6.61741e+22	-4.10988e+23	0	5.683e+26	1.21041e+12	7.70776e+11	0	-5157.28	8183.5	0	-3.09952e+22	-1.97023e+22	0	8.681e+25	2.8187e+12	5.67465e+11	0	-1343.44	6666.68	0	-1.36984e+21	-2.74916e+20	0	1.024e+26	4.47227e+12	4.5534e+11	0	-552.105	5402.1	0	-6.70699e+20	-6.80192e+19	0	7.342e+22	-7.89061e+10	-1.26136e+11	0	24335.6	-16177.9	0	3.09352e+20	1.88885e+20	0	
10	1.9891e+30	7.19826e+08	3.65855e+08	0	13.8682	11.641	0	3.2456e+22	4.06132e+23	0	3.285e+23	5.3197e+10	2.5955e+10	0	-20819.3	43074.6	0	-1.15003e+22	-5.60542e+21	0	4.867e+24	-1.05862e+11	4.18628e+09	0	-1249.64	-35334	0	5.67684e+22	-2.0377e+21	0	5.972e+24	-2.33578e+10	-1.47333e+11	0	29422.8	-4778.37	0	5.78034e+21	3.5122e+22	0	6.39e+23	-2.18397e+11	5.64676e+10	0	-5986.74	-23491.8	0	1.60637e+21	-4.11187e+20	0	1.898e+27	9.86397e+10	7.72163e+11	0	-12948.7	1654.69	0	-5.23363e+22	-4.12982e+23	0	5.683e+26	1.19999e+12	7.87073e+11	0	-5265.88	8113.43	0	-3.07226e+22	-2.01168e+22	0	8.681e+25	2.81598e+12	5.80792e+11	0	-1374.98	6660.28	0	-1.36853e+21	-2.8139e+20	0	1.024e+26	4.47115e+12	4.66143e+11	0	-565.203	5400.75	0	-6.70533e+20	-6.96361e+19	0	7.342e+22	-2.31988e+10	-1.46985e+11	0	28492.9	-4349.03	0	-1.28788e+19	2.50231e+20	0	
10	1.9891e+30	7.47592e+08	3.89537e+08	0	13.8962	12.0368	0	2.56572e+22	3.78314e+23	0	3.285e+23	-2.78862e+10	5.19282e+10	0	-41541.6	-22730.7	0	6.09102e+21	-1.09674e+22	0	4.867e+24	-8.56985e+10	-6.22455e+10	0	20660.9	-28662.4	0	4.59135e+22	3.32629e+22	0	5.972e+24	3.58049e+10	-1.45075e+11	0	28974.2	6986.53	0	-8.10396e+21	3.4488e+22	0	6.39e+23	-2.2527e+11	8.56053e+09	0	-859.357	-24231.8	0	1.65739e+21	-5.98405e+19	0	1.898e+27	7.26921e+10	7.75036e+11	0	-12996.5	1218.67	0	-3.84391e+22	-4.14512e+23	0	5.683e+26	1.18935e+12	8.03228e+11	0	-5373.52	8041.91	0	-3.04444e+22	-2.05274e+22	0	8.681e+25	2.8132e+12	5.94106e+11	0	-1406.5	6653.72	0	-1.36718e+21	-2.87859e+20	0	1.024e+26	4.47001e+12	4.76943e+11	0	-578.297	5399.38	0	-6.70363e+20	-7.12526e+19	0	7.342e+22	3.61678e+10	-1.44957e+11	0	28676.1	7960.97	0	-2.9409e+20	3.60976e+20	0	
10	1.9891e+30	7.75415e+08	4.13979e+08	0	13.9308	12.4001	0	4.98087e+22	3.4721e+23	0	3.285e+23	-5.01058e+10	-2.9697e+10	0	24214.5	-40556.9	0	1.07374e+22	6.35201e+21	0	4.867e+24	-2.91536e+10	-1.0235e+11	0	33802.3	-10004	0	1.57739e+22	5.41478e+22	0	5.972e+24	8.94856e+10	-1.20061e+11	0	23992.4	17669.3	0	-2.08182e+22	2.84117e+22	0	6.39e+23	-2.21807e+11	-3.97195e+10	0	4308.38	-23863.3	0	1.63206e+21	2.94335e+20	0	1.898e+27	4.66635e+10	7.77037e+11	0	-13029.6	781.279	0	-2.44982e+22	-4.15574e+23	0	5.683e+26	1.17849e+12	8.19239e+11	0	-5480.16	7968.95	0	-3.01608e+22	-2.09341e+22	0	8.681e+25	2.81035e+12	6.07407e+11	0	-1437.98	6647.01	0	-1.3658e+21	-2.94321e+20	0	1.024e+26	4.46884e+12	4.8774e+11	0	-591.389	5397.97	0	-6.7019e+20	-7.28688e+19	0	7.342e+22	8.98023e+10	-1.20255e+11	0	24559.1	18560.3	0	-4.38814e+20	4.59678e+20	0	
10	1.9891e+30	8.03343e+08	4.39127e+08	0	14.0054	12.7489	0	9.90498e+22	3.56015e+23	0	3.285e+23	3.27091e+10	-4.86372e+10	0	39863	26255.2	0	-6.93532e+21	1.06715e+22	0	4.867e+24	3.99323e+10	-9.95534e+10	0	32787.1	12662.4	0	-2.04176e+22	5.2188e+22	0	5.972e+24	1.29288e+11	-7.61982e+10	0	15261.1	25597.9	0	-3.03962e+22	1.79394e+22	0	6.39e+23	-2.08167e+11	-8.61639e+10	0	9278.41	-22403.6	0	1.53157e+21	6.34771e+20	0	1.898e+27	2.05833e+10	7.78161e+11	0	-13048.1	343.018	0	-1.05292e+22	-4.16168e+23	0	5.683e+26	1.16743e+12	8.35103e+11	0	-5585.8	7894.57	0	-2.98717e+22	-2.13368e+22	0	8.681e+25	2.80744e+12	6.20694e+11	0	-1469.43	6640.16	0	-1.36439e+21	-3.00777e+20	0	1.024e+26	4.46764e+12	4.98535e+11	0	-604.477	5396.53	0	-6.70013e+20	-7.44846e+19	0	7.342e+22	1.29332e+11	-7.65692e+10	0	16295.6	25741.7	0	-3.97058e+20	4.31337e+20	0	
10	1.9891e+30	8.31464e+08	4.64999e+08	0	14.1201	13.1325	0	1.20207e+23	4.11216e+23	0	3.285e+23	4.75626e+10	3.55306e+10	0	-28514.4	38371.9	0	-1.02202e+22	-7.66624e+21	0	4.867e+24	9.28627e+10	-5.53544e+10	0	18265.2	29929.8	0	-4.76808e+22	2.89253e+22	0	5.972e+24	1.48984e+11	-2.03438e+10	0	4149.46	29524	0	-3.52126e+22	4.77731e+21	0	6.39e+23	-1.84977e+11	-1.2865e+11	0	13822.1	-19920.6	0	1.36075e+21	9.45596e+20	0	1.898e+27	-5.51911e+09	7.78408e+11	0	-13051.8	-95.6222	0	3.4523e+21	-4.16293e+23	0	5.683e+26	1.15615e+12	8.50817e+11	0	-5690.41	7818.77	0	-2.95773e+22	-2.17354e+22	0	8.681e+25	2.80447e+12	6.33968e+11	0	-1500.85	6633.15	0	-1.36296e+21	-3.07227e+20	0	1.024e+26	4.46642e+12	5.09326e+11	0	-617.561	5395.06	0	-6.69833e+20	-7.61001e+19	0	7.342e+22	1.48731e+11	-2.06267e+10	0	4919.58	28842	0	-2.96725e+20	2.13467e+20	0	
10	1.9891e+30	8.5982e+08	4.91697e+08	0	14.2307	13.5737	0	9.48011e+22	4.61905e+23	0	3.285e+23	-3.68639e+10	4.58868e+10	0	-36548.5	-30024.6	0	7.99893e+21	-9.6286e+21	0	4.867e+24	1.07972e+11	1.18124e+10	0	-3684.8	34838.5	0	-5.53846e+22	-5.84843e+21	0	5.972e+24	1.45491e+11	3.87659e+10	0	-7605.06	28827.2	0	-3.44444e+22	-9.05642e+21	0	6.39e+23	-1.53301e+11	-1.6524e+11	0	17731.4	-16530.2	0	1.12776e+21	1.21242e+21	0	1.898e+27	-3.16142e+10	7.77778e+11	0	-13040.8	-534.146	0	1.74305e+22	-4.15948e+23	0	5.683e+26	1.14467e+12	8.66377e+11	0	-5793.97	7741.59	0	-2.92776e+22	-2.21299e+22	0	8.681e+25	2.80144e+12	6.47227e+11	0	-1532.23	6626	0	-1.36149e+21	-3.1367e+20	0	1.024e+26	4.46517e+12	5.20115e+11	0	-630.642	5393.56	0	-6.69648e+20	-7.77151e+19	0	7.342e+22	1.45111e+11	3.87706e+10	0	-7599.6	27795.7	0	-2.20557e+20	-1.14801e+20	0	
10	1.9891e+30	8.88364e+08	5.19319e+08	0	14.3075	14.0528	0	5.83886e+22	4.88604e+23	0	3.285e+23	-4.35289e+10	-3.84329e+10	0	31347.4	-35387.2	0	9.39551e+21	8.23691e+21	0	4.867e+24	7.91315e+10	7.43304e+10	0	-24135.8	25441.3	0	-4.06224e+22	-3.83154e+22	0	5.972e+24	1.19361e+11	9.18865e+10	0	-18166.6	23614.7	0	-2.81788e+22	-2.14816e+22	0	6.39e+23	-1.14593e+11	-1.9427e+11	0	20828.2	-12389.8	0	8.43673e+20	1.42307e+21	0	1.898e+27	-5.76726e+10	7.76272e+11	0	-13015.1	-972.06	0	3.13897e+22	-4.15135e+23	0	5.683e+26	1.13297e+12	8.81782e+11	0	-5896.47	7663.02	0	-2.89727e+22	-2.25202e+22	0	8.681e+25	2.79834e+12	6.60472e+11	0	-1563.58	6618.7	0	-1.36e+21	-3.20107e+20	0	1.024e+26	4.4639e+12	5.309e+11	0	-643.719	5392.02	0	-6.6946e+20	-7.93298e+19	0	7.342e+22	1.19104e+11	9.21752e+10	0	-18913.6	22942.6	0	-2.142e+20	-4.12797e+20	0	
10	1.9891e+30	9.17026e+08	5.47923e+08	0	14.3481	14.5559	0	2.03644e+22	5.13022e+23	0	3.285e+23	4.14487e+10	-4.15999e+10	0	34273.9	33296.2	0	-8.83897e+21	9.19449e+21	0	4.867e+24	1.80874e+10	1.06427e+11	0	-34726	5475.9	0	-8.99296e+21	-5.54315e+22	0	5.972e+24	7.46903e+10	1.30713e+11	0	-25886.2	14706.7	0	-1.74461e+22	-3.06095e+22	0	6.39e+23	-7.06238e+10	-2.14425e+11	0	22973.1	-7690.65	0	5.21862e+20	1.5681e+21	0	1.898e+27	-8.36648e+10	7.73891e+11	0	-12974.7	-1408.87	0	4.53141e+22	-4.13854e+23	0	5.683e+26	1.12108e+12	8.97028e+11	0	-5997.89	7583.08	0	-2.86626e+22	-2.29062e+22	0	8.681e+25	2.79519e+12	6.73702e+11	0	-1594.9	6611.25	0	-1.35847e+21	-3.26536e+20	0	1.024e+26	4.4626e+12	5.41683e+11	0	-656.793	5390.46	0	-6.69269e+20	-8.0944e+19	0	7.342e+22	7.47258e+10	1.31093e+11	0	-26905.2	14820	0	-2.32012e+20	-5.76716e+20	0	
10	1.9891e+30	9.45724e+08	5.77559e+08	0	14.3393	15.0822	0	-4.31572e+22	5.28875e+23	0	3.285e+23	4.02598e+10	4.3866e+10	0	-35173.3	32311.5	0	-8.57562e+21	-9.43933e+21	0	4.867e+24	-5.00396e+10	9.45655e+10	0	-30922	-16938.7	0	2.69429e+22	-4.96734e+22	0	5.972e+24	1.8477e+10	1.49179e+11	0	-29558.8	3503.08	0	-3.98682e+21	-3.50445e+22	0	6.39e+23	-2.33997e+10	-2.24802e+11	0	24071.1	-2648.87	0	1.77315e+20	1.64127e+21	0	1.898e+27	-1.09562e+11	7.70637e+11	0	-12919.6	-1844.09	0	5.9188e+22	-4.12106e+23	0	5.683e+26	1.10898e+12	9.12114e+11	0	-6098.21	7501.8	0	-2.83473e+22	-2.32879e+22	0	8.681e+25	2.79196e+12	6.86917e+11	0	-1626.18	6603.65	0	-1.35692e+21	-3.32959e+20	0	1.024e+26	4.46127e+12	5.52462e+11	0	-669.863	5388.86	0	-6.69074e+20	-8.25578e+19	0	7.342e+22	1.87846e+10	1.49402e+11	0	-30159.2	4336.14	0	-2.15332e+20	-5.49582e+20	0	
10	1.9891e+30	9.74334e+08	6.08249e+08	0	14.2583	15.6027	0	-1.14314e+23	4.9749e+23	0	3.285e+23	-4.45325e+10	3.82846e+10	0	-30304.7	-36256.3	0	9.62249e+21	-7.96925e+21	0	4.867e+24	-9.678e+10	4.33659e+10	0	-14090.7	-32401.6	0	5.19971e+22	-2.27462e+22	0	5.972e+24	-4.04772e+10	1.44404e+11	0	-28609.4	-8237.93	0	1.00066e+22	-3.40569e+22	0	6.39e+23	2.49305e+10	-2.24945e+11	0	24075.7	2505.24	0	-1.74116e+20	1.6397e+21	0	1.898e+27	-1.35334e+11	7.66516e+11	0	-12850	-2277.21	0	7.29959e+22	-4.09893e+23	0	5.683e+26	1.09669e+12	9.27035e+11	0	-6197.41	7419.17	0	-2.8027e+22	-2.36651e+22	0	8.681e+25	2.78868e+12	7.00116e+11	0	-1657.42	6595.91	0	-1.35534e+21	-3.39375e+20	0	1.024e+26	4.45992e+12	5.63238e+11	0	-682.929	5387.23	0	-6.68875e+20	-8.41712e+19	0	7.342e+22	-4.01101e+10	1.44326e+11	0	-28368.2	-7228.25	0	-8.307e+19	-3.75817e+20	0	
10	1.9891e+30	1.00272e+09	6.39934e+08	0	14.1248	16.0714	0	-1.41707e+23	4.34075e+23	0	3.285e+23	-3.54153e+10	-4.58069e+10	0	37412.5	-28977.4	0	7.72577e+21	9.85017e+21	0	4.867e+24	-1.0233e+11	-2.58287e+10	0	8745.97	-34250.7	0	5.50091e+22	1.40878e+22	0	5.972e+24	-9.29479e+10	1.17146e+11	0	-23184	-18678.6	0	2.23104e+22	-2.77413e+22	0	6.39e+23	7.21754e+10	-2.14862e+11	0	22990.5	7537.79	0	-5.16474e+20	1.56397e+21	0	1.898e+27	-1.60952e+11	7.6153e+11	0	-12765.8	-2707.76	0	8.67223e+22	-4.07218e+23	0	5.683e+26	1.08419e+12	9.41789e+11	0	-6295.47	7335.23	0	-2.77017e+22	-2.40379e+22	0	8.681e+25	2.78533e+12	7.133e+11	0	-1688.63	6588.02	0	-1.35372e+21	-3.45784e+20	0	1.024e+26	4.45854e+12	5.74011e+11	0	-695.991	5385.57	0	-6.68672e+20	-8.57841e+19	0	7.342e+22	-9.27836e+10	1.16815e+11	0	-22238.9	-18198.5	0	1.79633e+20	-1.48371e+20	0	
10	1.9891e+30	1.03083e+09	6.72496e+08	0	13.9885	16.4835	0	-1.25835e+23	3.92358e+23	0	3.285e+23	4.87419e+10	-3.30451e+10	0	27445.2	39169	0	-1.04328e+22	7.3755e+21	0	4.867e+24	-6.43139e+10	-8.38748e+10	0	27859.9	-21679.5	0	3.46063e+22	4.47709e+22	0	5.972e+24	-1.30731e+11	7.16744e+10	0	-14127.2	-26191.3	0	3.10708e+22	-1.69729e+22	0	6.39e+23	1.162e+11	-1.95025e+11	0	20868.1	12221.9	0	-8.34424e+20	1.41799e+21	0	1.898e+27	-1.86387e+11	7.55687e+11	0	-12667.2	-3135.26	0	1.00352e+23	-4.04084e+23	0	5.683e+26	1.07151e+12	9.56375e+11	0	-6392.38	7249.99	0	-2.73715e+22	-2.4406e+22	0	8.681e+25	2.78193e+12	7.26468e+11	0	-1719.8	6579.98	0	-1.35208e+21	-3.52185e+20	0	1.024e+26	4.45714e+12	5.84781e+11	0	-709.048	5383.88	0	-6.68466e+20	-8.73965e+19	0	7.342e+22	-1.30885e+11	7.1327e+10	0	-13181.4	-26585.9	0	4.65688e+20	-1.97225e+19	0	
10	1.9891e+30	1.05869e+09	7.05853e+08	0	13.8702	16.8718	0	-1.12681e+23	3.82563e+23	0	3.285e+23	3.15537e+10	5.06733e+10	0	-40560.9	25119.4	0	-6.63151e+21	-1.08619e+22	0	4.867e+24	1.14572e+09	-1.06472e+11	0	35208.1	-128.928	0	-4.21429e+19	5.62472e+22	0	5.972e+24	-1.47923e+11	1.51044e+10	0	-2856.27	-29610.1	0	3.50332e+22	-3.46803e+21	0	6.39e+23	1.55021e+11	-1.66346e+11	0	17807.3	16347.9	0	-1.11392e+21	1.20872e+21	0	1.898e+27	-2.11611e+11	7.48992e+11	0	-12554.4	-3559.2	0	1.13869e+23	-4.00494e+23	0	5.683e+26	1.05863e+12	9.70788e+11	0	-6488.12	7163.46	0	-2.70364e+22	-2.47696e+22	0	8.681e+25	2.77846e+12	7.3962e+11	0	-1750.93	6571.79	0	-1.35041e+21	-3.58579e+20	0	1.024e+26	4.45571e+12	5.95547e+11	0	-722.102	5382.16	0	-6.68256e+20	-8.90085e+19	0	7.342e+22	-1.48285e+11	1.4983e+10	0	-2525.88	-30582.4	0	6.21655e+20	2.25879e+19	0	
10	1.9891e+30	1.08632e+09	7.39978e+08	0	13.7586	17.2519	0	-1.08241e+23	3.72175e+23	0	3.285e+23	-5.06302e+10	2.93945e+10	0	-23029.9	-41219.4	0	1.09112e+22	-6.04775e+21	0	4.867e+24	6.66147e+10	-8.44792e+10	0	27914.3	21296.1	0	-3.40779e+22	4.43246e+22	0	5.972e+24	-1.41836e+11	-4.37157e+10	0	8864.39	-28405.1	0	3.36199e+22	1.06079e+22	0	6.39e+23	1.86895e+11	-1.30128e+11	0	13948.1	19732.2	0	-1.34275e+21	9.45822e+20	0	1.898e+27	-2.36595e+11	7.41452e+11	0	-12427.3	-3979.13	0	1.27259e+23	-3.96452e+23	0	5.683e+26	1.04556e+12	9.85028e+11	0	-6582.67	7075.65	0	-2.66965e+22	-2.51285e+22	0	8.681e+25	2.77492e+12	7.52755e+11	0	-1782.02	6563.45	0	-1.34871e+21	-3.64965e+20	0	1.024e+26	4.45425e+12	6.06309e+11	0	-735.152	5380.41	0	-6.68042e+20	-9.062e+19	0	7.342e+22	-1.42171e+11	-4.35255e+10	0	8375.59	-29293.2	0	5.85638e+20	3.05525e+19	0	
10	1.9891e+30	1.11373e+09	7.74853e+08	0	13.6577	17.6223	0	-9.00382e+22	3.68538e+23	0	3.285e+23	-2.6042e+10	-5.15554e+10	0	42197.2	-21541.2	0	5.78059e+21	1.11352e+22	0	4.867e+24	1.05078e+11	-2.73066e+10	0	9192.31	33820.4	0	-5.37846e+22	1.45321e+22	0	5.972e+24	-1.13416e+11	-9.55864e+10	0	19199.8	-22763.6	0	2.70328e+22	2.29755e+22	0	6.39e+23	2.10396e+11	-8.80117e+10	0	9465.19	22224.9	0	-1.51104e+21	6.41161e+20	0	1.898e+27	-2.61311e+11	7.33078e+11	0	-12286.2	-4394.56	0	1.40506e+23	-3.91963e+23	0	5.683e+26	1.0323e+12	9.9909e+11	0	-6676.02	6986.59	0	-2.63519e+22	-2.54826e+22	0	8.681e+25	2.77133e+12	7.65874e+11	0	-1813.07	6554.97	0	-1.34698e+21	-3.71343e+20	0	1.024e+26	4.45276e+12	6.17068e+11	0	-748.198	5378.62	0	-6.67825e+20	-9.22309e+19	0	7.342e+22	-1.13508e+11	-9.52129e+10	0	18211.3	-22985.2	0	3.81419e+20	8.77702e+19	0	
10	1.9891e+30	1.14096e+09	8.10475e+08	0	13.5761	18.0044	0	-7.70295e+22	3.96868e+23	0	3.285e+23	5.43262e+10	-2.32708e+10	0	19618.4	43654.4	0	-1.16541e+22	5.27911e+21	0	4.867e+24	1.00864e+11	4.14061e+10	0	-13254.7	32441.6	0	-5.16223e+22	-2.10096e+22	0	5.972e+24	-6.70975e+10	-1.32393e+11	0	26532.2	-13561.8	0	1.62566e+22	3.1669e+22	0	6.39e+23	2.24473e+11	-4.18968e+10	0	4560.05	23716.1	0	-1.6116e+21	3.08302e+20	0	1.898e+27	-2.85731e+11	7.23877e+11	0	-12131.2	-4805.03	0	1.53595e+23	-3.87032e+23	0	5.683e+26	1.01885e+12	1.01297e+12	0	-6768.15	6896.3	0	-2.60026e+22	-2.58319e+22	0	8.681e+25	2.76767e+12	7.78975e+11	0	-1844.08	6546.34	0	-1.34522e+21	-3.77713e+20	0	1.024e+26	4.45125e+12	6.27824e+11	0	-761.239	5376.8	0	-6.67604e+20	-9.38413e+19	0	7.342e+22	-6.68807e+10	-1.32085e+11	0	25687.2	-12954.9	0	8.08738e+19	2.20937e+20	0	
10	1.9891e+30	1.16803e+09	8.46897e+08	0	13.4874	18.4233	0	-1.07046e+23	4.32727e+23	0	3.285e+23	2.17595e+10	5.57183e+10	0	-44490.7	17060.1	0	-4.46259e+21	-1.18858e+22	0	4.867e+24	5.56959e+10	9.34297e+10	0	-30311.1	17706.5	0	-2.84051e+22	-4.82197e+22	0	5.972e+24	-1.01099e+10	-1.48374e+11	0	29714.6	-2230.39	0	2.87318e+21	3.53234e+22	0	6.39e+23	2.285e+11	6.14076e+09	0	-547.865	24140.5	0	-1.64016e+21	-3.80638e+19	0	1.898e+27	-3.09827e+11	7.13861e+11	0	-11962.6	-5210.07	0	1.66513e+23	-3.81664e+23	0	5.683e+26	1.00522e+12	1.02667e+12	0	-6859.03	6804.78	0	-2.56487e+22	-2.61763e+22	0	8.681e+25	2.76395e+12	7.92059e+11	0	-1875.06	6537.57	0	-1.34344e+21	-3.84075e+20	0	1.024e+26	4.44972e+12	6.38575e+11	0	-774.276	5374.95	0	-6.67379e+20	-9.54512e+19	0	7.342e+22	-9.73417e+09	-1.48335e+11	0	29615.5	-1205.15	0	-1.72181e+20	4.13367e+20	0	
10	1.9891e+30	1.19488e+09	8.84181e+08	0	13.3537	18.8604	0	-1.57723e+23	4.2907e+23	0	3.285e+23	-5.49471e+10	1.95289e+10	0	-14975	-44751	0	1.18256e+22	-3.9293e+21	0	4.867e+24	-1.19659e+10	1.07186e+11	0	-34914.1	-4477.46	0	6.91488e+21	-5.58862e+22	0	5.972e+24	4.86431e+10	-1.41019e+11	0	28251.9	9462.57	0	-1.10747e+22	3.34391e+22	0	6.39e+23	2.22298e+11	5.39407e+10	0	-5630.52	23479.5	0	-1.59553e+21	-3.82722e+20	0	1.898e+27	-3.33572e+11	7.03041e+11	0	-11780.4	-5609.23	0	1.79243e+23	-3.75865e+23	0	5.683e+26	9.91417e+11	1.04019e+12	0	-6948.67	6712.06	0	-2.52902e+22	-2.65157e+22	0	8.681e+25	2.76017e+12	8.05125e+11	0	-1905.99	6528.65	0	-1.34162e+21	-3.90428e+20	0	1.024e+26	4.44816e+12	6.49324e+11	0	-787.309	5373.07	0	-6.6715e+20	-9.70606e+19	0	7.342e+22	4.8912e+10	-1.41275e+11	0	28985.9	10220.1	0	-2.91768e+20	5.57469e+20	0	
10	1.9891e+30	1.22142e+09	9.22324e+08	0	13.1794	19.277	0	-1.83254e+23	3.98877e+23	0	3.285e+23	-1.57282e+10	-5.54698e+10	0	45528.2	-13327.9	0	3.62216e+21	1.20442e+22	0	4.867e+24	-7.40987e+10	7.66508e+10	0	-24940.8	-24971.5	0	3.99366e+22	-4.01577e+22	0	5.972e+24	9.99753e+10	-1.11469e+11	0	22375.9	19686.8	0	-2.33963e+22	2.64016e+22	0	6.39e+23	2.06145e+11	9.93535e+10	0	-10461	21762.3	0	-1.47962e+21	-7.10533e+20	0	1.898e+27	-3.56939e+11	6.91429e+11	0	-11584.9	-6002.05	0	1.91772e+23	-3.69642e+23	0	5.683e+26	9.77431e+11	1.05352e+12	0	-7037.04	6618.15	0	-2.49273e+22	-2.68502e+22	0	8.681e+25	2.75633e+12	8.18173e+11	0	-1936.88	6519.58	0	-1.33977e+21	-3.96773e+20	0	1.024e+26	4.44657e+12	6.60068e+11	0	-800.337	5371.16	0	-6.66918e+20	-9.86694e+19	0	7.342e+22	9.99414e+10	-1.11843e+11	0	23413.9	19622.6	0	-2.66947e+20	5.33088e+20	0	
10	1.9891e+30	1.24759e+09	9.61271e+08	0	12.9926	19.667	0	-1.87857e+23	3.80177e+23	0	3.285e+23	5.80014e+10	-1.26204e+10	0	11075.4	46583.5	0	-1.24536e+22	2.98244e+21	0	4.867e+24	-1.04569e+11	1.43289e+10	0	-4399.19	-35069.6	0	5.63472e+22	-7.1209e+21	0	5.972e+24	1.35855e+11	-6.43347e+10	0	13006.1	26834.9	0	-3.20268e+22	1.5342e+22	0	6.39e+23	1.80765e+11	1.40335e+11	0	-14823.2	19064.4	0	-1.29737e+21	-1.00703e+21	0	1.898e+27	-3.79903e+11	6.79037e+11	0	-11376.3	-6388.09	0	2.04086e+23	-3.63001e+23	0	5.683e+26	9.63269e+11	1.06666e+12	0	-7124.12	6523.08	0	-2.456e+22	-2.71795e+22	0	8.681e+25	2.75242e+12	8.31203e+11	0	-1967.72	6510.36	0	-1.3379e+21	-4.0311e+20	0	1.024e+26	4.44496e+12	6.70808e+11	0	-813.36	5369.22	0	-6.66682e+20	-1.00278e+20	0	7.342e+22	1.35548e+11	-6.45656e+10	0	13621.1	26028.8	0	-2.33837e+20	3.10446e+20	0	
10	1.9891e+30	1.27338e+09	1.00098e+09	0	12.7984	20.0435	0	-1.99696e+23	3.66759e+23	0	3.285e+23	1.12319e+10	5.88334e+10	0	-46832.7	8428.08	0	-2.15099e+21	-1.24792e+22	0	4.867e+24	-9.04161e+10	-5.36236e+10	0	18024.5	-30388.5	0	4.87312e+22	2.90287e+22	0	5.972e+24	1.50667e+11	-6.9834e+09	0	1604.9	29782.3	0	-3.55659e+22	1.92898e+21	0	6.39e+23	1.47295e+11	1.75035e+11	0	-18521	15504.9	0	-1.0566e+21	-1.25902e+21	0	1.898e+27	-4.02436e+11	6.65881e+11	0	-11154.9	-6766.92	0	2.16171e+23	-3.5595e+23	0	5.683e+26	9.48935e+11	1.07961e+12	0	-7209.9	6426.86	0	-2.41885e+22	-2.75038e+22	0	8.681e+25	2.74846e+12	8.44215e+11	0	-1998.52	6501	0	-1.33599e+21	-4.09437e+20	0	1.024e+26	4.44332e+12	6.81545e+11	0	-826.379	5367.25	0	-6.66442e+20	-1.01885e+20	0	7.342e+22	1.5029e+11	-6.9133e+09	0	1423.54	28776.7	0	-2.42011e+20	-1.30832e+19	0	
10	1.9891e+30	1.29878e+09	1.04143e+09	0	12.5947	20.3991	0	-2.0058e+23	3.39527e+23	0	3.285e+23	-5.73346e+10	9.03407e+09	0	-6414.91	-46737.1	0	1.23391e+22	-1.68396e+21	0	4.867e+24	-3.76548e+10	-9.86018e+10	0	32790.5	-12967.6	0	2.05555e+22	5.25725e+22	0	5.972e+24	1.42095e+11	5.16185e+10	0	-10046.9	28065.5	0	-3.34425e+22	-1.1807e+22	0	6.39e+23	1.07236e+11	2.01884e+11	0	-21387	11241.5	0	-7.67718e+20	-1.45509e+21	0	1.898e+27	-4.24514e+11	6.51975e+11	0	-10920.8	-7138.11	0	2.28013e+23	-3.48497e+23	0	5.683e+26	9.3443e+11	1.09237e+12	0	-7294.36	6329.5	0	-2.38126e+22	-2.78229e+22	0	8.681e+25	2.74443e+12	8.57207e+11	0	-2029.28	6491.5	0	-1.33406e+21	-4.15756e+20	0	1.024e+26	4.44165e+12	6.92277e+11	0	-839.393	5365.24	0	-6.66199e+20	-1.03492e+20	0	7.342e+22	1.41888e+11	5.19443e+10	0	-10901.5	27531.8	0	-3.0469e+20	-3.14133e+20	0	
10	1.9891e+30	1.32377e+09	1.08256e+09	0	12.4053	20.7319	0	-1.7291e+23	3.28777e+23	0	3.285e+23	-4.8268e+09	-5.74023e+10	0	47279.4	-4616.16	0	1.32087e+21	1.25406e+22	0	4.867e+24	3.14328e+10	-1.01934e+11	0	33793.5	9719.96	0	-1.57325e+22	5.38406e+22	0	5.972e+24	1.11487e+11	1.02308e+11	0	-20128.4	21956.6	0	-2.60289e+22	-2.37652e+22	0	6.39e+23	6.23897e+10	2.19657e+11	0	-23289.6	6464.21	0	-4.43343e+20	-1.58617e+21	0	1.898e+27	-4.46111e+11	6.37334e+11	0	-10674.4	-7501.24	0	2.39598e+23	-3.4065e+23	0	5.683e+26	9.19758e+11	1.10493e+12	0	-7377.5	6231.03	0	-2.34326e+22	-2.81367e+22	0	8.681e+25	2.74034e+12	8.70181e+11	0	-2059.99	6481.85	0	-1.33209e+21	-4.22066e+20	0	1.024e+26	4.43996e+12	7.03006e+11	0	-852.402	5363.2	0	-6.65952e+20	-1.05099e+20	0	7.342e+22	1.11587e+11	1.02671e+11	0	-21121.8	22258.7	0	-3.7364e+20	-4.92309e+20	0	
10	1.9891e+30	1.34842e+09	1.12437e+09	0	12.2445	21.0759	0	-1.53069e+23	3.62036e+23	0	3.285e+23	5.96355e+10	-1.47056e+09	0	2126.59	47843.6	0	-1.2798e+22	5.71905e+20	0	4.867e+24	8.80838e+10	-6.25598e+10	0	20842.3	28215.8	0	-4.49774e+22	3.3029e+22	0	5.972e+24	6.36398e+10	1.3716e+11	0	-27063.4	12418.5	0	-1.45559e+22	-3.21135e+22	0	6.39e+23	1.47797e+10	2.27539e+11	0	-24140	1386.96	0	-9.78196e+19	-1.64594e+21	0	1.898e+27	-4.67203e+11	6.21975e+11	0	-10416	-7855.89	0	2.50915e+23	-3.32419e+23	0	5.683e+26	9.04921e+11	1.11729e+12	0	-7459.29	6131.46	0	-2.30485e+22	-2.84453e+22	0	8.681e+25	2.73619e+12	8.83135e+11	0	-2090.66	6472.05	0	-1.3301e+21	-4.28366e+20	0	1.024e+26	4.43824e+12	7.1373e+11	0	-865.407	5361.13	0	-6.65701e+20	-1.06705e+20	0	7.342e+22	6.39821e+10	1.37312e+11	0	-27491	13370.5	0	-3.72022e+20	-4.78616e+20	0	
10	1.9891e+30	1.37275e+09	1.1669e+09	0	12.0804	21.463	0	-1.80956e+23	4.04147e+23	0	3.285e+23	3.47742e+08	5.99198e+10	0	-47516.2	-465.899	0	2.18219e+20	-1.26276e+22	0	4.867e+24	1.09064e+11	3.03799e+09	0	-598.12	35037.1	0	-5.56868e+22	-9.63158e+20	0	5.972e+24	6.04891e+09	1.50733e+11	0	-29764.3	949.753	0	-9.21138e+20	-3.54746e+22	0	6.39e+23	-3.34395e+10	2.25157e+11	0	-23895.9	-3761.17	0	2.53356e+20	-1.6312e+21	0	1.898e+27	-4.87767e+11	6.05916e+11	0	-10145.7	-8201.67	0	2.61949e+23	-3.23811e+23	0	5.683e+26	8.89922e+11	1.12946e+12	0	-7539.72	6030.82	0	-2.26604e+22	-2.87485e+22	0	8.681e+25	2.73198e+12	8.96069e+11	0	-2121.28	6462.11	0	-1.32808e+21	-4.34658e+20	0	1.024e+26	4.4365e+12	7.2445e+11	0	-878.406	5359.04	0	-6.65446e+20	-1.0831e+20	0	7.342e+22	6.38973e+09	1.50574e+11	0	-29320.8	1886.55	0	-2.02477e+20	-3.48452e+20	0	
10	1.9891e+30	1.39671e+09	1.21024e+09	0	11.8734	21.8768	0	-2.30494e+23	4.13385e+23	0	3.285e+23	-5.771e+10	-1.72405e+09	0	2361.17	-47113.6	0	1.24366e+22	6.15487e+20	0	4.867e+24	8.58541e+10	6.78679e+10	0	-21791.2	27475.6	0	-4.38144e+22	-3.45743e+22	0	5.972e+24	-5.22723e+10	1.40913e+11	0	-27805.3	-10654.8	0	1.27444e+22	-3.32451e+22	0	6.39e+23	-8.00779e+10	2.12602e+11	0	-22564.7	-8746.27	0	5.94206e+20	-1.54209e+21	0	1.898e+27	-5.07778e+11	5.89175e+11	0	-9864	-8538.19	0	2.72689e+23	-3.14837e+23	0	5.683e+26	8.74763e+11	1.14142e+12	0	-7618.78	5929.12	0	-2.22683e+22	-2.90463e+22	0	8.681e+25	2.7277e+12	9.08983e+11	0	-2151.85	6452.02	0	-1.32603e+21	-4.40939e+20	0	1.024e+26	4.43473e+12	7.35166e+11	0	-891.401	5356.9	0	-6.65188e+20	-1.09915e+20	0	7.342e+22	-5.21779e+10	1.40551e+11	0	-26793.2	-10374.2	0	1.04002e+20	-2.05133e+20	0	
10	1.9891e+30	1.42021e+09	1.2544e+09	0	11.6209	22.2881	0	-2.70077e+23	4.0441e+23	0	3.285e+23	6.28402e+09	-5.72728e+10	0	47376.8	4292.89	0	-1.04512e+21	1.26004e+22	0	4.867e+24	2.79019e+10	1.05243e+11	0	-34093.8	8535.36	0	-1.38515e+22	-5.43731e+22	0	5.972e+24	-1.02203e+11	1.09248e+11	0	-21491.1	-20585.1	0	2.43886e+22	-2.57006e+22	0	6.39e+23	-1.2301e+11	1.90432e+11	0	-20203.4	-13340.3	0	9.09012e+20	-1.38218e+21	0	1.898e+27	-5.27215e+11	5.7177e+11	0	-9571.14	-8865.06	0	2.83122e+23	-3.05507e+23	0	5.683e+26	8.59448e+11	1.15317e+12	0	-7696.45	5826.39	0	-2.18724e+22	-2.93387e+22	0	8.681e+25	2.72337e+12	9.21877e+11	0	-2182.38	6441.79	0	-1.32395e+21	-4.47211e+20	0	1.024e+26	4.43293e+12	7.45878e+11	0	-904.39	5354.74	0	-6.64926e+20	-1.11518e+20	0	7.342e+22	-1.02421e+11	1.08932e+11	0	-20645.1	-21144.7	0	4.15703e+20	-1.50045e+20	0	
10	1.9891e+30	1.44317e+09	1.29938e+09	0	11.329	22.6907	0	-3.1356e+23	3.95094e+23	0	3.285e+23	5.9171e+10	9.78392e+09	0	-6900.12	47387.7	0	-1.26735e+22	-1.8605e+21	0	4.867e+24	-4.09885e+10	9.94919e+10	0	-32296.1	-14110.2	0	2.23945e+22	-5.18349e+22	0	5.972e+24	-1.35938e+11	6.07008e+10	0	-11812.7	-27295.8	0	3.22862e+22	-1.4074e+22	0	6.39e+23	-1.60273e+11	1.59643e+11	0	-16917	-17331.6	0	1.18307e+21	-1.15843e+21	0	1.898e+27	-5.46056e+11	5.53721e+11	0	-9267.44	-9181.91	0	2.93236e+23	-2.95831e+23	0	5.683e+26	8.43978e+11	1.16472e+12	0	-7772.73	5722.63	0	-2.14727e+22	-2.96255e+22	0	8.681e+25	2.71897e+12	9.3475e+11	0	-2212.86	6431.42	0	-1.32184e+21	-4.53474e+20	0	1.024e+26	4.43111e+12	7.56585e+11	0	-917.374	5352.55	0	-6.6466e+20	-1.13122e+20	0	7.342e+22	-1.36318e+11	6.0644e+10	0	-11668.5	-28302.6	0	5.93213e+20	-1.42296e+20	0	
10	1.9891e+30	1.46549e+09	1.34515e+09	0	10.9852	23.0728	0	-3.69482e+23	3.57177e+23	0	3.285e+23	-1.05079e+10	5.89537e+10	0	-46530.7	-9307.72	0	2.56115e+21	-1.2333e+22	0	4.867e+24	-9.20914e+10	5.26836e+10	0	-16921.4	-31003.6	0	4.97339e+22	-2.72951e+22	0	5.972e+24	-1.48206e+11	2.87112e+09	0	-287.374	-29742.5	0	3.52307e+22	-2.35441e+20	0	6.39e+23	-1.90159e+11	1.2163e+11	0	-12853.7	-20535.5	0	1.40341e+21	-8.809e+20	0	1.898e+27	-5.64278e+11	5.35049e+11	0	-8953.26	-9488.4	0	3.0302e+23	-2.85821e+23	0	5.683e+26	8.28358e+11	1.17606e+12	0	-7847.58	5617.87	0	-2.10693e+22	-2.99068e+22	0	8.681e+25	2.71452e+12	9.47602e+11	0	-2243.29	6420.9	0	-1.3197e+21	-4.59726e+20	0	1.024e+26	4.42926e+12	7.67288e+11	0	-930.353	5350.32	0	-6.64391e+20	-1.14724e+20	0	7.342e+22	-1.48504e+11	3.11398e+09	0	-929.312	-30531.3	0	5.86645e+20	-1.30208e+20	0	
10	1.9891e+30	1.48708e+09	1.39163e+09	0	10.5974	23.3953	0	-3.92713e+23	2.81269e+23	0	3.285e+23	-5.60596e+10	-1.23697e+10	0	11057.7	-45868.1	0	1.2115e+22	2.89513e+21	0	4.867e+24	-1.03792e+11	-1.5721e+10	0	5655.24	-34888.2	0	5.60569e+22	9.10859e+21	0	5.972e+24	-1.37089e+11	-5.51945e+10	0	11280.3	-27542.8	0	3.27456e+22	1.35786e+22	0	6.39e+23	-2.11292e+11	7.81253e+10	0	-8198.95	-22802.9	0	1.55954e+21	-5.62317e+20	0	1.898e+27	-5.81862e+11	5.15774e+11	0	-8628.95	-9784.16	0	3.12463e+23	-2.75486e+23	0	5.683e+26	8.12589e+11	1.18719e+12	0	-7921.02	5512.13	0	-2.06622e+22	-3.01826e+22	0	8.681e+25	2.71e+12	9.60433e+11	0	-2273.67	6410.23	0	-1.31754e+21	-4.65969e+20	0	1.024e+26	4.42739e+12	7.77986e+11	0	-943.327	5348.07	0	-6.64117e+20	-1.16326e+20	0	7.342e+22	-1.37114e+11	-5.48146e+10	0	10258.6	-27582.9	0	4.16974e+20	-3.77004e+19	0	
10	1.9891e+30	1.50788e+09	1.43868e+09	0	10.2146	23.6425	0	-3.61389e+23	2.17021e+23	0	3.285e+23	1.72142e+10	-5.50715e+10	0	45803	13086.1	0	-3.39274e+21	1.22144e+22	0	4.867e+24	-7.1098e+10	-7.69168e+10	0	25823.4	-24071.6	0	3.84853e+22	4.15291e+22	0	5.972e+24	-1.04317e+11	-1.04414e+11	0	21081.6	-21035.7	0	2.51744e+22	2.51722e+22	0	6.39e+23	-2.22701e+11	3.11143e+10	0	-3166.24	-24027.9	0	1.64396e+21	-2.17467e+20	0	1.898e+27	-5.98787e+11	4.9592e+11	0	-8294.88	-10068.9	0	3.21554e+23	-2.6484e+23	0	5.683e+26	7.96675e+11	1.19811e+12	0	-7993.01	5405.44	0	-2.02516e+22	-3.04527e+22	0	8.681e+25	2.70542e+12	9.73243e+11	0	-2304	6399.43	0	-1.31534e+21	-4.72201e+20	0	1.024e+26	4.42549e+12	7.8868e+11	0	-956.295	5345.78	0	-6.6384e+20	-1.17928e+20	0	7.342e+22	-1.04048e+11	-1.04159e+11	0	20361.2	-20262.6	0	1.54737e+20	1.63178e+20	0	
10	1.9891e+30	1.52797e+09	1.48618e+09	0	9.87512	23.8486	0	-3.16524e+23	2.00043e+23	0	3.285e+23	5.66251e+10	2.07443e+10	0	-15673.9	45232.8	0	-1.20853e+22	-4.22192e+21	0	4.867e+24	-7.89347e+09	-1.05235e+11	0	35066.1	-3246.07	0	4.95271e+21	5.60722e+22	0	5.972e+24	-5.50055e+10	-1.37087e+11	0	27586.3	-11230.3	0	1.35765e+22	3.27475e+22	0	6.39e+23	-2.23859e+11	-1.72524e+10	0	2012.7	-24153.5	0	1.65261e+21	1.37535e+20	0	1.898e+27	-6.15035e+11	4.75507e+11	0	-7951.41	-10342.2	0	3.30283e+23	-2.53893e+23	0	5.683e+26	7.80618e+11	1.20881e+12	0	-8063.56	5297.8	0	-1.98375e+22	-3.07171e+22	0	8.681e+25	2.70079e+12	9.86031e+11	0	-2334.27	6388.48	0	-1.31312e+21	-4.78423e+20	0	1.024e+26	4.42356e+12	7.99369e+11	0	-969.258	5343.46	0	-6.63559e+20	-1.19528e+20	0	7.342e+22	-5.46323e+10	-1.37134e+11	0	27703.4	-10202	0	-4.16029e+19	4.29688e+20	0	
10	1.9891e+30	1.54741e+09	1.53408e+09	0	9.56999	24.051	0	-2.93195e+23	2.0234e+23	0	3.285e+23	-2.09555e+10	5.59814e+10	0	-43923.9	-17789.8	0	4.79713e+21	-1.16124e+22	0	4.867e+24	5.92795e+10	-8.91092e+10	0	29693.2	18755.6	0	-3.00511e+22	4.71882e+22	0	5.972e+24	3.14633e+09	-1.48096e+11	0	29782.1	344.366	0	-2.61342e+20	3.52335e+22	0	6.39e+23	-2.14711e+11	-6.47614e+10	0	7099.17	-23173.7	0	1.58512e+21	4.8607e+20	0	1.898e+27	-6.30587e+11	4.54558e+11	0	-7598.94	-10603.8	0	3.3864e+23	-2.42659e+23	0	5.683e+26	7.64422e+11	1.2193e+12	0	-8132.63	5189.24	0	-1.94201e+22	-3.09757e+22	0	8.681e+25	2.69609e+12	9.98797e+11	0	-2364.5	6377.38	0	-1.31086e+21	-4.84634e+20	0	1.024e+26	4.42161e+12	8.10054e+11	0	-982.216	5341.11	0	-6.63274e+20	-1.21128e+20	0	7.342e+22	3.35745e+09	-1.48407e+11	0	30642.7	929.03	0	-1.21257e+20	6.04716e+20	0	
10	1.9891e+30	1.56626e+09	1.58238e+09	0	9.28517	24.255	0	-2.71916e+23	2.04991e+23	0	3.285e+23	-5.24396e+10	-2.25322e+10	0	19381.2	-43041	0	1.13839e+22	5.08099e+21	0	4.867e+24	1.02646e+11	-3.55357e+10	0	12140.7	32886.7	0	-5.23076e+22	1.92122e+22	0	5.972e+24	6.10487e+10	-1.35707e+11	0	27327.5	11876.6	0	-1.41334e+22	3.23021e+22	0	6.39e+23	-1.95679e+11	-1.09239e+11	0	11859	-21134.4	0	1.44473e+21	8.11861e+20	0	1.898e+27	-6.45425e+11	4.33099e+11	0	-7237.86	-10853.5	0	3.46616e+23	-2.31149e+23	0	5.683e+26	7.48088e+11	1.22957e+12	0	-8200.24	5079.78	0	-1.89993e+22	-3.12286e+22	0	8.681e+25	2.69133e+12	1.01154e+12	0	-2394.67	6366.14	0	-1.30858e+21	-4.90835e+20	0	1.024e+26	4.41963e+12	8.20734e+11	0	-995.167	5338.73	0	-6.62986e+20	-1.22728e+20	0	7.342e+22	6.09455e+10	-1.36073e+11	0	28323.9	11623	0	-1.16764e+20	5.92923e+20	0	
10	1.9891e+30	1.58456e+09	1.6311e+09	0	9.02395	24.4712	0	-2.50105e+23	2.30563e+23	0	3.285e+23	2.7578e+10	-5.08648e+10	0	42602.6	21450.5	0	-5.63739e+21	1.13898e+22	0	4.867e+24	1.0451e+11	3.32942e+10	0	-10339.4	33488.9	0	-5.32557e+22	-1.63787e+22	0	5.972e+24	1.09644e+11	-1.01841e+11	0	20604.1	21556.3	0	-2.5756e+22	2.44088e+22	0	6.39e+23	-1.67638e+11	-1.48655e+11	0	16073.7	-18131	0	1.23821e+21	1.09979e+21	0	1.898e+27	-6.59533e+11	4.11153e+11	0	-6868.59	-11090.9	0	3.542e+23	-2.19377e+23	0	5.683e+26	7.31622e+11	1.23962e+12	0	-8266.36	4969.44	0	-1.85753e+22	-3.14757e+22	0	8.681e+25	2.68651e+12	1.02426e+12	0	-2424.8	6354.77	0	-1.30627e+21	-4.97025e+20	0	1.024e+26	4.41763e+12	8.31409e+11	0	-1008.11	5336.32	0	-6.62694e+20	-1.24326e+20	0	7.342e+22	1.093e+11	-1.02018e+11	0	21061.2	20659.9	0	-1.40124e+20	3.91543e+20	0	
10	1.9891e+30	1.60236e+09	1.68029e+09	0	8.76946	24.7266	0	-2.65164e+23	2.77462e+23	0	3.285e+23	5.20927e+10	3.10231e+10	0	-23875.1	41460.5	0	-1.10572e+22	-6.42349e+21	0	4.867e+24	6.41201e+10	8.91117e+10	0	-28620.2	20322	0	-3.25335e+22	-4.54905e+22	0	5.972e+24	1.41327e+11	-5.17851e+10	0	10658.3	27863.1	0	-3.32705e+22	1.27302e+22	0	6.39e+23	-1.31876e+11	-1.81212e+11	0	19551	-14303.2	0	9.75403e+20	1.33666e+21	0	1.898e+27	-6.72894e+11	3.88744e+11	0	-6491.53	-11315.7	0	3.61385e+23	-2.07356e+23	0	5.683e+26	7.15024e+11	1.24945e+12	0	-8330.98	4858.25	0	-1.81481e+22	-3.1717e+22	0	8.681e+25	2.68163e+12	1.03696e+12	0	-2454.86	6343.24	0	-1.30393e+21	-5.03204e+20	0	1.024e+26	4.4156e+12	8.42079e+11	0	-1021.05	5333.87	0	-6.62398e+20	-1.25924e+20	0	7.342e+22	1.40968e+11	-5.16527e+10	0	10295.4	26904.2	0	-2.21432e+20	8.72601e+19	0	
10	1.9891e+30	1.61962e+09	1.73003e+09	0	8.4758	25.0184	0	-3.22078e+23	2.94087e+23	0	3.285e+23	-3.06289e+10	5.11181e+10	0	-39796.5	-25620.7	0	6.85125e+21	-1.04963e+22	0	4.867e+24	-2.0435e+09	1.08822e+11	0	-35166.6	-1351.39	0	1.91893e+21	-5.62372e+22	0	5.972e+24	1.51137e+11	6.64038e+09	0	-957.722	29807.3	0	-3.54817e+22	-9.75231e+20	0	6.39e+23	-9.00309e+10	-2.05435e+11	0	22133.6	-9828.3	0	6.68736e+20	1.51178e+21	0	1.898e+27	-6.85494e+11	3.65898e+11	0	-6107.12	-11527.8	0	3.68163e+23	-1.951e+23	0	5.683e+26	6.98299e+11	1.25905e+12	0	-8394.09	4746.21	0	-1.77179e+22	-3.19523e+22	0	8.681e+25	2.67669e+12	1.04963e+12	0	-2484.88	6331.58	0	-1.30156e+21	-5.09372e+20	0	1.024e+26	4.41355e+12	8.52744e+11	0	-1033.99	5331.4	0	-6.62098e+20	-1.27521e+20	0	7.342e+22	1.50994e+11	6.99478e+09	0	-1905.99	29436.1	0	-3.61016e+20	-2.00967e+20	0	
10	1.9891e+30	1.63622e+09	1.78036e+09	0	8.12544	25.3021	0	-3.6947e+23	2.65256e+23	0	3.285e+23	-4.69681e+10	-3.18551e+10	0	27049	-38724.1	0	1.02651e+22	7.10141e+21	0	4.867e+24	-6.66371e+10	8.39547e+10	0	-27064.3	-22639.1	0	3.61708e+22	-4.35421e+22	0	5.972e+24	1.37544e+11	6.42999e+10	0	-12427.9	27087.3	0	-3.20904e+22	-1.46148e+22	0	6.39e+23	-4.40155e+10	-2.2023e+11	0	23706.2	-4912.32	0	3.32541e+20	1.61748e+21	0	1.898e+27	-6.97318e+11	3.42641e+11	0	-5715.78	-11726.8	0	3.74526e+23	-1.82621e+23	0	5.683e+26	6.81449e+11	1.26843e+12	0	-8455.68	4633.36	0	-1.72847e+22	-3.21817e+22	0	8.681e+25	2.67169e+12	1.06229e+12	0	-2514.84	6319.77	0	-1.29916e+21	-5.15529e+20	0	1.024e+26	4.41147e+12	8.63405e+11	0	-1046.92	5328.89	0	-6.61794e+20	-1.29117e+20	0	7.342e+22	1.3771e+11	6.46334e+10	0	-13353.9	27579.7	0	-4.88128e+20	-3.70177e+20	0	
10	1.9891e+30	1.6521e+09	1.83122e+09	0	7.74413	25.5498	0	-3.85212e+23	2.29772e+23	0	3.285e+23	3.70101e+10	-4.47885e+10	0	37877.6	29083.8	0	-7.69579e+21	1.01504e+22	0	4.867e+24	-1.02546e+11	2.4617e+10	0	-7513.67	-34530.2	0	5.54803e+22	-1.21357e+22	0	5.972e+24	1.02679e+11	1.12177e+11	0	-21956.7	20135.7	0	-2.37125e+22	-2.60815e+22	0	6.39e+23	4.07411e+09	-2.24939e+11	0	24200.5	219.653	0	-1.76563e+19	1.64937e+21	0	1.898e+27	-7.08353e+11	3.19e+11	0	-5317.96	-11912.6	0	3.80465e+23	-1.69935e+23	0	5.683e+26	6.64477e+11	1.27758e+12	0	-8515.75	4519.7	0	-1.68486e+22	-3.24052e+22	0	8.681e+25	2.66663e+12	1.07491e+12	0	-2544.74	6307.82	0	-1.29673e+21	-5.21674e+20	0	1.024e+26	4.40936e+12	8.7406e+11	0	-1059.84	5326.35	0	-6.61487e+20	-1.30713e+20	0	7.342e+22	1.03044e+11	1.12251e+11	0	-22182.2	21163.9	0	-5.01244e+20	-3.61174e+20	0	
10	1.9891e+30	1.66719e+09	1.88254e+09	0	7.35186	25.7689	0	-3.96703e+23	2.06302e+23	0	3.285e+23	4.57429e+10	4.02599e+10	0	-31206.5	36213.9	0	-9.63081e+21	-8.38284e+21	0	4.867e+24	-9.45155e+10	-4.4319e+10	0	15243	-31873	0	5.11525e+22	2.45682e+22	0	5.972e+24	5.20079e+10	1.42789e+11	0	-28047.9	10046.6	0	-1.17552e+22	-3.34698e+22	0	6.39e+23	5.2054e+10	-2.19362e+11	0	23597.6	5334.22	0	-3.6589e+20	1.60649e+21	0	1.898e+27	-7.18586e+11	2.95e+11	0	-4914.11	-12084.9	0	3.85976e+23	-1.57056e+23	0	5.683e+26	6.47387e+11	1.28651e+12	0	-8574.27	4405.28	0	-1.64098e+22	-3.26227e+22	0	8.681e+25	2.66151e+12	1.08752e+12	0	-2574.59	6295.73	0	-1.29428e+21	-5.27808e+20	0	1.024e+26	4.40723e+12	8.8471e+11	0	-1072.76	5323.78	0	-6.61175e+20	-1.32308e+20	0	7.342e+22	5.23082e+10	1.42557e+11	0	-27427.7	10863.6	0	-3.0839e+20	-2.85887e+20	0	
10	1.9891e+30	1.68149e+09	1.93428e+09	0	6.9458	25.9598	0	-4.08225e+23	1.70248e+23	0	3.285e+23	-3.91921e+10	4.45468e+10	0	-34302.3	-32535.9	0	8.65696e+21	-9.02818e+21	0	4.867e+24	-4.59642e+10	-9.3813e+10	0	31513	-15828.6	0	2.5169e+22	5.05727e+22	0	5.972e+24	-6.53759e+09	1.51357e+11	0	-29745.2	-1601.84	0	1.95483e+21	-3.55498e+22	0	6.39e+23	9.77524e+10	-2.03767e+11	0	21928.4	10200.3	0	-6.9649e+20	1.49126e+21	0	1.898e+27	-7.28005e+11	2.70669e+11	0	-4504.68	-12243.5	0	3.91051e+23	-1.43998e+23	0	5.683e+26	6.30181e+11	1.2952e+12	0	-8631.24	4290.1	0	-1.59681e+22	-3.28341e+22	0	8.681e+25	2.65633e+12	1.1001e+12	0	-2604.38	6283.5	0	-1.29179e+21	-5.33931e+20	0	1.024e+26	4.40507e+12	8.95355e+11	0	-1085.67	5321.18	0	-6.6086e+20	-1.33902e+20	0	7.342e+22	-6.51257e+09	1.50978e+11	0	-28715.1	-1521.54	0	1.07245e+19	-2.34331e+20	0	
10	1.9891e+30	1.69498e+09	1.98635e+09	0	6.54128	26.11	0	-3.9077e+23	1.31448e+23	0	3.285e+23	-3.98292e+10	-4.00089e+10	0	33799	-33058.2	0	8.79242e+21	8.8894e+21	0	4.867e+24	2.25654e+10	-1.03251e+11	0	34526.7	6696.93	0	-1.09165e+22	5.5061e+22	0	5.972e+24	-6.3799e+10	1.36557e+11	0	-26783.4	-12991.6	0	1.53496e+22	-3.19665e+22	0	6.39e+23	1.39108e+11	-1.78872e+11	0	19271.4	14599.4	0	-9.94767e+20	1.30928e+21	0	1.898e+27	-7.36601e+11	2.46035e+11	0	-4090.13	-12388.3	0	3.95684e+23	-1.30775e+23	0	5.683e+26	6.12863e+11	1.30367e+12	0	-8686.66	4174.18	0	-1.55239e+22	-3.30394e+22	0	8.681e+25	2.65109e+12	1.11265e+12	0	-2634.11	6271.13	0	-1.28928e+21	-5.40042e+20	0	1.024e+26	4.40288e+12	9.05995e+11	0	-1098.57	5318.55	0	-6.60541e+20	-1.35495e+20	0	7.342e+22	-6.40685e+10	1.3628e+11	0	-26053.8	-13686.5	0	3.28554e+20	-2.51081e+20	0	
10	1.9891e+30	1.70768e+09	2.0387e+09	0	6.16597	26.2368	0	-3.57131e+23	1.28463e+23	0	3.285e+23	4.51724e+10	-3.70452e+10	0	31787	35705.9	0	-9.48931e+21	8.53566e+21	0	4.867e+24	8.24802e+10	-6.90222e+10	0	23252	26274.9	0	-4.19116e+22	3.6877e+22	0	5.972e+24	-1.10825e+11	1.00717e+11	0	-19630.7	-22347.5	0	2.6408e+22	-2.33309e+22	0	6.39e+23	1.7426e+11	-1.45812e+11	0	15748.8	18335.2	0	-1.24762e+21	1.06904e+21	0	1.898e+27	-7.44363e+11	2.21125e+11	0	-3670.94	-12519.1	0	3.99871e+23	-1.17403e+23	0	5.683e+26	5.95435e+11	1.3119e+12	0	-8740.51	4057.55	0	-1.5077e+22	-3.32387e+22	0	8.681e+25	2.64579e+12	1.12518e+12	0	-2663.78	6258.62	0	-1.28674e+21	-5.46141e+20	0	1.024e+26	4.40067e+12	9.16629e+11	0	-1111.47	5315.89	0	-6.60219e+20	-1.37087e+20	0	7.342e+22	-1.11208e+11	1.00724e+11	0	-19668.4	-23366.6	0	5.25381e+20	-2.8872e+20	0	
10	1.9891e+30	1.71966e+09	2.09131e+09	0	5.81143	26.3789	0	-3.56152e+23	1.54666e+23	0	3.285e+23	3.7807e+10	4.81327e+10	0	-37405.2	29689.5	0	-7.86297e+21	-1.00284e+22	0	4.867e+24	1.09162e+11	-5.51673e+09	0	2491.27	34958.1	0	-5.55523e+22	3.93756e+21	0	5.972e+24	-1.40266e+11	4.94548e+10	0	-9410.8	-28211.2	0	3.34357e+22	-1.10435e+22	0	6.39e+23	2.01631e+11	-1.06084e+11	0	11520.5	21241.8	0	-1.44407e+21	7.81451e+20	0	1.898e+27	-7.51282e+11	1.95968e+11	0	-3247.57	-12635.7	0	4.03605e+23	-1.03898e+23	0	5.683e+26	5.77902e+11	1.3199e+12	0	-8792.78	3940.24	0	-1.46277e+22	-3.34318e+22	0	8.681e+25	2.64044e+12	1.13769e+12	0	-2693.4	6245.97	0	-1.28417e+21	-5.52228e+20	0	1.024e+26	4.39844e+12	9.27258e+11	0	-1124.36	5313.2	0	-6.59892e+20	-1.38679e+20	0	7.342e+22	-1.40512e+11	4.97445e+10	0	-10201.1	-28874.2	0	5.41867e+20	-2.92811e+20	0	
10	1.9891e+30	1.73091e+09	2.14423e+09	0	5.43803	26.5397	0	-3.88396e+23	1.5924e+23	0	3.285e+23	-4.63513e+10	3.65058e+10	0	-27637.7	-38304.9	0	1.01574e+22	-7.26141e+21	0	4.867e+24	9.17593e+10	6.11133e+10	0	-19278.9	29293.4	0	-4.66669e+22	-3.0562e+22	0	5.972e+24	-1.47523e+11	-9.20667e+09	0	2274.56	-29666.2	0	3.53087e+22	2.88603e+21	0	6.39e+23	2.19997e+11	-6.14834e+10	0	6776.95	23190.8	0	-1.57565e+21	4.59373e+20	0	1.898e+27	-7.5735e+11	1.70592e+11	0	-2820.5	-12738	0	4.06884e+23	-9.02731e+22	0	5.683e+26	5.60265e+11	1.32766e+12	0	-8843.46	3822.25	0	-1.41761e+22	-3.36188e+22	0	8.681e+25	2.63502e+12	1.15016e+12	0	-2722.96	6233.18	0	-1.28157e+21	-5.58303e+20	0	1.024e+26	4.39618e+12	9.37882e+11	0	-1137.25	5310.48	0	-6.59562e+20	-1.4027e+20	0	7.342e+22	-1.47471e+11	-8.83287e+09	0	1255.86	-29505.3	0	4.06052e+20	-1.71626e+20	0	
10	1.9891e+30	1.74139e+09	2.19746e+09	0	5.03361	26.6897	0	-4.12692e+23	1.37099e+23	0	3.285e+23	-3.12648e+10	-4.67036e+10	0	39396.6	-26230.1	0	7.01079e+21	1.03836e+22	0	4.867e+24	3.73458e+10	1.03471e+11	0	-33197.9	11525.9	0	-1.85995e+22	-5.28908e+22	0	5.972e+24	-1.31458e+11	-6.60916e+10	0	13599	-26480.8	0	3.16692e+22	1.62538e+22	0	6.39e+23	2.28536e+11	-1.40178e+10	0	1730.86	24096.1	0	-1.63674e+21	1.17079e+20	0	1.898e+27	-7.62562e+11	1.45026e+11	0	-2390.23	-12825.9	0	4.09703e+23	-7.65449e+22	0	5.683e+26	5.42529e+11	1.33519e+12	0	-8892.55	3703.62	0	-1.37221e+22	-3.37996e+22	0	8.681e+25	2.62955e+12	1.16262e+12	0	-2752.45	6220.24	0	-1.27894e+21	-5.64366e+20	0	1.024e+26	4.39389e+12	9.485e+11	0	-1150.12	5307.72	0	-6.59228e+20	-1.4186e+20	0	7.342e+22	-1.31143e+11	-6.58991e+10	0	13046.3	-25574.8	0	2.05974e+20	8.77653e+19	0	
10	1.9891e+30	1.75104e+09	2.25097e+09	0	4.61261	26.8167	0	-4.25014e+23	1.17211e+23	0	3.285e+23	5.17711e+10	-2.79024e+10	0	24543.6	41070.1	0	-1.09475e+22	6.60186e+21	0	4.867e+24	-3.17737e+10	1.03871e+11	0	-33419.4	-11172.7	0	1.76731e+22	-5.35859e+22	0	5.972e+24	-9.45777e+10	-1.12303e+11	0	22796.5	-19145.8	0	2.29695e+22	2.70168e+22	0	6.39e+23	2.26868e+11	3.41779e+10	0	-3392.29	23918.2	0	-1.62472e+21	-2.30358e+20	0	1.898e+27	-7.66909e+11	1.19298e+11	0	-1957.23	-12899.3	0	4.12058e+23	-6.27286e+22	0	5.683e+26	5.24696e+11	1.34247e+12	0	-8940.04	3584.36	0	-1.32659e+22	-3.39742e+22	0	8.681e+25	2.62401e+12	1.17505e+12	0	-2781.89	6207.17	0	-1.27629e+21	-5.70416e+20	0	1.024e+26	4.39158e+12	9.59113e+11	0	-1163	5304.93	0	-6.5889e+20	-1.4345e+20	0	7.342e+22	-9.42219e+10	-1.1243e+11	0	23118.2	-18166.7	0	8.67235e+19	4.03256e+20	0	
10	1.9891e+30	1.75983e+09	2.30472e+09	0	4.17407	26.9244	0	-4.4955e+23	9.29808e+22	0	3.285e+23	2.85736e+10	5.437e+10	0	-42254.8	22130.9	0	-5.82346e+21	-1.13029e+22	0	4.867e+24	-8.68432e+10	6.18199e+10	0	-19622.2	-29362.1	0	4.70749e+22	-3.16258e+22	0	5.972e+24	-4.26399e+10	-1.4061e+11	0	28436	-8805.94	0	1.05798e+22	3.36207e+22	0	6.39e+23	2.15067e+11	8.09367e+10	0	-8363.69	22664.6	0	-1.54012e+21	-5.67658e+20	0	1.898e+27	-7.70389e+11	9.34382e+10	0	-1521.99	-12958.1	0	4.13948e+23	-4.884e+22	0	5.683e+26	5.0677e+11	1.34952e+12	0	-8985.92	3464.49	0	-1.28076e+22	-3.41425e+22	0	8.681e+25	2.61842e+12	1.18745e+12	0	-2811.26	6193.96	0	-1.2736e+21	-5.76454e+20	0	1.024e+26	4.38924e+12	9.6972e+11	0	-1175.86	5302.12	0	-6.58548e+20	-1.45038e+20	0	7.342e+22	-4.24921e+10	-1.40963e+11	0	29378	-8407.75	0	5.06155e+19	5.98888e+20	0	
10	1.9891e+30	1.76771e+09	2.35864e+09	0	3.71168	26.9919	0	-4.64206e+23	3.6339e+22	0	3.285e+23	-5.18627e+10	2.7281e+10	0	-20034.6	-42738.4	0	1.1307e+22	-5.25667e+21	0	4.867e+24	-1.04611e+11	-5.25697e+09	0	2514.09	-35251.9	0	5.66578e+22	4.05264e+21	0	5.972e+24	1.62393e+10	-1.46575e+11	0	29637.3	2920.45	0	-3.50907e+21	3.50629e+22	0	6.39e+23	1.93662e+11	1.24155e+11	0	-12961	20390.8	0	-1.38655e+21	-8.79951e+20	0	1.898e+27	-7.72996e+11	6.74754e+10	0	-1085	-13002.2	0	4.1537e+23	-3.48948e+22	0	5.683e+26	4.88753e+11	1.35633e+12	0	-9030.19	3344.05	0	-1.23472e+22	-3.43046e+22	0	8.681e+25	2.61277e+12	1.19982e+12	0	-2840.57	6180.61	0	-1.27089e+21	-5.82479e+20	0	1.024e+26	4.38687e+12	9.80321e+11	0	-1188.72	5299.27	0	-6.58202e+20	-1.46626e+20	0	7.342e+22	1.60746e+10	-1.46922e+11	0	30563.7	2495.93	0	4.37102e+19	6.10514e+20	0	
10	1.9891e+30	1.77468e+09	2.41264e+09	0	3.25731	26.9961	0	-4.31354e+23	-2.37708e+22	0	3.285e+23	-2.15675e+10	-5.16968e+10	0	43641.7	-18466.3	0	4.97593e+21	1.15298e+22	0	4.867e+24	-7.75095e+10	-6.91253e+10	0	23577.5	-26278	0	4.20668e+22	3.7953e+22	0	5.972e+24	7.28528e+10	-1.2925e+11	0	26209.5	14195.5	0	-1.70099e+22	3.11029e+22	0	6.39e+23	1.63609e+11	1.61885e+11	0	-16978	17196.9	0	-1.17059e+21	-1.15337e+21	0	1.898e+27	-7.74728e+11	4.14392e+10	0	-646.768	-13031.6	0	4.16322e+23	-2.09087e+22	0	5.683e+26	4.7065e+11	1.3629e+12	0	-9072.83	3223.05	0	-1.18849e+22	-3.44604e+22	0	8.681e+25	2.60706e+12	1.21217e+12	0	-2869.82	6167.12	0	-1.26815e+21	-5.88491e+20	0	1.024e+26	4.38448e+12	9.90917e+11	0	-1201.57	5296.39	0	-6.57853e+20	-1.48213e+20	0	7.342e+22	7.24857e+10	-1.29368e+11	0	26505.1	13231.8	0	-1.89118e+19	4.44303e+20	0	
10	1.9891e+30	1.78078e+09	2.4666e+09	0	2.85345	26.96	0	-3.72529e+23	-3.87313e+22	0	3.285e+23	5.65658e+10	-1.76784e+10	0	16406.5	44974.8	0	-1.2012e+22	4.41913e+21	0	4.867e+24	-1.70664e+10	-1.02951e+11	0	34645.7	-6342.56	0	9.91829e+21	5.54598e+22	0	5.972e+24	1.18343e+11	-9.13266e+10	0	18682.1	23251.5	0	-2.77714e+22	2.23097e+22	0	6.39e+23	1.26258e+11	1.92422e+11	0	-20233.2	13224.3	0	-9.01571e+20	-1.37563e+21	0	1.898e+27	-7.75583e+11	1.53589e+10	0	-207.778	-13046.2	0	4.16802e+23	-6.89754e+21	0	5.683e+26	4.52463e+11	1.36922e+12	0	-9113.84	3101.51	0	-1.14208e+22	-3.46099e+22	0	8.681e+25	2.60129e+12	1.22449e+12	0	-2899	6153.49	0	-1.26538e+21	-5.9449e+20	0	1.024e+26	4.38207e+12	1.00151e+12	0	-1214.42	5293.48	0	-6.575e+20	-1.49799e+20	0	7.342e+22	1.18018e+11	-9.11353e+10	0	18139.1	22364.5	0	-1.63657e+20	1.70068e+20	0	
10	1.9891e+30	1.78613e+09	2.52049e+09	0	2.49862	26.9308	0	-3.39493e+23	-1.74952e+22	0	3.285e+23	1.83749e+10	5.87614e+10	0	-45590.4	13815.6	0	-3.59037e+21	-1.21649e+22	0	4.867e+24	5.12798e+10	-9.2826e+10	0	31237.8	16066.2	0	-2.57911e+22	4.96918e+22	0	5.972e+24	1.45589e+11	-3.87248e+10	0	8226.15	28668.7	0	-3.40868e+22	9.97001e+21	0	6.39e+23	8.32838e+10	2.14379e+11	0	-22578.3	8649.73	0	-5.9121e+20	-1.53657e+21	0	1.898e+27	-7.75559e+11	-1.0736e+10	0	231.47	-13046.1	0	4.16812e+23	7.12273e+21	0	5.683e+26	4.34196e+11	1.37531e+12	0	-9153.21	2979.45	0	-1.09548e+22	-3.47531e+22	0	8.681e+25	2.59546e+12	1.23678e+12	0	-2928.12	6139.73	0	-1.26258e+21	-6.00477e+20	0	1.024e+26	4.37962e+12	1.01209e+12	0	-1227.26	5290.54	0	-6.57143e+20	-1.51384e+20	0	7.342e+22	1.45524e+11	-3.83531e+10	0	7209.21	28491.4	0	-3.84307e+20	-8.28803e+19	0	
10	1.9891e+30	1.79078e+09	2.57434e+09	0	2.16273	26.9227	0	-3.29721e+23	-2.604e+20	0	3.285e+23	-5.55387e+10	1.71981e+10	0	-11754	-45691.4	0	1.20708e+22	-3.08113e+21	0	4.867e+24	9.92034e+10	-4.3272e+10	0	14988.6	31695.9	0	-5.04341e+22	2.37404e+22	0	5.972e+24	1.50327e+11	2.03349e+10	0	-3524.39	29602	0	-3.50452e+22	-4.04112e+21	0	6.39e+23	3.66239e+10	2.26754e+11	0	-23905	3677.68	0	-2.53181e+20	-1.6286e+21	0	1.898e+27	-7.74657e+11	-3.68158e+10	0	670.479	-13031.2	0	4.16349e+23	2.11362e+22	0	5.683e+26	4.15851e+11	1.38114e+12	0	-9190.94	2856.9	0	-1.04872e+22	-3.489e+22	0	8.681e+25	2.58957e+12	1.24905e+12	0	-2957.18	6125.82	0	-1.25976e+21	-6.0645e+20	0	1.024e+26	4.37716e+12	1.02267e+12	0	-1240.09	5287.57	0	-6.56782e+20	-1.52968e+20	0	7.342e+22	1.50561e+11	2.06251e+10	0	-4330.7	30271.1	0	-5.6313e+20	-2.15946e+20	0	
10	1.9891e+30	1.79478e+09	2.62819e+09	0	1.83593	26.931	0	-3.20692e+23	1.93929e+22	0	3.285e+23	-1.10706e+10	-5.4804e+10	0	46379.1	-10029.1	0	2.75385e+21	1.22844e+22	0	4.867e+24	1.07115e+11	2.51339e+10	0	-7352.81	34270.2	0	-5.44753e+22	-1.16363e+22	0	5.972e+24	1.31816e+11	7.66167e+10	0	-14728.1	25910.7	0	-3.05807e+22	-1.75215e+22	0	6.39e+23	-1.1614e+10	2.28973e+11	0	-24149.9	-1468.18	0	9.74384e+19	-1.64714e+21	0	1.898e+27	-7.72877e+11	-6.28511e+10	0	1108.75	-13001.6	0	4.15415e+23	3.51271e+22	0	5.683e+26	3.97433e+11	1.38673e+12	0	-9227.02	2733.88	0	-1.00179e+22	-3.50205e+22	0	8.681e+25	2.58363e+12	1.26129e+12	0	-2986.17	6111.78	0	-1.2569e+21	-6.1241e+20	0	1.024e+26	4.37466e+12	1.03324e+12	0	-1252.91	5284.56	0	-6.56417e+20	-1.54552e+20	0	7.342e+22	1.3219e+11	7.66134e+10	0	-14744.7	26958.6	0	-5.8696e+20	-2.12008e+20	0	
10	1.9891e+30	1.79813e+09	2.68208e+09	0	1.51116	26.9685	0	-3.32121e+23	5.72066e+22	0	3.285e+23	5.93843e+10	-6.73194e+09	0	7669.66	47273.3	0	-1.26401e+22	2.06851e+21	0	4.867e+24	7.18021e+10	8.42937e+10	0	-26711.7	22767.9	0	-3.63889e+22	-4.24159e+22	0	5.972e+24	9.2958e+10	1.21319e+11	0	-23624.6	18176.4	0	-2.1452e+22	-2.82338e+22	0	6.39e+23	-5.92435e+10	2.2092e+11	0	-23298.3	-6554.86	0	4.44808e+20	-1.59085e+21	0	1.898e+27	-7.70223e+11	-8.88123e+10	0	1545.79	-12957.2	0	4.14011e+23	4.90794e+22	0	5.683e+26	3.78944e+11	1.39208e+12	0	-9261.45	2610.42	0	-9.54715e+21	-3.51446e+22	0	8.681e+25	2.57763e+12	1.2735e+12	0	-3015.09	6097.61	0	-1.25402e+21	-6.18357e+20	0	1.024e+26	4.37215e+12	1.04381e+12	0	-1265.73	5281.53	0	-6.56048e+20	-1.56134e+20	0	7.342e+22	9.32094e+10	1.21028e+11	0	-22868	18850	0	-3.96326e+20	-1.94891e+20	0	
10	1.9891e+30	1.8008e+09	2.73609e+09	0	1.15193	27.0404	0	-3.88496e+23	7.79191e+22	0	3.285e+23	7.57643e+09	6.11642e+10	0	-47303.9	5044.65	0	-1.24655e+21	-1.2589e+22	0	4.867e+24	7.65093e+09	1.09782e+11	0	-35140.9	1775.57	0	-3.07177e+21	-5.61327e+22	0	5.972e+24	3.98361e+10	1.47455e+11	0	-28817.8	7608.33	0	-9.02494e+21	-3.44428e+22	0	6.39e+23	-1.04098e+11	2.02947e+11	0	-21385.4	-11350.5	0	7.73025e+20	-1.46181e+21	0	1.898e+27	-7.66695e+11	-1.1467e+11	0	1981.11	-12898.2	0	4.12138e+23	6.29775e+22	0	5.683e+26	3.60389e+11	1.39717e+12	0	-9294.22	2486.53	0	-9.07497e+21	-3.52623e+22	0	8.681e+25	2.57157e+12	1.28568e+12	0	-3043.95	6083.29	0	-1.25111e+21	-6.24289e+20	0	1.024e+26	4.3696e+12	1.05437e+12	0	-1278.54	5278.46	0	-6.55676e+20	-1.57716e+20	0	7.342e+22	3.97942e+10	1.47074e+11	0	-27802	7497.98	0	-8.96729e+19	-2.25876e+20	0	
10	1.9891e+30	1.80269e+09	2.79024e+09	0	0.728219	27.1057	0	-4.49937e+23	4.34721e+22	0	3.285e+23	-5.72527e+10	6.61227e+09	0	-3077.06	-47067	0	1.2426e+22	-8.06187e+20	0	4.867e+24	-5.88872e+10	9.07664e+10	0	-28970	-20129.5	0	3.21139e+22	-4.65601e+22	0	5.972e+24	-1.92371e+10	1.50951e+11	0	-29495.8	-4142.92	0	4.81657e+21	-3.51673e+22	0	6.39e+23	-1.44132e+11	1.75858e+11	0	-18495.2	-15635.1	0	1.06686e+21	-1.26549e+21	0	1.898e+27	-7.623e+11	-1.40395e+11	0	2414.2	-12824.5	0	4.09798e+23	7.68055e+22	0	5.683e+26	3.41769e+11	1.40202e+12	0	-9325.32	2362.23	0	-8.60144e+21	-3.53737e+22	0	8.681e+25	2.56545e+12	1.29783e+12	0	-3072.74	6068.84	0	-1.24817e+21	-6.30209e+20	0	1.024e+26	4.36703e+12	1.06492e+12	0	-1291.34	5275.37	0	-6.553e+20	-1.59297e+20	0	7.342e+22	-1.95478e+10	1.50722e+11	0	-28897.9	-4955.97	0	2.20357e+20	-3.15356e+20	0	
10	1.9891e+30	1.80369e+09	2.84447e+09	0	0.261359	27.1186	0	-4.71242e+23	-1.80709e+22	0	3.285e+23	-1.36556e+08	-5.59015e+10	0	47501.8	-1207.48	0	4.18632e+20	1.26156e+22	0	4.867e+24	-9.99484e+10	3.48852e+10	0	-10571.8	-33714.6	0	5.41514e+22	-1.70562e+22	0	5.972e+24	-7.50235e+10	1.31277e+11	0	-25557.9	-15243.2	0	1.79686e+22	-3.03399e+22	0	6.39e+23	-1.77512e+11	1.40879e+11	0	-14757.3	-19210.9	0	1.31253e+21	-1.01059e+21	0	1.898e+27	-7.5704e+11	-1.65959e+11	0	2844.59	-12736.3	0	4.06994e+23	9.05477e+22	0	5.683e+26	3.23088e+11	1.40662e+12	0	-9354.76	2237.55	0	-8.12666e+21	-3.54786e+22	0	8.681e+25	2.55928e+12	1.30995e+12	0	-3101.46	6054.25	0	-1.24521e+21	-6.36114e+20	0	1.024e+26	4.36444e+12	1.07547e+12	0	-1304.14	5272.24	0	-6.54919e+20	-1.60877e+20	0	7.342e+22	-7.53957e+10	1.31348e+11	0	-25781.3	-16249.2	0	4.23469e+20	-4.10199e+20	0	
10	1.9891e+30	1.80374e+09	2.89867e+09	0	-0.20989	27.0749	0	-4.64905e+23	-6.54093e+22	0	3.285e+23	6.01241e+10	4.55365e+09	0	-1348.71	47878.1	0	-1.28061e+22	-3.61305e+20	0	4.867e+24	-9.81186e+10	-3.44878e+10	0	12331.2	-33108.7	0	5.31651e+22	1.98883e+22	0	5.972e+24	-1.18803e+11	9.15239e+10	0	-17627.1	-23960.2	0	2.84176e+22	-2.07743e+22	0	6.39e+23	-2.02708e+11	9.95979e+10	0	-10341.5	-21912	0	1.49838e+21	-7.08679e+20	0	1.898e+27	-7.50923e+11	-1.91331e+11	0	3271.77	-12633.7	0	4.03728e+23	1.04188e+23	0	5.683e+26	3.04351e+11	1.41097e+12	0	-9382.52	2112.52	0	-7.65072e+21	-3.55771e+22	0	8.681e+25	2.55305e+12	1.32205e+12	0	-3130.12	6039.53	0	-1.24221e+21	-6.42006e+20	0	1.024e+26	4.36182e+12	1.08601e+12	0	-1316.92	5269.08	0	-6.54536e+20	-1.62456e+20	0	7.342e+22	-1.18981e+11	9.18519e+10	0	-18549.3	-24461.5	0	4.48919e+20	-4.41674e+20	0	
10	1.9891e+30	1.80285e+09	2.95274e+09	0	-0.674251	26.9886	0	-4.58112e+23	-1.0808e+23	0	3.285e+23	-3.43853e+09	6.151e+10	0	-47347.6	-3868.46	0	1.12272e+21	-1.25668e+22	0	4.867e+24	-5.41784e+10	-8.81222e+10	0	29980.9	-18576.6	0	2.96066e+22	4.81613e+22	0	5.972e+24	-1.43734e+11	3.79209e+10	0	-6949.13	-28930.3	0	3.4479e+22	-8.07628e+21	0	6.39e+23	-2.18559e+11	5.38984e+10	0	-5449.58	-23612.4	0	1.61549e+21	-3.73666e+20	0	1.898e+27	-7.43955e+11	-2.16484e+11	0	3695.27	-12516.8	0	4.00006e+23	1.17712e+23	0	5.683e+26	2.85559e+11	1.41507e+12	0	-9408.61	1987.15	0	-7.1737e+21	-3.56691e+22	0	8.681e+25	2.54676e+12	1.33411e+12	0	-3158.7	6024.67	0	-1.23919e+21	-6.47883e+20	0	1.024e+26	4.35917e+12	1.09654e+12	0	-1329.71	5265.89	0	-6.54148e+20	-1.64034e+20	0	7.342e+22	-1.436e+11	3.82729e+10	0	-7914.13	-28561.3	0	3.49506e+20	-2.95571e+20	0	
10	1.9891e+30	1.80105e+09	3.0066e+09	0	-1.12394	26.8546	0	-4.30619e+23	-1.57645e+23	0	3.285e+23	-5.69479e+10	-4.10463e+09	0	5702.82	-46822.7	0	1.23626e+22	1.4944e+21	0	4.867e+24	1.32507e+10	-1.03616e+11	0	34991.2	3610.54	0	-5.99637e+21	5.58646e+22	0	5.972e+24	-1.45922e+11	-2.11449e+10	0	4807.65	-29372.5	0	3.51169e+22	5.77695e+21	0	6.39e+23	-2.24337e+11	5.86916e+09	0	-306.536	-24232.7	0	1.65822e+21	-2.11404e+19	0	1.898e+27	-7.36145e+11	-2.41389e+11	0	4114.62	-12385.7	0	3.95829e+23	1.31104e+23	0	5.683e+26	2.66717e+11	1.41892e+12	0	-9433.01	1861.47	0	-6.6957e+21	-3.57547e+22	0	8.681e+25	2.54041e+12	1.34614e+12	0	-3187.22	6009.68	0	-1.23614e+21	-6.53746e+20	0	1.024e+26	4.3565e+12	1.10707e+12	0	-1342.48	5262.68	0	-6.53756e+20	-1.65611e+20	0	7.342e+22	-1.4557e+11	-2.10206e+10	0	4451.61	-28384.5	0	2.33513e+20	6.011e+17	0	
10	1.9891e+30	1.79839e+09	3.06014e+09	0	-1.52994	26.6809	0	-3.74601e+23	-1.80005e+23	0	3.285e+23	1.08525e+10	-5.4937e+10	0	46957.9	7692.68	0	-1.95019e+21	1.25051e+22	0	4.867e+24	7.59677e+10	-7.48147e+10	0	25483.5	24125.4	0	-3.85264e+22	4.04554e+22	0	5.972e+24	-1.25024e+11	-7.6436e+10	0	15810.9	-25213.4	0	3.01553e+22	1.86907e+22	0	6.39e+23	-2.19775e+11	-4.22916e+10	0	4850.64	-23743.6	0	1.62449e+21	3.32404e+20	0	1.898e+27	-7.275e+11	-2.66017e+11	0	4529.32	-12240.6	0	3.91205e+23	1.44348e+23	0	5.683e+26	2.47828e+11	1.42252e+12	0	-9455.73	1735.5	0	-6.21679e+21	-3.58339e+22	0	8.681e+25	2.53401e+12	1.35815e+12	0	-3215.66	5994.55	0	-1.23306e+21	-6.59595e+20	0	1.024e+26	4.3538e+12	1.1176e+12	0	-1355.24	5259.43	0	-6.53361e+20	-1.67188e+20	0	7.342e+22	-1.24695e+11	-7.66301e+10	0	16306.3	-24321	0	1.96087e+20	3.34554e+20	0	
10	1.9891e+30	1.79497e+09	3.11332e+09	0	-1.88221	26.5088	0	-3.33136e+23	-1.56687e+23	0	3.285e+23	5.87567e+10	1.57783e+10	0	-10318.3	46764.3	0	-1.25025e+22	-2.77769e+21	0	4.867e+24	1.08143e+11	-1.38993e+10	0	5557.95	34605.9	0	-5.50031e+22	8.80231e+21	0	5.972e+24	-8.43054e+10	-1.19305e+11	0	24347.6	-17103.6	0	2.04039e+22	2.87571e+22	0	6.39e+23	-2.05083e+11	-8.83795e+10	0	9784.22	-22168	0	1.51594e+21	6.704e+20	0	1.898e+27	-7.18031e+11	-2.90342e+11	0	4938.92	-12081.5	0	3.86136e+23	1.57429e+23	0	5.683e+26	2.28896e+11	1.42586e+12	0	-9476.77	1609.26	0	-5.73708e+21	-3.59066e+22	0	8.681e+25	2.52755e+12	1.37012e+12	0	-3244.03	5979.28	0	-1.22996e+21	-6.6543e+20	0	1.024e+26	4.35108e+12	1.12811e+12	0	-1368	5256.14	0	-6.52962e+20	-1.68763e+20	0	7.342e+22	-8.42211e+10	-1.19681e+11	0	25336.7	-16887.5	0	2.05899e+20	5.47155e+20	0	
10	1.9891e+30	1.79087e+09	3.16619e+09	0	-2.21602	26.3664	0	-3.36756e+23	-1.31064e+23	0	3.285e+23	-1.42829e+10	5.97982e+10	0	-45732.7	-12609.9	0	3.43388e+21	-1.21061e+22	0	4.867e+24	9.66716e+10	5.40049e+10	0	-16623.6	30875.9	0	-4.91531e+22	-2.63328e+22	0	5.972e+24	-3.01291e+10	-1.43041e+11	0	29085.5	-6313.03	0	7.43656e+21	3.44222e+22	0	6.39e+23	-1.80938e+11	-1.30287e+11	0	14267.3	-19579.7	0	1.33777e+21	9.7707e+20	0	1.898e+27	-7.07748e+11	-3.14334e+11	0	5342.94	-11908.8	0	3.8063e+23	1.70333e+23	0	5.683e+26	2.09923e+11	1.42895e+12	0	-9496.11	1482.78	0	-5.25664e+21	-3.59729e+22	0	8.681e+25	2.52103e+12	1.38207e+12	0	-3272.33	5963.89	0	-1.22682e+21	-6.7125e+20	0	1.024e+26	4.34833e+12	1.13862e+12	0	-1380.75	5252.83	0	-6.52559e+20	-1.70338e+20	0	7.342e+22	-3.03493e+10	-1.43355e+11	0	29921.7	-6899.03	0	2.06838e+20	5.85712e+20	0	
10	1.9891e+30	1.78609e+09	3.21879e+09	0	-2.56283	26.2344	0	-3.51319e+23	-1.35388e+23	0	3.285e+23	-5.46348e+10	-1.45803e+10	0	14290.2	-44966.4	0	1.18826e+22	3.74652e+21	0	4.867e+24	4.62112e+10	1.00994e+11	0	-32044.2	14413.3	0	-2.31772e+22	-5.10006e+22	0	5.972e+24	2.9035e+10	-1.4392e+11	0	29281.7	5468.25	0	-6.64524e+21	3.47857e+22	0	6.39e+23	-1.48451e+11	-1.66102e+11	0	18094.5	-16099.3	0	1.09855e+21	1.23823e+21	0	1.898e+27	-6.96663e+11	-3.37968e+11	0	5740.93	-11722.6	0	3.74692e+23	1.83045e+23	0	5.683e+26	1.90912e+11	1.43179e+12	0	-9513.76	1356.07	0	-4.77556e+21	-3.60327e+22	0	8.681e+25	2.51446e+12	1.39398e+12	0	-3300.56	5948.36	0	-1.22366e+21	-6.77055e+20	0	1.024e+26	4.34555e+12	1.14912e+12	0	-1393.49	5249.49	0	-6.52152e+20	-1.71912e+20	0	7.342e+22	2.86562e+10	-1.43972e+11	0	29400.3	4458.12	0	1.20061e+20	4.55645e+20	0	
10	1.9891e+30	1.78061e+09	3.27112e+09	0	-2.91716	26.0917	0	-3.51851e+23	-1.47067e+23	0	3.285e+23	2.15099e+10	-5.19324e+10	0	44753.7	16357.1	0	-4.26864e+21	1.19498e+22	0	4.867e+24	-2.25905e+10	1.07518e+11	0	-34273.5	-8156.97	0	1.28287e+22	-5.48941e+22	0	5.972e+24	8.39339e+10	-1.21788e+11	0	24898.7	16395.7	0	-1.96e+22	2.9737e+22	0	6.39e+23	-1.09113e+11	-1.94196e+11	0	21092	-11888.5	0	8.09655e+20	1.44198e+21	0	1.898e+27	-6.84788e+11	-3.61216e+11	0	6132.45	-11523.1	0	3.68329e+23	1.9555e+23	0	5.683e+26	1.71869e+11	1.43438e+12	0	-9529.72	1229.17	0	-4.29394e+21	-3.6086e+22	0	8.681e+25	2.50783e+12	1.40586e+12	0	-3328.72	5932.69	0	-1.22048e+21	-6.82845e+20	0	1.024e+26	4.34275e+12	1.15962e+12	0	-1406.22	5246.12	0	-6.51741e+20	-1.73484e+20	0	7.342e+22	8.36561e+10	-1.21541e+11	0	24184.5	15619.5	0	-8.15901e+19	2.24903e+20	0	
10	1.9891e+30	1.77442e+09	3.32316e+09	0	-3.27276	25.9419	0	-3.58876e+23	-1.51632e+23	0	3.285e+23	5.53338e+10	2.65437e+10	0	-18910.3	43975.2	0	-1.17418e+22	-5.08837e+21	0	4.867e+24	-8.11786e+10	7.05451e+10	0	-22162.4	-27489	0	4.40299e+22	-3.56863e+22	0	5.972e+24	1.25978e+11	-8.00914e+10	0	16613.6	24759.5	0	-2.93913e+22	1.99554e+22	0	6.39e+23	-6.47266e+10	-2.13298e+11	0	23125	-7142.15	0	4.84685e+20	1.57928e+21	0	1.898e+27	-6.72138e+11	-3.84052e+11	0	6517.03	-11310.6	0	3.61549e+23	2.07834e+23	0	5.683e+26	1.52795e+11	1.43671e+12	0	-9543.99	1102.08	0	-3.81185e+21	-3.61328e+22	0	8.681e+25	2.50115e+12	1.41771e+12	0	-3356.8	5916.89	0	-1.21726e+21	-6.8862e+20	0	1.024e+26	4.33993e+12	1.17011e+12	0	-1418.95	5242.71	0	-6.51326e+20	-1.75056e+20	0	7.342e+22	1.25997e+11	-7.97173e+10	0	15573.4	24797.2	0	-3.73713e+20	3.43346e+19	0	
10	1.9891e+30	1.76751e+09	3.37488e+09	0	-3.64319	25.7786	0	-3.76507e+23	-1.79091e+23	0	3.285e+23	-2.45771e+10	5.6102e+10	0	-42528.9	-20877.5	0	5.6085e+21	-1.12298e+22	0	4.867e+24	-1.0487e+11	5.32992e+09	0	-650.355	-35334.9	0	5.67881e+22	-1.0456e+21	0	5.972e+24	1.48586e+11	-2.53399e+10	0	5719.5	29254.9	0	-3.4605e+22	6.92834e+21	0	6.39e+23	-1.73168e+10	-2.22551e+11	0	24104	-2078.15	0	1.38759e+20	1.64425e+21	0	1.898e+27	-6.58725e+11	-4.0645e+11	0	6894.26	-11085.2	0	3.54358e+23	2.19883e+23	0	5.683e+26	1.33694e+11	1.43879e+12	0	-9556.55	974.851	0	-3.32939e+21	-3.61732e+22	0	8.681e+25	2.4944e+12	1.42953e+12	0	-3384.81	5900.96	0	-1.21402e+21	-6.94381e+20	0	1.024e+26	4.33708e+12	1.18059e+12	0	-1431.67	5239.28	0	-6.50908e+20	-1.76627e+20	0	7.342e+22	1.48881e+11	-2.51052e+10	0	5075.66	30065.2	0	-5.87221e+20	-4.53117e+19	0	
10	1.9891e+30	1.75985e+09	3.42624e+09	0	-4.01891	25.5736	0	-3.63056e+23	-2.28856e+23	0	3.285e+23	-5.03897e+10	-2.44487e+10	0	22395.4	-41557.5	0	1.1e+22	5.87745e+21	0	4.867e+24	-8.35891e+10	-6.07096e+10	0	21137.1	-28283.4	0	4.53189e+22	3.40506e+22	0	5.972e+24	1.48218e+11	3.39068e+10	0	-6075.54	29181.5	0	-3.4484e+22	-7.25696e+21	0	6.39e+23	3.09586e+10	-2.21551e+11	0	23988.2	3072.4	0	-2.12254e+20	1.63447e+21	0	1.898e+27	-6.44566e+11	-4.28384e+11	0	7263.7	-10847.3	0	3.46765e+23	2.31684e+23	0	5.683e+26	1.14569e+11	1.44061e+12	0	-9567.42	847.486	0	-2.84663e+21	-3.62071e+22	0	8.681e+25	2.48761e+12	1.44131e+12	0	-3412.74	5884.9	0	-1.21075e+21	-7.00126e+20	0	1.024e+26	4.3342e+12	1.19106e+12	0	-1444.37	5235.81	0	-6.50486e+20	-1.78197e+20	0	7.342e+22	1.48589e+11	3.38331e+10	0	-5896.24	30200.2	0	-6.24489e+20	-4.8073e+19	0	
10	1.9891e+30	1.75146e+09	3.47715e+09	0	-4.3602	25.3275	0	-3.12859e+23	-2.5267e+23	0	3.285e+23	3.14575e+10	-4.698e+10	0	40953.8	24474.5	0	-6.45172e+21	1.09625e+22	0	4.867e+24	-2.63965e+10	-9.97979e+10	0	33950	-9403.22	0	1.48307e+22	5.44029e+22	0	5.972e+24	1.24928e+11	8.83822e+10	0	-16918.8	24551.4	0	-2.90655e+22	-2.02701e+22	0	6.39e+23	7.79108e+10	-2.10359e+11	0	22786.5	8076.14	0	-5.52475e+20	1.55089e+21	0	1.898e+27	-6.29676e+11	-4.49831e+11	0	7624.92	-10597	0	3.38779e+23	2.43223e+23	0	5.683e+26	9.54252e+10	1.44218e+12	0	-9576.59	720.013	0	-2.36368e+21	-3.62346e+22	0	8.681e+25	2.48075e+12	1.45307e+12	0	-3440.59	5868.7	0	-1.20745e+21	-7.05856e+20	0	1.024e+26	4.3313e+12	1.20153e+12	0	-1457.08	5232.32	0	-6.5006e+20	-1.79766e+20	0	7.342e+22	1.25128e+11	8.80511e+10	0	-16060.9	25075.4	0	-4.6029e+20	-7.87088e+19	0	
10	1.9891e+30	1.74244e+09	3.52755e+09	0	-4.65242	25.0809	0	-2.74619e+23	-2.33149e+23	0	3.285e+23	4.99805e+10	3.64703e+10	0	-26811.5	39616.9	0	-1.05555e+22	-7.20604e+21	0	4.867e+24	4.25898e+10	-9.57807e+10	0	32543.2	13239	0	-2.13127e+22	5.18225e+22	0	5.972e+24	8.23618e+10	1.29568e+11	0	-25108.6	16086.8	0	-1.91398e+22	-3.00259e+22	0	6.39e+23	1.21418e+11	-1.89494e+11	0	20556.9	12707.9	0	-8.66726e+20	1.39775e+21	0	1.898e+27	-6.14072e+11	-4.70764e+11	0	7977.53	-10334.8	0	3.30409e+23	2.54486e+23	0	5.683e+26	7.62643e+10	1.44349e+12	0	-9584.06	592.455	0	-1.88062e+21	-3.62556e+22	0	8.681e+25	2.47384e+12	1.46479e+12	0	-3468.37	5852.37	0	-1.20412e+21	-7.1157e+20	0	1.024e+26	4.32837e+12	1.21199e+12	0	-1469.77	5228.79	0	-6.4963e+20	-1.81334e+20	0	7.342e+22	8.22568e+10	1.29199e+11	0	-24127.9	15793.4	0	-1.81293e+20	-1.76723e+20	0	
10	1.9891e+30	1.73286e+09	3.57749e+09	0	-4.92473	24.8586	0	-2.7058e+23	-2.12276e+23	0	3.285e+23	-3.39654e+10	5.05633e+10	0	-37858.5	-28389.4	0	7.575e+21	-9.97358e+21	0	4.867e+24	9.47097e+10	-5.06507e+10	0	17726.4	30252.6	0	-4.8173e+22	2.81e+22	0	5.972e+24	2.71793e+10	1.51029e+11	0	-29362.6	5109.48	0	-6.20391e+21	-3.49819e+22	0	6.39e+23	1.5952e+11	-1.59913e+11	0	17402.5	16760.6	0	-1.14116e+21	1.18231e+21	0	1.898e+27	-5.97772e+11	-4.91162e+11	0	8321.12	-10060.8	0	3.21664e+23	2.65462e+23	0	5.683e+26	5.70901e+10	1.44455e+12	0	-9589.83	464.835	0	-1.39753e+21	-3.62701e+22	0	8.681e+25	2.46688e+12	1.47647e+12	0	-3496.08	5835.91	0	-1.20077e+21	-7.17269e+20	0	1.024e+26	4.32542e+12	1.22245e+12	0	-1482.45	5225.24	0	-6.49197e+20	-1.82901e+20	0	7.342e+22	2.68359e+10	1.50861e+11	0	-28920.4	4189.45	0	1.06693e+20	-3.42617e+20	0	
10	1.9891e+30	1.72274e+09	3.62699e+09	0	-5.19758	24.6487	0	-2.70959e+23	-2.05959e+23	0	3.285e+23	-4.43573e+10	-3.33625e+10	0	29742.1	-36706.8	0	9.74111e+21	7.81684e+21	0	4.867e+24	1.08617e+11	1.67916e+10	0	-4306.86	34782.3	0	-5.52837e+22	-6.80515e+21	0	5.972e+24	-3.19869e+10	1.49423e+11	0	-29020.7	-6665.17	0	7.78066e+21	-3.44173e+22	0	6.39e+23	1.90506e+11	-1.22958e+11	0	13467.4	20054.1	0	-1.36385e+21	9.14443e+20	0	1.898e+27	-5.80794e+11	-5.11e+11	0	8655.3	-9775.44	0	3.12554e+23	2.76137e+23	0	5.683e+26	3.79061e+10	1.44535e+12	0	-9593.89	337.175	0	-9.14504e+20	-3.62782e+22	0	8.681e+25	2.45986e+12	1.48813e+12	0	-3523.7	5819.32	0	-1.19739e+21	-7.22952e+20	0	1.024e+26	4.32244e+12	1.23289e+12	0	-1495.13	5221.65	0	-6.4876e+20	-1.84467e+20	0	7.342e+22	-3.23348e+10	1.49563e+11	0	-29435.8	-7618.67	0	2.91427e+20	-5.00581e+20	0	
10	1.9891e+30	1.71207e+09	3.67609e+09	0	-5.46926	24.4475	0	-2.71881e+23	-1.91407e+23	0	3.285e+23	4.03391e+10	-4.02425e+10	0	35684.3	31750.3	0	-8.41748e+21	9.57365e+21	0	4.867e+24	7.86557e+10	7.88254e+10	0	-24596.2	25030.4	0	-3.99612e+22	-3.9024e+22	0	5.972e+24	-8.58849e+10	1.25018e+11	0	-24144.5	-17396.5	0	2.06574e+22	-2.84965e+22	0	6.39e+23	2.12987e+11	-8.03003e+10	0	8929.21	22442.5	0	-1.52517e+21	6.06181e+20	0	1.898e+27	-5.63157e+11	-5.30256e+11	0	8979.7	-9478.97	0	3.03089e+23	2.86499e+23	0	5.683e+26	1.87157e+10	1.4459e+12	0	-9596.26	209.497	0	-4.31619e+20	-3.62798e+22	0	8.681e+25	2.45279e+12	1.49975e+12	0	-3551.25	5802.6	0	-1.19399e+21	-7.2862e+20	0	1.024e+26	4.31944e+12	1.24333e+12	0	-1507.79	5218.03	0	-6.48318e+20	-1.86032e+20	0	7.342e+22	-8.59883e+10	1.25373e+11	0	-25158.3	-17703.1	0	3.12906e+20	-5.56875e+20	0	
10	1.9891e+30	1.70085e+09	3.7248e+09	0	-5.75522	24.2646	0	-3.03443e+23	-1.7631e+23	0	3.285e+23	4.28914e+10	4.52124e+10	0	-33737.8	33853.9	0	-8.99114e+21	-9.053e+21	0	4.867e+24	1.70164e+10	1.09876e+11	0	-34839.8	4878.6	0	-8.02543e+21	-5.55945e+22	0	5.972e+24	-1.2609e+11	8.16453e+10	0	-15503.7	-25403.8	0	3.03271e+22	-1.82565e+22	0	6.39e+23	2.25955e+11	-3.38621e+10	0	3991.51	23820.6	0	-1.61821e+21	2.71207e+20	0	1.898e+27	-5.44881e+11	-5.48909e+11	0	9293.93	-9171.76	0	2.9328e+23	2.96537e+23	0	5.683e+26	-4.77815e+08	1.44619e+12	0	-9596.93	81.8254	0	5.10344e+19	-3.6275e+22	0	8.681e+25	2.44566e+12	1.51134e+12	0	-3578.72	5785.75	0	-1.19055e+21	-7.34271e+20	0	1.024e+26	4.31641e+12	1.25377e+12	0	-1520.45	5214.38	0	-6.47874e+20	-1.87596e+20	0	7.342e+22	-1.2588e+11	8.19606e+10	0	-16366.3	-24847.6	0	2.57839e+20	-3.96918e+20	0	
10	1.9891e+30	1.68902e+09	3.77314e+09	0	-6.08604	24.0771	0	-3.52705e+23	-2.06039e+23	0	3.285e+23	-4.21251e+10	4.33869e+10	0	-31890.7	-34892.9	0	9.2702e+21	-8.38427e+21	0	4.867e+24	-5.09387e+10	9.68413e+10	0	-30642.7	-17471	0	2.7817e+22	-4.92018e+22	0	5.972e+24	-1.46322e+11	2.60956e+10	0	-4447.81	-29432	0	3.51878e+22	-5.25044e+21	0	6.39e+23	2.28832e+11	1.42673e+10	0	-1124.94	24127.6	0	-1.63899e+21	-7.57259e+19	0	1.898e+27	-5.25988e+11	-5.66936e+11	0	9597.66	-8854.14	0	2.83139e+23	3.06239e+23	0	5.683e+26	-1.96709e+10	1.44622e+12	0	-9595.9	-45.8182	0	5.33372e+20	-3.62638e+22	0	8.681e+25	2.43847e+12	1.52289e+12	0	-3606.11	5768.77	0	-1.18709e+21	-7.39907e+20	0	1.024e+26	4.31336e+12	1.26419e+12	0	-1533.1	5210.7	0	-6.47425e+20	-1.89159e+20	0	7.342e+22	-1.45946e+11	2.61498e+10	0	-4601.9	-28411.7	0	2.31612e+20	-9.43483e+19	0	
10	1.9891e+30	1.67649e+09	3.82107e+09	0	-6.45161	23.8368	0	-3.65534e+23	-2.7446e+23	0	3.285e+23	-3.67423e+10	-4.1004e+10	0	36076.6	-30573	0	8.14405e+21	9.499e+21	0	4.867e+24	-9.68158e+10	4.4843e+10	0	-13539.7	-32637.2	0	5.2393e+22	-2.1827e+22	0	5.972e+24	-1.43423e+11	-3.29428e+10	0	7300.47	-28850.3	0	3.44505e+22	8.56096e+21	0	6.39e+23	2.21488e+11	6.19242e+10	0	-6191.75	23349.9	0	-1.5866e+21	-4.1938e+20	0	1.898e+27	-5.06498e+11	-5.84318e+11	0	9890.53	-8526.49	0	2.72676e+23	3.15594e+23	0	5.683e+26	-3.88603e+10	1.446e+12	0	-9593.18	-173.411	0	1.01531e+21	-3.62461e+22	0	8.681e+25	2.43123e+12	1.53442e+12	0	-3633.42	5751.66	0	-1.18361e+21	-7.45526e+20	0	1.024e+26	4.31028e+12	1.27461e+12	0	-1545.74	5206.99	0	-6.46973e+20	-1.90721e+20	0	7.342e+22	-1.43129e+11	-3.31912e+10	0	7940.95	-28066.1	0	2.72064e+20	2.35213e+20	0	
10	1.9891e+30	1.66322e+09	3.86844e+09	0	-6.80534	23.5296	0	-3.33371e+23	-3.31129e+23	0	3.285e+23	4.7834e+10	-3.19474e+10	0	29125.5	37915.9	0	-1.00902e+22	7.82974e+21	0	4.867e+24	-1.0119e+11	-2.44232e+10	0	9325.4	-34083.4	0	5.47462e+22	1.50538e+22	0	5.972e+24	-1.17849e+11	-8.62386e+10	0	17911.2	-23751.7	0	2.82685e+22	2.11055e+22	0	6.39e+23	2.04249e+11	1.06965e+11	0	-10982.6	21521.5	0	-1.46326e+21	-7.44636e+20	0	1.898e+27	-4.86433e+11	-6.01036e+11	0	10172.2	-8189.16	0	2.61905e+23	3.24591e+23	0	5.683e+26	-5.80425e+10	1.44553e+12	0	-9588.76	-300.93	0	1.49676e+21	-3.62221e+22	0	8.681e+25	2.42394e+12	1.5459e+12	0	-3660.65	5734.42	0	-1.18009e+21	-7.51129e+20	0	1.024e+26	4.30718e+12	1.28502e+12	0	-1558.37	5203.25	0	-6.46516e+20	-1.92282e+20	0	7.342e+22	-1.17827e+11	-8.66227e+10	0	18924	-23713	0	3.34709e+20	4.59243e+20	0	
10	1.9891e+30	1.64929e+09	3.91516e+09	0	-7.12031	23.1806	0	-2.94426e+23	-3.60807e+23	0	3.285e+23	3.43221e+10	5.24675e+10	0	-39443.5	26901.5	0	-7.11068e+21	-1.05629e+22	0	4.867e+24	-6.22055e+10	-8.17766e+10	0	28211.8	-21180.2	0	3.3806e+22	4.53602e+22	0	5.972e+24	-7.35974e+10	-1.25455e+11	0	25729.2	-14935.9	0	1.76507e+22	3.04514e+22	0	6.39e+23	1.77884e+11	1.47362e+11	0	-15282.7	18722.8	0	-1.2742e+21	-1.0371e+21	0	1.898e+27	-4.65817e+11	-6.17069e+11	0	10442.4	-7842.54	0	2.50836e+23	3.3322e+23	0	5.683e+26	-7.72142e+10	1.4448e+12	0	-9582.64	-428.354	0	1.97763e+21	-3.61917e+22	0	8.681e+25	2.41659e+12	1.55735e+12	0	-3687.79	5717.05	0	-1.17655e+21	-7.56716e+20	0	1.024e+26	4.30405e+12	1.29542e+12	0	-1571	5199.48	0	-6.46056e+20	-1.93842e+20	0	7.342e+22	-7.38671e+10	-1.25721e+11	0	26450.5	-15678.6	0	3.63233e+20	5.17309e+20	0	
10	1.9891e+30	1.63477e+09	3.96115e+09	0	-7.39705	22.804	0	-2.53317e+23	-3.88314e+23	0	3.285e+23	-4.87792e+10	3.48322e+10	0	-24836.9	-40172.6	0	1.06412e+22	-6.51858e+21	0	4.867e+24	3.58985e+09	-1.03213e+11	0	35179.5	489.434	0	-1.02316e+21	5.62201e+22	0	5.972e+24	-1.75869e+10	-1.44451e+11	0	29530.5	-3783.94	0	4.3436e+21	3.51192e+22	0	6.39e+23	1.43574e+11	1.81291e+11	0	-18898.5	15077.4	0	-1.02754e+21	-1.28368e+21	0	1.898e+27	-4.44672e+11	-6.324e+11	0	10700.7	-7487.04	0	2.39482e+23	3.41472e+23	0	5.683e+26	-9.6372e+10	1.44382e+12	0	-9574.84	-555.659	0	2.45785e+21	-3.61548e+22	0	8.681e+25	2.40919e+12	1.56877e+12	0	-3714.86	5699.55	0	-1.17299e+21	-7.62286e+20	0	1.024e+26	4.30089e+12	1.30582e+12	0	-1583.61	5195.68	0	-6.45593e+20	-1.95402e+20	0	7.342e+22	-1.79646e+10	-1.44426e+11	0	29449	-4808.54	0	2.60801e+20	4.17681e+20	0	
10	1.9891e+30	1.61974e+09	4.00636e+09	0	-7.62167	22.4048	0	-1.90142e+23	-3.9992e+23	0	3.285e+23	-2.78061e+10	-4.71006e+10	0	41178.2	-23359.7	0	6.25846e+21	1.08657e+22	0	4.867e+24	6.8617e+10	-8.00802e+10	0	27516.9	21778.3	0	-3.48294e+22	4.37171e+22	0	5.972e+24	4.14254e+10	-1.40243e+11	0	28713.7	7960.18	0	-9.54406e+21	3.4301e+22	0	6.39e+23	1.02856e+11	2.07213e+11	0	-21665.8	10746.8	0	-7.33981e+20	-1.47318e+21	0	1.898e+27	-4.23022e+11	-6.47011e+11	0	10947	-7123.03	0	2.27857e+23	3.49336e+23	0	5.683e+26	-1.15512e+11	1.44258e+12	0	-9565.34	-682.824	0	2.93733e+21	-3.61117e+22	0	8.681e+25	2.40173e+12	1.58015e+12	0	-3741.84	5681.92	0	-1.16939e+21	-7.6784e+20	0	1.024e+26	4.29771e+12	1.3162e+12	0	-1596.21	5191.85	0	-6.45125e+20	-1.9696e+20	0	7.342e+22	4.12059e+10	-1.39945e+11	0	27855.8	7340.88	0	1.05499e+19	2.49662e+20	0	
10	1.9891e+30	1.60433e+09	4.05077e+09	0	-7.77988	22.0159	0	-1.29561e+23	-3.65729e+23	0	3.285e+23	5.367e+10	-2.23815e+10	0	21508.2	42741.3	0	-1.1404e+22	5.79178e+21	0	4.867e+24	1.06041e+11	-2.2248e+10	0	8585.88	33975.8	0	-5.4019e+22	1.36056e+22	0	5.972e+24	9.42094e+10	-1.13472e+11	0	23397.8	18461.8	0	-2.18628e+22	2.80155e+22	0	6.39e+23	5.75615e+10	2.23949e+11	0	-23457.4	5924.41	0	-4.06387e+20	-1.59677e+21	0	1.898e+27	-4.00892e+11	-6.60886e+11	0	11180.9	-6750.95	0	2.15974e+23	3.56804e+23	0	5.683e+26	-1.34632e+11	1.44108e+12	0	-9554.16	-809.825	0	3.41599e+21	-3.60621e+22	0	8.681e+25	2.39422e+12	1.5915e+12	0	-3768.74	5664.17	0	-1.16577e+21	-7.73376e+20	0	1.024e+26	4.29451e+12	1.32658e+12	0	-1608.81	5187.99	0	-6.44654e+20	-1.98517e+20	0	7.342e+22	9.43085e+10	-1.13109e+11	0	22388.6	18708.2	0	-3.25779e+20	1.42395e+20	0	
10	1.9891e+30	1.58864e+09	4.09446e+09	0	-7.89966	21.6774	0	-1.18251e+23	-3.09012e+23	0	3.285e+23	2.45819e+10	5.79853e+10	0	-43729	19016.6	0	-4.98715e+21	-1.16835e+22	0	4.867e+24	1.00601e+11	4.63881e+10	0	-13833.4	32212.6	0	-5.12582e+22	-2.18919e+22	0	5.972e+24	1.32505e+11	-6.83122e+10	0	14411.6	26083.1	0	-3.08185e+22	1.7234e+22	0	6.39e+23	9.73364e+09	2.30726e+11	0	-24189.2	826.514	0	-5.93089e+19	-1.64846e+21	0	1.898e+27	-3.78307e+11	-6.7401e+11	0	11402.1	-6371.22	0	2.03846e+23	3.63868e+23	0	5.683e+26	-1.53728e+11	1.43934e+12	0	-9541.3	-936.641	0	3.89373e+21	-3.60063e+22	0	8.681e+25	2.38665e+12	1.60281e+12	0	-3795.56	5646.29	0	-1.16213e+21	-7.78897e+20	0	1.024e+26	4.29128e+12	1.33696e+12	0	-1621.4	5184.09	0	-6.44179e+20	-2.00073e+20	0	7.342e+22	1.32847e+11	-6.81394e+10	0	13947.1	26989.8	0	-5.58609e+20	1.19391e+20	0	
10	1.9891e+30	1.57272e+09	4.13751e+09	0	-8.03004	21.3834	0	-1.4276e+23	-2.82637e+23	0	3.285e+23	-5.37003e+10	2.52012e+10	0	-16941.6	-44055	0	1.16463e+22	-4.44042e+21	0	4.867e+24	5.44959e+10	9.76339e+10	0	-30636.9	17184.6	0	-2.75777e+22	-4.87127e+22	0	5.972e+24	1.50315e+11	-1.18215e+10	0	3164.39	29633	0	-3.50388e+22	3.70829e+21	0	6.39e+23	-3.84633e+10	2.27223e+11	0	-23824.5	-4316.54	0	2.91636e+20	-1.62544e+21	0	1.898e+27	-3.55292e+11	-6.86366e+11	0	11610.4	-5984.25	0	1.91487e+23	3.70519e+23	0	5.683e+26	-1.72796e+11	1.43734e+12	0	-9526.76	-1063.25	0	4.37049e+21	-3.59441e+22	0	8.681e+25	2.37904e+12	1.61408e+12	0	-3822.29	5628.28	0	-1.15845e+21	-7.844e+20	0	1.024e+26	4.28802e+12	1.34732e+12	0	-1633.97	5180.17	0	-6.437e+20	-2.01628e+20	0	7.342e+22	1.50673e+11	-1.19595e+10	0	3522.64	30591.1	0	-6.16586e+20	1.18256e+20	0	
10	1.9891e+30	1.55651e+09	4.18e+09	0	-8.18378	21.0994	0	-1.6027e+23	-2.84142e+23	0	3.285e+23	-1.78534e+10	-5.14317e+10	0	44863.6	-15307.6	0	4.14395e+21	1.18668e+22	0	4.867e+24	-1.34446e+10	1.10223e+11	0	-34857.1	-5081.71	0	7.88607e+21	-5.57755e+22	0	5.972e+24	1.44846e+11	4.71656e+10	0	-8578.05	28554.3	0	-3.38591e+22	-1.03601e+22	0	6.39e+23	-8.48407e+10	2.13585e+11	0	-22376.2	-9270.86	0	6.30444e+20	-1.52825e+21	0	1.898e+27	-3.31874e+11	-6.97942e+11	0	11805.5	-5590.5	0	1.78911e+23	3.7675e+23	0	5.683e+26	-1.91834e+11	1.43509e+12	0	-9510.54	-1189.63	0	4.84618e+21	-3.58756e+22	0	8.681e+25	2.37137e+12	1.62532e+12	0	-3848.93	5610.14	0	-1.15475e+21	-7.89886e+20	0	1.024e+26	4.28474e+12	1.35768e+12	0	-1646.54	5176.22	0	-6.43218e+20	-2.03182e+20	0	7.342e+22	1.4499e+11	4.68069e+10	0	-7641.89	28922.7	0	-4.90241e+20	5.78178e+19	0	
10	1.9891e+30	1.53998e+09	4.22191e+09	0	-8.3498	20.8126	0	-1.71276e+23	-2.85646e+23	0	3.285e+23	5.76361e+10	-1.18803e+10	0	13105.8	46044.6	0	-1.23059e+22	3.53451e+21	0	4.867e+24	-7.50864e+10	7.86094e+10	0	-24525	-25404.9	0	4.06447e+22	-3.94633e+22	0	5.972e+24	1.1695e+11	9.9422e+10	0	-18973.3	23012.3	0	-2.74146e+22	-2.27227e+22	0	6.39e+23	-1.27286e+11	1.90416e+11	0	-19907	-13809.7	0	9.41464e+20	-1.36088e+21	0	1.898e+27	-3.08079e+11	-7.08724e+11	0	11987.4	-5190.41	0	1.66132e+23	3.82554e+23	0	5.683e+26	-2.10837e+11	1.43258e+12	0	-9492.65	-1315.75	0	5.32071e+21	-3.58009e+22	0	8.681e+25	2.36364e+12	1.63652e+12	0	-3875.5	5591.88	0	-1.15103e+21	-7.95355e+20	0	1.024e+26	4.28143e+12	1.36803e+12	0	-1659.1	5172.23	0	-6.42732e+20	-2.04735e+20	0	7.342e+22	1.16785e+11	9.90817e+10	0	-18051.9	22538.5	0	-2.48392e+20	-9.39096e+19	0	
10	1.9891e+30	1.5231e+09	4.26325e+09	0	-8.5335	20.521	0	-1.95502e+23	-2.99804e+23	0	3.285e+23	1.40215e+10	6.15819e+10	0	-46452.1	10488.8	0	-2.70155e+21	-1.23798e+22	0	4.867e+24	-1.04507e+11	1.57604e+10	0	-3805.09	-35142.8	0	5.64711e+22	-6.12804e+21	0	5.972e+24	7.09911e+10	1.36777e+11	0	-26392.9	13870.4	0	-1.66453e+22	-3.14171e+22	0	6.39e+23	-1.6386e+11	1.58762e+11	0	-16527	-17723.9	0	1.21017e+21	-1.13067e+21	0	1.898e+27	-2.83934e+11	-7.187e+11	0	12155.6	-4784.43	0	1.53165e+23	3.87923e+23	0	5.683e+26	-2.29803e+11	1.42982e+12	0	-9473.09	-1441.61	0	5.79401e+21	-3.57199e+22	0	8.681e+25	2.35586e+12	1.64769e+12	0	-3901.97	5573.5	0	-1.14728e+21	-8.00806e+20	0	1.024e+26	4.2781e+12	1.37837e+12	0	-1671.65	5168.22	0	-6.42242e+20	-2.06287e+20	0	7.342e+22	7.0626e+10	1.36685e+11	0	-26138.2	12865	0	-1.92709e+18	-3.36897e+20	0	
10	1.9891e+30	1.50583e+09	4.30397e+09	0	-8.73741	20.1976	0	-2.03362e+23	-3.47305e+23	0	3.285e+23	-5.67221e+10	1.48336e+10	0	-8474.39	-46414.2	0	1.22558e+22	-2.21836e+21	0	4.867e+24	-8.92061e+10	-5.1934e+10	0	18533.2	-30067	0	4.82082e+22	2.98819e+22	0	5.972e+24	1.41592e+10	1.53397e+11	0	-29681	2557.85	0	-3.16786e+21	-3.51661e+22	0	6.39e+23	-1.92887e+11	1.20058e+11	0	-12389	-20832.5	0	1.42387e+21	-8.48007e+20	0	1.898e+27	-2.59466e+11	-7.27858e+11	0	12310.1	-4373.02	0	1.40025e+23	3.92853e+23	0	5.683e+26	-2.48729e+11	1.42681e+12	0	-9451.87	-1567.16	0	6.26599e+21	-3.56327e+22	0	8.681e+25	2.34803e+12	1.65882e+12	0	-3928.36	5554.98	0	-1.1435e+21	-8.0624e+20	0	1.024e+26	4.27475e+12	1.3887e+12	0	-1684.19	5164.18	0	-6.41748e+20	-2.07838e+20	0	7.342e+22	1.38504e+10	1.53609e+11	0	-30281.7	1708.48	0	1.35857e+20	-5.50941e+20	0	
10	1.9891e+30	1.48816e+09	4.344e+09	0	-8.9264	19.8236	0	-1.65796e+23	-3.91536e+23	0	3.285e+23	-7.22825e+09	-5.38324e+10	0	46993.8	-6689.12	0	1.86925e+21	1.24626e+22	0	4.867e+24	-3.57103e+10	-9.59792e+10	0	32988	-12391.5	0	1.96235e+22	5.29132e+22	0	5.972e+24	-4.46548e+10	1.46697e+11	0	-28331.3	-9153.5	0	1.08991e+22	-3.34684e+22	0	6.39e+23	-2.13035e+11	7.6066e+10	0	-7681.88	-22990.9	0	1.57241e+21	-5.25852e+20	0	1.898e+27	-2.34703e+11	-7.36189e+11	0	12450.6	-3956.66	0	1.26727e+23	3.97337e+23	0	5.683e+26	-2.6761e+11	1.42355e+12	0	-9428.99	-1692.4	0	6.73657e+21	-3.55393e+22	0	8.681e+25	2.34015e+12	1.66991e+12	0	-3954.66	5536.35	0	-1.1397e+21	-8.11657e+20	0	1.024e+26	4.27137e+12	1.39902e+12	0	-1696.72	5160.1	0	-6.41251e+20	-2.09388e+20	0	7.342e+22	-4.4683e+10	1.47068e+11	0	-29380.3	-9251.36	0	1.49187e+20	-6.22931e+20	0	
10	1.9891e+30	1.47016e+09	4.38325e+09	0	-9.06589	19.4258	0	-1.14332e+23	-3.9227e+23	0	3.285e+23	5.9585e+10	-8.12446e+08	0	4223.54	47699.7	0	-1.27589e+22	1.14274e+21	0	4.867e+24	3.33745e+10	-9.81066e+10	0	33593.4	10303.9	0	-1.6664e+22	5.35415e+22	0	5.972e+24	-9.62545e+10	1.17739e+11	0	-22561.3	-19427.2	0	2.32504e+22	-2.66678e+22	0	6.39e+23	-2.23378e+11	2.87955e+10	0	-2621.55	-24098.5	0	1.64867e+21	-1.79152e+20	0	1.898e+27	-2.09672e+11	-7.43682e+11	0	12577.1	-3535.8	0	1.13285e+23	4.01371e+23	0	5.683e+26	-2.86443e+11	1.42004e+12	0	-9404.46	-1817.3	0	7.20567e+21	-3.54397e+22	0	8.681e+25	2.33221e+12	1.68096e+12	0	-3980.87	5517.58	0	-1.13587e+21	-8.17056e+20	0	1.024e+26	4.26796e+12	1.40934e+12	0	-1709.24	5156	0	-6.4075e+20	-2.10936e+20	0	7.342e+22	-9.59832e+10	1.1801e+11	0	-23293	-18722.9	0	1.41755e+20	-4.70943e+20	0	
10	1.9891e+30	1.45192e+09	4.42171e+09	0	-9.16759	19.0418	0	-9.34723e+22	-3.7241e+23	0	3.285e+23	3.01498e+09	6.31439e+10	0	-47528	1625.32	0	-3.38332e+20	-1.26332e+22	0	4.867e+24	8.92836e+10	-5.77639e+10	0	20326.8	28567	0	-4.55297e+22	3.22386e+22	0	5.972e+24	-1.32577e+11	7.10634e+10	0	-13272.4	-26653.9	0	3.18817e+22	-1.57636e+22	0	6.39e+23	-2.2344e+11	-1.95919e+10	0	2559.08	-24103.5	0	1.64899e+21	1.7591e+20	0	1.898e+27	-1.84404e+11	-7.50329e+11	0	12689.3	-3110.93	0	9.97154e+22	4.04949e+23	0	5.683e+26	-3.05226e+11	1.41629e+12	0	-9378.27	-1941.84	0	7.67321e+21	-3.53339e+22	0	8.681e+25	2.32423e+12	1.69198e+12	0	-4007	5498.7	0	-1.13201e+21	-8.22437e+20	0	1.024e+26	4.26453e+12	1.41965e+12	0	-1721.75	5151.86	0	-6.40246e+20	-2.12484e+20	0	7.342e+22	-1.32193e+11	7.10497e+10	0	-13234.1	-25635.4	0	1.93283e+20	-1.87887e+20	0	
10	1.9891e+30	1.43349e+09	4.45943e+09	0	-9.2585	18.6708	0	-8.65199e+22	-3.68206e+23	0	3.285e+23	-5.77449e+10	4.09215e+09	0	277.901	-47174.5	0	1.24516e+22	7.52304e+19	0	4.867e+24	1.09082e+11	8.17611e+09	0	-1224.05	35016.8	0	-5.56563e+22	-1.91875e+21	0	5.972e+24	-1.47952e+11	1.39721e+10	0	-1912.23	-29705	0	3.54384e+22	-2.40104e+21	0	6.39e+23	-2.1322e+11	-6.68822e+10	0	7621.36	-23005.8	0	1.57335e+21	5.2273e+20	0	1.898e+27	-1.58925e+11	-7.56123e+11	0	12787.2	-2682.54	0	8.60334e+22	4.08069e+23	0	5.683e+26	-3.23955e+11	1.41228e+12	0	-9350.45	-2065.99	0	8.13911e+21	-3.5222e+22	0	8.681e+25	2.31619e+12	1.70296e+12	0	-4033.03	5479.69	0	-1.12813e+21	-8.27801e+20	0	1.024e+26	4.26107e+12	1.42995e+12	0	-1734.25	5147.7	0	-6.39737e+20	-2.14031e+20	0	7.342e+22	-1.47702e+11	1.36786e+10	0	-1142.83	-29046	0	3.08116e+20	1.22936e+20	0	
10	1.9891e+30	1.41489e+09	4.4964e+09	0	-9.33795	18.3012	0	-7.06496e+22	-3.64469e+23	0	3.285e+23	3.69684e+09	-5.42072e+10	0	47482.6	2198.39	0	-4.88778e+20	1.2626e+22	0	4.867e+24	8.47146e+10	7.25886e+10	0	-22284	27092.8	0	-4.32185e+22	-3.53242e+22	0	5.972e+24	-1.39983e+11	-4.46083e+10	0	9749.12	-28107.4	0	3.34047e+22	1.14056e+22	0	6.39e+23	-1.93188e+11	-1.10913e+11	0	12332.3	-20856.8	0	1.4254e+21	8.45121e+20	0	1.898e+27	-1.33264e+11	-7.61057e+11	0	12870.6	-2251.1	0	7.22545e+22	4.10725e+23	0	5.683e+26	-3.42627e+11	1.40802e+12	0	-9320.99	-2189.74	0	8.6033e+21	-3.5104e+22	0	8.681e+25	2.30809e+12	1.7139e+12	0	-4058.98	5460.55	0	-1.12423e+21	-8.33146e+20	0	1.024e+26	4.25759e+12	1.44024e+12	0	-1746.73	5143.5	0	-6.39225e+20	-2.15576e+20	0	7.342e+22	-1.40026e+11	-4.4987e+10	0	10761.4	-28251	0	4.32534e+20	3.43534e+20	0	
10	1.9891e+30	1.39615e+09	4.53264e+09	0	-9.40495	17.9436	0	-6.78983e+22	-3.46043e+23	0	3.285e+23	5.94435e+10	1.04298e+10	0	-4813.89	47644.4	0	-1.27448e+22	-1.29272e+21	0	4.867e+24	2.60789e+10	1.08951e+11	0	-34260.8	7940.46	0	-1.29143e+22	-5.46169e+22	0	5.972e+24	-1.0992e+11	-9.5519e+10	0	19892.9	-22115	0	2.61453e+22	2.35391e+22	0	6.39e+23	-1.64268e+11	-1.49674e+11	0	16475.9	-17756.6	0	1.21223e+21	1.12812e+21	0	1.898e+27	-1.07452e+11	-7.65126e+11	0	12939.5	-1817.1	0	5.83944e+22	4.12916e+23	0	5.683e+26	-3.61238e+11	1.40352e+12	0	-9289.9	-2313.06	0	9.0657e+21	-3.49799e+22	0	8.681e+25	2.29995e+12	1.7248e+12	0	-4084.84	5441.3	0	-1.1203e+21	-8.38474e+20	0	1.024e+26	4.25409e+12	1.45052e+12	0	-1759.21	5139.28	0	-6.3871e+20	-2.17121e+20	0	7.342e+22	-1.10231e+11	-9.57231e+10	0	20464.6	-22999.6	0	4.98754e+20	4.04941e+20	0	
10	1.9891e+30	1.37726e+09	4.56818e+09	0	-9.48511	17.5981	0	-9.37882e+22	-3.48595e+23	0	3.285e+23	-8.0516e+09	6.26285e+10	0	-46931.5	-7260.08	0	2.01839e+21	-1.24416e+22	0	4.867e+24	-4.27505e+10	1.01996e+11	0	-32070.4	-14676.4	0	2.32996e+22	-5.14519e+22	0	5.972e+24	-6.24624e+10	-1.30795e+11	0	26932.1	-12668.1	0	1.49014e+22	3.20705e+22	0	6.39e+23	-1.27789e+11	-1.814e+11	0	19863	-13849.6	0	9.43969e+20	1.35876e+21	0	1.898e+27	-8.15163e+10	-7.68324e+11	0	12993.7	-1381.05	0	4.4469e+22	4.14639e+23	0	5.683e+26	-3.79786e+11	1.39877e+12	0	-9257.18	-2435.94	0	9.52621e+21	-3.48498e+22	0	8.681e+25	2.29176e+12	1.73566e+12	0	-4110.6	5421.92	0	-1.11634e+21	-8.43783e+20	0	1.024e+26	4.25056e+12	1.46079e+12	0	-1771.68	5135.02	0	-6.38191e+20	-2.18664e+20	0	7.342e+22	-6.28228e+10	-1.30687e+11	0	26638.4	-13659.1	0	3.84128e+20	3.33044e+20	0	
10	1.9891e+30	1.35819e+09	4.60302e+09	0	-9.58779	17.2275	0	-1.03336e+23	-3.93379e+23	0	3.285e+23	-5.67354e+10	-6.64855e+09	0	9020.34	-46310.1	0	1.22277e+22	2.36619e+21	0	4.867e+24	-9.30763e+10	5.4288e+10	0	-16399.1	-31303	0	5.02153e+22	-2.6425e+22	0	5.972e+24	-5.02805e+09	-1.44912e+11	0	29759.2	-1241.33	0	1.42662e+21	3.55567e+22	0	6.39e+23	-8.54231e+10	-2.04653e+11	0	22340.5	-9316.63	0	6.33278e+20	1.52663e+21	0	1.898e+27	-5.5487e+10	-7.70649e+11	0	13033.2	-943.425	0	3.04941e+22	4.15892e+23	0	5.683e+26	-3.98266e+11	1.39377e+12	0	-9222.85	-2558.35	0	9.98478e+21	-3.47137e+22	0	8.681e+25	2.28351e+12	1.74649e+12	0	-4136.27	5402.42	0	-1.11236e+21	-8.49075e+20	0	1.024e+26	4.247e+12	1.47106e+12	0	-1784.14	5130.73	0	-6.37668e+20	-2.20206e+20	0	7.342e+22	-5.18094e+09	-1.4457e+11	0	28804.1	-1669.03	0	1.04408e+20	2.45973e+20	0	
10	1.9891e+30	1.33892e+09	4.63706e+09	0	-9.67638	16.8069	0	-6.60481e+22	-4.38691e+23	0	3.285e+23	1.45375e+10	-5.25295e+10	0	46300.3	11043.8	0	-2.84802e+21	1.23446e+22	0	4.867e+24	-1.03619e+11	-1.43268e+10	0	6245.44	-34791.2	0	5.5892e+22	1.00937e+22	0	5.972e+24	5.34032e+10	-1.35647e+11	0	27924.9	10383.2	0	-1.22293e+22	3.33764e+22	0	6.39e+23	-3.91078e+10	-2.18387e+11	0	23797.9	-4366.44	0	2.94688e+20	1.6244e+21	0	1.898e+27	-2.93935e+10	-7.72097e+11	0	13057.9	-504.73	0	1.64854e+22	4.16673e+23	0	5.683e+26	-4.16676e+11	1.38854e+12	0	-9186.91	-2680.27	0	1.04413e+22	-3.45716e+22	0	8.681e+25	2.27521e+12	1.75727e+12	0	-4161.86	5382.8	0	-1.10835e+21	-8.54347e+20	0	1.024e+26	4.24342e+12	1.48132e+12	0	-1796.59	5126.42	0	-6.37141e+20	-2.21747e+20	0	7.342e+22	5.35709e+10	-1.35306e+11	0	26989.9	10811.6	0	-2.42429e+20	2.27248e+20	0	
10	1.9891e+30	1.31952e+09	4.67022e+09	0	-9.71512	16.3584	0	-1.251e+22	-4.47783e+23	0	3.285e+23	5.72157e+10	2.14487e+10	0	-13675.6	45880.5	0	-1.22641e+22	-3.6792e+21	0	4.867e+24	-6.9899e+10	-7.49538e+10	0	26220.3	-23621.8	0	3.77472e+22	4.21954e+22	0	5.972e+24	1.03691e+11	-1.04438e+11	0	21714.1	20392.5	0	-2.4045e+22	2.5884e+22	0	6.39e+23	9.04559e+09	-2.21991e+11	0	24172.3	774.336	0	-5.61532e+19	1.64805e+21	0	1.898e+27	-3.26522e+09	-7.72667e+11	0	13067.9	-65.4612	0	2.45901e+21	4.16982e+23	0	5.683e+26	-4.35013e+11	1.38305e+12	0	-9149.36	-2801.67	0	1.08958e+22	-3.44235e+22	0	8.681e+25	2.26686e+12	1.76802e+12	0	-4187.34	5363.05	0	-1.10432e+21	-8.59602e+20	0	1.024e+26	4.23981e+12	1.49157e+12	0	-1809.03	5122.07	0	-6.36611e+20	-2.23288e+20	0	7.342e+22	1.04061e+11	-1.04328e+11	0	21426.1	21358.9	0	-4.85905e+20	2.60003e+20	0	
10	1.9891e+30	1.30009e+09	4.70249e+09	0	-9.70715	15.9113	0	2.68586e+22	-4.41965e+23	0	3.285e+23	-1.87908e+10	6.00668e+10	0	-44696.2	-15856.4	0	4.28654e+21	-1.18184e+22	0	4.867e+24	-6.25119e+09	-1.02175e+11	0	35095.6	-2640.26	0	3.97046e+21	5.61405e+22	0	5.972e+24	1.37963e+11	-5.61586e+10	0	12100.9	27221.5	0	-3.21881e+22	1.43089e+22	0	6.39e+23	5.68492e+10	-2.15318e+11	0	23450.2	5871.91	0	-4.03241e+20	1.59699e+21	0	1.898e+27	2.28682e+10	-7.72359e+11	0	13063.1	373.885	0	-1.15692e+22	4.16818e+23	0	5.683e+26	-4.53272e+11	1.37733e+12	0	-9110.22	-2922.55	0	1.1348e+22	-3.42695e+22	0	8.681e+25	2.25846e+12	1.77872e+12	0	-4212.74	5343.19	0	-1.10026e+21	-8.64837e+20	0	1.024e+26	4.23618e+12	1.50181e+12	0	-1821.46	5117.7	0	-6.36077e+20	-2.24826e+20	0	7.342e+22	1.38293e+11	-5.63547e+10	0	12627.5	28099	0	-5.66728e+20	2.78261e+20	0	
10	1.9891e+30	1.28072e+09	4.73387e+09	0	-9.65902	15.4696	0	7.13709e+22	-4.34422e+23	0	3.285e+23	-5.37284e+10	-1.70144e+10	0	17458.3	-43850.4	0	1.15911e+22	4.58043e+21	0	4.867e+24	6.05869e+10	-8.4897e+10	0	29340.6	19260.3	0	-3.08629e+22	4.66493e+22	0	5.972e+24	1.5085e+11	1.64321e+09	0	594.268	29799.4	0	-3.53755e+22	5.37101e+20	0	6.39e+23	1.02139e+11	-1.98685e+11	0	21668.2	10696	0	-7.30953e+20	1.47405e+21	0	1.898e+27	4.89773e+10	-7.71172e+11	0	13043.5	812.809	0	-2.55832e+22	4.16182e+23	0	5.683e+26	-4.71452e+11	1.37136e+12	0	-9069.49	-3042.88	0	1.1798e+22	-3.41096e+22	0	8.681e+25	2.25001e+12	1.78939e+12	0	-4238.04	5323.2	0	-1.09618e+21	-8.70055e+20	0	1.024e+26	4.23253e+12	1.51204e+12	0	-1833.88	5113.29	0	-6.3554e+20	-2.26364e+20	0	7.342e+22	1.50929e+11	1.26809e+09	0	1590.27	29994.9	0	-4.75773e+20	2.04982e+20	0	
10	1.9891e+30	1.26149e+09	4.76438e+09	0	-9.56123	15.0476	0	1.21158e+23	-3.98014e+23	0	3.285e+23	2.49113e+10	-4.88465e+10	0	43476	19534	0	-5.12446e+21	1.16215e+22	0	4.867e+24	1.02974e+11	-3.05976e+10	0	11547.6	33082.2	0	-5.26277e+22	1.82999e+22	0	5.972e+24	1.40328e+11	5.99255e+10	0	-11001.4	27717.6	0	-3.3052e+22	-1.32281e+22	0	6.39e+23	1.4287e+11	-1.7286e+11	0	18910	15030.3	0	-1.02475e+21	1.2852e+21	0	1.898e+27	7.50324e+10	-7.69108e+11	0	13009.2	1250.81	0	-3.95672e+22	4.15075e+23	0	5.683e+26	-4.89549e+11	1.36516e+12	0	-9027.18	-3162.63	0	1.22457e+22	-3.39439e+22	0	8.681e+25	2.24151e+12	1.80002e+12	0	-4263.25	5303.1	0	-1.09207e+21	-8.75253e+20	0	1.024e+26	4.22885e+12	1.52226e+12	0	-1846.29	5108.85	0	-6.34999e+20	-2.27901e+20	0	7.342e+22	1.40105e+11	5.96266e+10	0	-10177	27069	0	-2.8077e+20	7.62006e+18	0	
10	1.9891e+30	1.2425e+09	4.7941e+09	0	-9.42822	14.6802	0	1.33704e+23	-3.31318e+23	0	3.285e+23	5.29827e+10	3.18531e+10	0	-22037.7	42474.2	0	-1.13359e+22	-5.92613e+21	0	4.867e+24	1.03603e+11	3.8234e+10	0	-10938.6	33294.5	0	-5.29646e+22	-1.72995e+22	0	5.972e+24	1.0804e+11	1.09572e+11	0	-20870.2	21296.4	0	-2.54939e+22	-2.48098e+22	0	6.39e+23	1.77211e+11	-1.39019e+11	0	15302.3	18681.3	0	-1.27178e+21	1.03922e+21	0	1.898e+27	1.01004e+11	-7.66169e+11	0	12960.1	1687.41	0	-5.35052e+22	4.13497e+23	0	5.683e+26	-5.0756e+11	1.35871e+12	0	-8983.3	-3281.78	0	1.2691e+22	-3.37724e+22	0	8.681e+25	2.23296e+12	1.8106e+12	0	-4288.36	5282.87	0	-1.08794e+21	-8.80432e+20	0	1.024e+26	4.22514e+12	1.53247e+12	0	-1858.68	5104.39	0	-6.34455e+20	-2.29436e+20	0	7.342e+22	1.07667e+11	1.09562e+11	0	-20827.2	20248.7	0	-1.00786e+20	-3.0117e+20	0	
10	1.9891e+30	1.22377e+09	4.82315e+09	0	-9.30993	14.3731	0	9.66314e+22	-2.87575e+23	0	3.285e+23	-2.88278e+10	5.55598e+10	0	-40911.6	-23867.2	0	6.3895e+21	-1.07915e+22	0	4.867e+24	6.22105e+10	9.33218e+10	0	-28989.4	19811.4	0	-3.17416e+22	-4.60541e+22	0	5.972e+24	5.90368e+10	1.42822e+11	0	-27473	11539.3	0	-1.38241e+22	-3.25147e+22	0	6.39e+23	2.0362e+11	-9.86977e+10	0	11008.9	21487.5	0	-1.46135e+21	7.47305e+20	0	1.898e+27	1.26863e+11	-7.62359e+11	0	12896.4	2122.09	0	-6.73814e+22	4.11451e+23	0	5.683e+26	-5.25481e+11	1.35203e+12	0	-8937.86	-3400.33	0	1.31338e+22	-3.3595e+22	0	8.681e+25	2.22436e+12	1.82115e+12	0	-4313.38	5262.53	0	-1.08379e+21	-8.85593e+20	0	1.024e+26	4.22141e+12	1.54268e+12	0	-1871.07	5099.89	0	-6.33907e+20	-2.30971e+20	0	7.342e+22	5.87808e+10	1.431e+11	0	-28229.1	10839.3	0	-2.84826e+19	-5.51836e+20	0	
10	1.9891e+30	1.20523e+09	4.85161e+09	0	-9.23421	14.086	0	5.73906e+22	-2.89426e+23	0	3.285e+23	-4.88246e+10	-2.6643e+10	0	25306	-39874.7	0	1.05609e+22	6.64583e+21	0	4.867e+24	-4.32659e+09	1.11857e+11	0	-35157.7	-1975.45	0	2.90205e+21	-5.62026e+22	0	5.972e+24	9.86768e+08	1.54482e+11	0	-29782.8	-22.5193	0	7.40797e+19	-3.52079e+22	0	6.39e+23	2.20916e+11	-5.37157e+10	0	6222.99	23324.8	0	-1.58535e+21	4.22479e+20	0	1.898e+27	1.5258e+11	-7.57683e+11	0	12818.2	2554.37	0	-8.11799e+22	4.0894e+23	0	5.683e+26	-5.4331e+11	1.34511e+12	0	-8890.86	-3518.24	0	1.3574e+22	-3.3412e+22	0	8.681e+25	2.2157e+12	1.83165e+12	0	-4338.3	5242.07	0	-1.0796e+21	-8.90734e+20	0	1.024e+26	4.21766e+12	1.55287e+12	0	-1883.45	5095.36	0	-6.33355e+20	-2.32504e+20	0	7.342e+22	1.03054e+09	1.54858e+11	0	-30815.4	81.3993	0	-2.33381e+19	-6.36574e+20	0	
10	1.9891e+30	1.18681e+09	4.87948e+09	0	-9.18635	13.7863	0	4.05838e+22	-3.06248e+23	0	3.285e+23	3.44497e+10	-4.32756e+10	0	39098.1	27362.9	0	-7.23402e+21	1.04764e+22	0	4.867e+24	-6.85146e+10	8.5842e+10	0	-26682.9	-23120.3	0	3.69321e+22	-4.29044e+22	0	5.972e+24	-5.70293e+10	1.42741e+11	0	-27442.7	-11574.3	0	1.39309e+22	-3.25013e+22	0	6.39e+23	2.28326e+11	-6.09887e+09	0	1158.92	24112.6	0	-1.6385e+21	7.90941e+19	0	1.898e+27	1.78126e+11	-7.52144e+11	0	12725.4	2983.76	0	-9.48852e+22	4.05965e+23	0	5.683e+26	-5.61044e+11	1.33796e+12	0	-8842.32	-3635.49	0	1.40116e+22	-3.32232e+22	0	8.681e+25	2.207e+12	1.84212e+12	0	-4363.12	5221.49	0	-1.0754e+21	-8.95857e+20	0	1.024e+26	4.21388e+12	1.56306e+12	0	-1895.81	5090.81	0	-6.328e+20	-2.34036e+20	0	7.342e+22	-5.67134e+10	1.42963e+11	0	-28032.7	-10757.6	0	7.43378e+18	-5.13759e+20	0	
10	1.9891e+30	1.16848e+09	4.90674e+09	0	-9.15221	13.4705	0	2.60327e+22	-3.23959e+23	0	3.285e+23	4.68998e+10	4.12772e+10	0	-29596.3	37555	0	-9.9982e+21	-7.94904e+21	0	4.867e+24	-1.03416e+11	2.58629e+10	0	-6926.2	-34667.3	0	5.56828e+22	-1.11617e+22	0	5.972e+24	-1.05941e+11	1.09444e+11	0	-20817.6	-21306	0	2.5522e+22	-2.47621e+22	0	6.39e+23	2.25516e+11	4.2011e+10	0	-3957.27	23816.2	0	-1.61855e+21	-2.6777e+20	0	1.898e+27	2.03472e+11	-7.4575e+11	0	12618.2	3409.77	0	-1.08482e+23	4.02531e+23	0	5.683e+26	-5.78679e+11	1.33057e+12	0	-8792.24	-3752.07	0	1.44465e+22	-3.30288e+22	0	8.681e+25	2.19825e+12	1.85254e+12	0	-4387.85	5200.79	0	-1.07117e+21	-9.0096e+20	0	1.024e+26	4.21008e+12	1.57323e+12	0	-1908.16	5086.22	0	-6.32241e+20	-2.35567e+20	0	7.342e+22	-1.05565e+11	1.09367e+11	0	-20596.6	-20311	0	1.17926e+20	-2.65617e+20	0	
10	1.9891e+30	1.15019e+09	4.93334e+09	0	-9.13239	13.1257	0	1.80011e+22	-3.66983e+23	0	3.285e+23	-3.7817e+10	4.92775e+10	0	-35720.5	-31021.5	0	8.25892e+21	-9.40164e+21	0	4.867e+24	-9.42178e+10	-4.29441e+10	0	15778.9	-31613.1	0	5.071e+22	2.54527e+22	0	5.972e+24	-1.38107e+11	5.9804e+10	0	-10940.2	-27697	0	3.30245e+22	-1.31489e+22	0	6.39e+23	2.12613e+11	8.84506e+10	0	-8897.32	22448.6	0	-1.52634e+21	-6.02899e+20	0	1.898e+27	2.2859e+11	-7.38507e+11	0	12496.8	3831.92	0	-1.21954e+23	3.98641e+23	0	5.683e+26	-5.96212e+11	1.32295e+12	0	-8740.64	-3867.96	0	1.48787e+22	-3.28287e+22	0	8.681e+25	2.18945e+12	1.86292e+12	0	-4412.48	5179.97	0	-1.06692e+21	-9.06043e+20	0	1.024e+26	4.20625e+12	1.5834e+12	0	-1920.51	5081.61	0	-6.31679e+20	-2.37097e+20	0	7.342e+22	-1.37916e+11	5.94739e+10	0	-10051.5	-27186.3	0	3.05876e+20	1.44076e+19	0	
10	1.9891e+30	1.13195e+09	4.95921e+09	0	-9.10064	12.7287	0	5.3773e+22	-4.19909e+23	0	3.285e+23	-4.21912e+10	-3.51958e+10	0	32295.5	-34512.4	0	9.16753e+21	8.49429e+21	0	4.867e+24	-4.48481e+10	-9.16082e+10	0	31765.2	-15290.9	0	2.42848e+22	5.09926e+22	0	5.972e+24	-1.48508e+11	1.58557e+09	0	649.418	-29753	0	3.53167e+22	5.99484e+20	0	6.39e+23	1.90191e+11	1.3113e+11	0	-13440.4	20069.8	0	-1.3658e+21	-9.11536e+20	0	1.898e+27	2.5345e+11	-7.30425e+11	0	12361.3	4249.74	0	-1.35287e+23	3.94301e+23	0	5.683e+26	-6.1364e+11	1.3151e+12	0	-8687.52	-3983.13	0	1.5308e+22	-3.26231e+22	0	8.681e+25	2.1806e+12	1.87326e+12	0	-4437.01	5159.04	0	-1.06264e+21	-9.11107e+20	0	1.024e+26	4.20239e+12	1.59356e+12	0	-1932.84	5076.96	0	-6.31113e+20	-2.38625e+20	0	7.342e+22	-1.48622e+11	1.22592e+09	0	1624.7	-30089.9	0	4.96554e+20	2.06607e+20	0	
10	1.9891e+30	1.11383e+09	4.98423e+09	0	-9.0121	12.2951	0	1.2382e+23	-4.33187e+23	0	3.285e+23	4.2807e+10	-3.60032e+10	0	33311.8	34243	0	-9.09618e+21	8.94504e+21	0	4.867e+24	2.37999e+10	-9.98825e+10	0	34388.5	7279.89	0	-1.18634e+22	5.48569e+22	0	5.972e+24	-1.35524e+11	-5.61088e+10	0	12142	-27159.1	0	3.2108e+22	1.4365e+22	0	6.39e+23	1.59252e+11	1.68124e+11	0	-17382.6	16784.5	0	-1.14376e+21	-1.17998e+21	0	1.898e+27	2.78025e+11	-7.21511e+11	0	12211.7	4662.75	0	-1.48465e+23	3.89514e+23	0	5.683e+26	-6.30961e+11	1.30702e+12	0	-8632.9	-4097.57	0	1.57344e+22	-3.24119e+22	0	8.681e+25	2.1717e+12	1.88356e+12	0	-4461.44	5137.99	0	-1.05834e+21	-9.16152e+20	0	1.024e+26	4.19852e+12	1.60371e+12	0	-1945.16	5072.29	0	-6.30544e+20	-2.40153e+20	0	7.342e+22	-1.35868e+11	-5.62425e+10	0	12527.7	-28148.8	0	5.95521e+20	2.54363e+20	0	
10	1.9891e+30	1.09595e+09	5.0084e+09	0	-8.85886	11.8733	0	1.74228e+23	-4.02158e+23	0	3.285e+23	3.91849e+10	4.93897e+10	0	-36079.9	31308.2	0	-8.30484e+21	-9.67371e+21	0	4.867e+24	8.30815e+10	-6.46508e+10	0	22779	26658.6	0	-4.2539e+22	3.61472e+22	0	5.972e+24	-1.01189e+11	-1.04257e+11	0	21739.3	-20325.5	0	2.40098e+22	2.59365e+22	0	6.39e+23	1.2118e+11	1.97759e+11	0	-20545.7	12737.9	0	-8.69776e+20	-1.39613e+21	0	1.898e+27	3.02288e+11	-7.11777e+11	0	12048.4	5070.48	0	-1.61474e+23	3.84287e+23	0	5.683e+26	-6.48171e+11	1.29871e+12	0	-8576.78	-4211.26	0	1.61579e+22	-3.21952e+22	0	8.681e+25	2.16276e+12	1.89381e+12	0	-4485.78	5116.83	0	-1.05401e+21	-9.21177e+20	0	1.024e+26	4.19461e+12	1.61385e+12	0	-1957.47	5067.58	0	-6.29971e+20	-2.41679e+20	0	7.342e+22	-1.01517e+11	-1.0407e+11	0	21249.5	-21232.3	0	4.76112e+20	2.15011e+20	0	
10	1.9891e+30	1.07841e+09	5.03175e+09	0	-8.67286	11.4851	0	1.93296e+23	-3.72813e+23	0	3.285e+23	-4.54534e+10	4.14463e+10	0	-29309	-37080.6	0	9.83576e+21	-7.69977e+21	0	4.867e+24	1.08631e+11	-7.21647e+08	0	1871.43	34982.3	0	-5.56156e+22	2.97768e+21	0	5.972e+24	-5.08684e+10	-1.35327e+11	0	27935.4	-10317.2	0	1.22437e+22	3.33894e+22	0	6.39e+23	7.7685e+10	2.18686e+11	0	-22785.3	8109.92	0	-5.55775e+20	-1.55007e+21	0	1.898e+27	3.2621e+11	-7.01233e+11	0	11871.5	5472.47	0	-1.74299e+23	3.78626e+23	0	5.683e+26	-6.65267e+11	1.29017e+12	0	-8519.17	-4324.17	0	1.65783e+22	-3.19731e+22	0	8.681e+25	2.15376e+12	1.90402e+12	0	-4510.01	5095.55	0	-1.04966e+21	-9.26182e+20	0	1.024e+26	4.19069e+12	1.62398e+12	0	-1969.77	5062.85	0	-6.29395e+20	-2.43204e+20	0	7.342e+22	-5.09509e+10	-1.34955e+11	0	26932.5	-10543.8	0	1.95912e+20	2.1246e+20	0	
10	1.9891e+30	1.06127e+09	5.05435e+09	0	-8.46971	11.1202	0	2.1206e+23	-3.52474e+23	0	3.285e+23	-3.40564e+10	-4.23717e+10	0	38184.7	-27939.8	0	7.4536e+21	1.00625e+22	0	4.867e+24	9.00473e+10	6.55697e+10	0	-19799.7	28940.9	0	-4.61366e+22	-3.1372e+22	0	5.972e+24	7.57252e+09	-1.44452e+11	0	29757.6	1307.57	0	-1.42143e+21	3.55272e+22	0	6.39e+23	3.07247e+10	2.29947e+11	0	-23997.3	3107.44	0	-2.15589e+20	-1.63446e+21	0	1.898e+27	3.49765e+11	-6.89891e+11	0	11681.2	5868.27	0	-1.86925e+23	3.72536e+23	0	5.683e+26	-6.82246e+11	1.28141e+12	0	-8460.09	-4436.3	0	1.69956e+22	-3.17456e+22	0	8.681e+25	2.14472e+12	1.91419e+12	0	-4534.14	5074.15	0	-1.04529e+21	-9.31168e+20	0	1.024e+26	4.18673e+12	1.6341e+12	0	-1982.06	5058.08	0	-6.28815e+20	-2.44727e+20	0	7.342e+22	7.79791e+09	-1.44141e+11	0	28923	1891.18	0	-1.36238e+20	2.75923e+20	0	
10	1.9891e+30	1.04455e+09	5.07625e+09	0	-8.24721	10.7816	0	2.27096e+23	-3.17954e+23	0	3.285e+23	4.96804e+10	-2.72814e+10	0	26319.6	39919.9	0	-1.06386e+22	7.08036e+21	0	4.867e+24	3.48742e+10	1.06947e+11	0	-33409.6	10930.7	0	-1.76761e+22	-5.32175e+22	0	5.972e+24	6.49968e+10	-1.30196e+11	0	26919.6	12736.6	0	-1.4938e+22	3.20377e+22	0	6.39e+23	-1.75792e+10	2.31015e+11	0	-24123.2	-2044.31	0	1.35583e+20	-1.64501e+21	0	1.898e+27	3.72926e+11	-6.77764e+11	0	11477.6	6257.44	0	-1.99338e+23	3.66026e+23	0	5.683e+26	-6.99106e+11	1.27243e+12	0	-8399.55	-4547.61	0	1.74097e+22	-3.15127e+22	0	8.681e+25	2.13562e+12	1.92432e+12	0	-4558.17	5052.64	0	-1.04089e+21	-9.36133e+20	0	1.024e+26	4.18276e+12	1.64421e+12	0	-1994.33	5053.29	0	-6.28232e+20	-2.4625e+20	0	7.342e+22	6.53796e+10	-1.30147e+11	0	26804.3	13738.1	0	-3.81506e+20	3.67364e+20	0	
10	1.9891e+30	1.02828e+09	5.0975e+09	0	-8.02485	10.4809	0	2.09284e+23	-2.84678e+23	0	3.285e+23	3.01166e+10	5.59085e+10	0	-41260.6	23966.5	0	-6.32239e+21	-1.10397e+22	0	4.867e+24	-3.42722e+10	1.06108e+11	0	-33233.4	-11772	0	1.86142e+22	-5.32745e+22	0	5.972e+24	1.1242e+11	-9.47815e+10	0	19867.4	22183.7	0	-2.62141e+22	2.35104e+22	0	6.39e+23	-6.50367e+10	2.21825e+11	0	-23153.6	-7111.77	0	4.81824e+20	-1.58072e+21	0	1.898e+27	3.95667e+11	-6.64866e+11	0	11261.1	6639.52	0	-2.11523e+23	3.59103e+23	0	5.683e+26	-7.15844e+11	1.26322e+12	0	-8337.56	-4658.09	0	1.78206e+22	-3.12744e+22	0	8.681e+25	2.12648e+12	1.9344e+12	0	-4582.1	5031.02	0	-1.03647e+21	-9.41078e+20	0	1.024e+26	4.17876e+12	1.65432e+12	0	-2006.6	5048.46	0	-6.27645e+20	-2.47771e+20	0	7.342e+22	1.12706e+11	-9.50293e+10	0	20556.4	22957.8	0	-4.76814e+20	4.22924e+20	0	
10	1.9891e+30	1.01243e+09	5.11818e+09	0	-7.83012	10.1941	0	1.81283e+23	-2.93276e+23	0	3.285e+23	-5.14764e+10	3.23438e+10	0	-21901	-41843.9	0	1.10712e+22	-5.74481e+21	0	4.867e+24	-8.86238e+10	6.3066e+10	0	-19117.3	-29717.6	0	4.76254e+22	-3.07935e+22	0	5.972e+24	1.42416e+11	-4.37422e+10	0	9707.98	28168.3	0	-3.34765e+22	1.13639e+22	0	6.39e+23	-1.09489e+11	2.02778e+11	0	-21128.8	-11863.5	0	8.07221e+20	-1.444e+21	0	1.898e+27	4.17962e+11	-6.51211e+11	0	11031.9	7014.1	0	-2.23468e+23	3.51774e+23	0	5.683e+26	-7.32456e+11	1.2538e+12	0	-8274.12	-4767.73	0	1.82281e+22	-3.10309e+22	0	8.681e+25	2.1173e+12	1.94444e+12	0	-4605.93	5009.28	0	-1.03202e+21	-9.46004e+20	0	1.024e+26	4.17473e+12	1.66441e+12	0	-2018.85	5043.61	0	-6.27055e+20	-2.49291e+20	0	7.342e+22	1.42418e+11	-4.4121e+10	0	10736.1	28165.4	0	-4.1122e+20	3.4698e+20	0	
10	1.9891e+30	9.96951e+08	5.13826e+09	0	-7.64694	9.88305	0	1.90818e+23	-3.24813e+23	0	3.285e+23	-2.46977e+10	-4.79134e+10	0	42764.7	-20374.7	0	5.47259e+21	1.12945e+22	0	4.867e+24	-1.05238e+11	-4.34292e+09	0	3118.26	-35217.5	0	5.65725e+22	5.04452e+21	0	5.972e+24	1.50285e+11	1.49394e+10	0	-1966.6	29747.3	0	-3.55024e+22	-2.45943e+21	0	6.39e+23	-1.48906e+11	1.74727e+11	0	-18138.1	-16081.2	0	1.09663e+21	-1.2407e+21	0	1.898e+27	4.39786e+11	-6.36815e+11	0	10790.3	7380.74	0	-2.35159e+23	3.44047e+23	0	5.683e+26	-7.48939e+11	1.24415e+12	0	-8209.26	-4876.5	0	1.86323e+22	-3.07822e+22	0	8.681e+25	2.10806e+12	1.95444e+12	0	-4629.66	4987.43	0	-1.02756e+21	-9.50909e+20	0	1.024e+26	4.17068e+12	1.67449e+12	0	-2031.09	5038.72	0	-6.26461e+20	-2.50809e+20	0	7.342e+22	1.50005e+11	1.46946e+10	0	-1287.05	28944.9	0	-2.76882e+20	1.11203e+20	0	
10	1.9891e+30	9.81862e+08	5.1577e+09	0	-7.43578	9.55018	0	2.30337e+23	-3.30798e+23	0	3.285e+23	5.482e+10	-1.74141e+10	0	18369.8	44181.1	0	-1.18e+22	4.9494e+21	0	4.867e+24	-7.7051e+10	-6.77585e+10	0	24018.8	-25878.5	0	4.13925e+22	3.86719e+22	0	5.972e+24	1.3479e+11	7.20846e+10	0	-13329.9	26667.3	0	-3.18835e+22	-1.58047e+22	0	6.39e+23	-1.81485e+11	1.38939e+11	0	-14315.9	-19569.9	0	1.3364e+21	-9.79887e+20	0	1.898e+27	4.61115e+11	-6.21694e+11	0	10536.4	7739.03	0	-2.46583e+23	3.35933e+23	0	5.683e+26	-7.65292e+11	1.23429e+12	0	-8142.98	-4984.38	0	1.90331e+22	-3.05282e+22	0	8.681e+25	2.09878e+12	1.96439e+12	0	-4653.28	4965.46	0	-1.02307e+21	-9.55793e+20	0	1.024e+26	4.16661e+12	1.68456e+12	0	-2043.32	5033.81	0	-6.25864e+20	-2.52327e+20	0	7.342e+22	1.34423e+11	7.21539e+10	0	-13498.5	25633.5	0	-1.84421e+20	-2.35256e+20	0	
10	1.9891e+30	9.67233e+08	5.17647e+09	0	-7.18888	9.22676	0	2.5693e+23	-3.11675e+23	0	3.285e+23	2.00209e+10	6.0612e+10	0	-44961	15800.8	0	-4.12717e+21	-1.20016e+22	0	4.867e+24	-1.60547e+10	-1.00561e+11	0	34737.9	-5758.07	0	8.95731e+21	5.5612e+22	0	5.972e+24	9.83524e+10	1.18756e+11	0	-22609.1	19409.3	0	-2.31565e+22	-2.67161e+22	0	6.39e+23	-2.0573e+11	9.70418e+10	0	-9836.18	-22167.4	0	1.51515e+21	-6.73461e+20	0	1.898e+27	4.81924e+11	-6.05865e+11	0	10270.7	8088.58	0	-2.57726e+23	3.2744e+23	0	5.683e+26	-7.8151e+11	1.22422e+12	0	-8075.3	-5091.37	0	1.94303e+22	-3.02692e+22	0	8.681e+25	2.08945e+12	1.9743e+12	0	-4676.8	4943.39	0	-1.01855e+21	-9.60658e+20	0	1.024e+26	4.16251e+12	1.69462e+12	0	-2055.54	5028.87	0	-6.25264e+20	-2.53843e+20	0	7.342e+22	9.81563e+10	1.19085e+11	0	-23476.4	18879.3	0	-1.80081e+20	-5.02124e+20	0	
10	1.9891e+30	9.53119e+08	5.19462e+09	0	-6.92233	8.92065	0	2.74432e+23	-2.98514e+23	0	3.285e+23	-5.56826e+10	2.22921e+10	0	-13751.7	-45155.5	0	1.19278e+22	-3.60293e+21	0	4.867e+24	5.2083e+10	-8.92908e+10	0	30945	16585	0	-2.66382e+22	4.92344e+22	0	5.972e+24	4.66762e+10	1.47658e+11	0	-28355.9	9114.52	0	-1.07656e+22	-3.35296e+22	0	6.39e+23	-2.20527e+11	5.09453e+10	0	-4904.08	-23752.6	0	1.62431e+21	-3.35598e+20	0	1.898e+27	5.0219e+11	-5.89346e+11	0	9993.39	8428.97	0	-2.68576e+23	3.18577e+23	0	5.683e+26	-7.97592e+11	1.21393e+12	0	-8006.23	-5197.43	0	1.9824e+22	-3.00051e+22	0	8.681e+25	2.08007e+12	1.98417e+12	0	-4700.21	4921.2	0	-1.01402e+21	-9.65502e+20	0	1.024e+26	4.15838e+12	1.70468e+12	0	-2067.74	5023.89	0	-6.2466e+20	-2.55357e+20	0	7.342e+22	4.67868e+10	1.48025e+11	0	-29338.4	9404.38	0	-1.90009e+20	-6.03315e+20	0	
10	1.9891e+30	9.39559e+08	5.21216e+09	0	-6.63255	8.62892	0	3.03293e+23	-2.77719e+23	0	3.285e+23	-1.44378e+10	-5.16176e+10	0	45869.9	-12072	0	3.28826e+21	1.21443e+22	0	4.867e+24	9.91252e+10	-3.89538e+10	0	14430.9	31931.7	0	-5.08333e+22	2.28693e+22	0	5.972e+24	-1.21522e+10	1.54275e+11	0	-29673.3	-2600.25	0	3.27314e+21	-3.51865e+22	0	6.39e+23	-2.25195e+11	2.75638e+09	0	253.477	-24251.6	0	1.65864e+21	1.7935e+19	0	1.898e+27	5.2189e+11	-5.72155e+11	0	9704.79	8759.84	0	-2.79121e+23	3.09356e+23	0	5.683e+26	-8.13534e+11	1.20343e+12	0	-7935.77	-5302.55	0	2.0214e+22	-2.97359e+22	0	8.681e+25	2.07065e+12	1.99399e+12	0	-4723.52	4898.9	0	-1.00946e+21	-9.70325e+20	0	1.024e+26	4.15424e+12	1.71472e+12	0	-2079.94	5018.89	0	-6.24052e+20	-2.56871e+20	0	7.342e+22	-1.18044e+10	1.54444e+11	0	-30112.7	-1694.07	0	-1.39331e+20	-5.18312e+20	0	
10	1.9891e+30	9.26607e+08	5.22916e+09	0	-6.31665	8.3727	0	3.1884e+23	-2.27823e+23	0	3.285e+23	5.80384e+10	-6.74677e+09	0	9748.21	46865.7	0	-1.25336e+22	2.63033e+21	0	4.867e+24	1.05839e+11	2.95432e+10	0	-7952.22	34121	0	-5.42717e+22	-1.25751e+22	0	5.972e+24	-6.8931e+10	1.37579e+11	0	-26353.9	-13898.8	0	1.67118e+22	-3.13801e+22	0	6.39e+23	-2.1952e+11	-4.53205e+10	0	5398.74	-23641.2	0	1.6165e+21	3.7058e+20	0	1.898e+27	5.41002e+11	-5.54313e+11	0	9405.26	9080.81	0	-2.89349e+23	2.99786e+23	0	5.683e+26	-8.29334e+11	1.19272e+12	0	-7863.95	-5406.72	0	2.06004e+22	-2.94617e+22	0	8.681e+25	2.06118e+12	2.00376e+12	0	-4746.73	4876.49	0	-1.00487e+21	-9.75127e+20	0	1.024e+26	4.15006e+12	1.72475e+12	0	-2092.12	5013.86	0	-6.23441e+20	-2.58383e+20	0	7.342e+22	-6.85773e+10	1.37441e+11	0	-25953.5	-12950.3	0	1.42745e+19	-3.1276e+20	0	
10	1.9891e+30	9.14288e+08	5.24569e+09	0	-6.00793	8.16967	0	2.88148e+23	-1.81853e+23	0	3.285e+23	9.25856e+09	6.33443e+10	0	-47058.5	7107.42	0	-1.80155e+21	-1.25296e+22	0	4.867e+24	6.94889e+10	8.80487e+10	0	-27112.1	22283.9	0	-3.56554e+22	-4.3049e+22	0	5.972e+24	-1.14785e+11	1.00188e+11	0	-18913.8	-23014	0	2.74253e+22	-2.26499e+22	0	6.39e+23	-2.03765e+11	-9.10865e+10	0	10294.7	-21950	0	1.49996e+21	7.05836e+20	0	1.898e+27	5.59504e+11	-5.35839e+11	0	9095.11	9391.52	0	-2.99249e+23	2.89878e+23	0	5.683e+26	-8.44989e+11	1.1818e+12	0	-7790.78	-5509.91	0	2.0983e+22	-2.91827e+22	0	8.681e+25	2.05166e+12	2.01349e+12	0	-4769.82	4853.97	0	-1.00027e+21	-9.79909e+20	0	1.024e+26	4.14587e+12	1.73478e+12	0	-2104.29	5008.8	0	-6.22827e+20	-2.59893e+20	0	7.342e+22	-1.14666e+11	9.98324e+10	0	-17924.8	-22682.8	0	2.72212e+20	-7.96911e+19	0	
10	1.9891e+30	9.02545e+08	5.26185e+09	0	-5.74208	7.99034	0	2.43125e+23	-1.82752e+23	0	3.285e+23	-5.79294e+10	1.16434e+10	0	-5139.31	-46908	0	1.23801e+22	-1.3449e+21	0	4.867e+24	4.8845e+09	1.12381e+11	0	-35176.8	1143.35	0	-2.09205e+21	-5.61917e+22	0	5.972e+24	-1.42552e+11	4.79528e+10	0	-8513.45	-28526.4	0	3.38159e+22	-1.02747e+22	0	6.39e+23	-1.78657e+11	-1.32451e+11	0	14716.2	-19257.2	0	1.31463e+21	1.0081e+21	0	1.898e+27	5.77375e+11	-5.16754e+11	0	8774.71	9691.61	0	-3.08809e+23	2.79644e+23	0	5.683e+26	-8.60496e+11	1.17068e+12	0	-7716.27	-5612.12	0	2.13618e+22	-2.88987e+22	0	8.681e+25	2.0421e+12	2.02318e+12	0	-4792.82	4831.34	0	-9.95642e+20	-9.8467e+20	0	1.024e+26	4.14165e+12	1.74479e+12	0	-2116.45	5003.71	0	-6.2221e+20	-2.61403e+20	0	7.342e+22	-1.42741e+11	4.76281e+10	0	-7625.04	-29057	0	5.2132e+20	5.55344e+19	0	
10	1.9891e+30	8.91297e+08	5.27764e+09	0	-5.50851	7.79283	0	2.27305e+23	-2.1096e+23	0	3.285e+23	-3.63193e+09	-5.33443e+10	0	47381.1	-3314.47	0	9.72542e+20	1.25772e+22	0	4.867e+24	-6.13299e+10	9.21647e+10	0	-28621.4	-20655.2	0	3.29353e+22	-4.59978e+22	0	5.972e+24	-1.47898e+11	-1.09576e+10	0	3220.92	-29581.9	0	3.49728e+22	3.80307e+21	0	6.39e+23	-1.45351e+11	-1.6753e+11	0	18461.3	-15688.4	0	1.0694e+21	1.26345e+21	0	1.898e+27	5.94596e+11	-4.97079e+11	0	8444.42	9980.75	0	-3.18019e+23	2.69095e+23	0	5.683e+26	-8.75853e+11	1.15935e+12	0	-7640.43	-5713.31	0	2.17367e+22	-2.86099e+22	0	8.681e+25	2.03249e+12	2.03282e+12	0	-4815.7	4808.6	0	-9.90993e+20	-9.8941e+20	0	1.024e+26	4.1374e+12	1.75479e+12	0	-2128.6	4998.59	0	-6.21588e+20	-2.62911e+20	0	7.342e+22	-1.48265e+11	-1.10174e+10	0	3399.17	-30622	0	6.39524e+20	8.09597e+19	0	
10	1.9891e+30	8.8051e+08	5.293e+09	0	-5.27764	7.56935	0	2.32625e+23	-2.31622e+23	0	3.285e+23	5.92169e+10	4.3427e+09	0	768.896	47871.1	0	-1.28092e+22	2.1072e+20	0	4.867e+24	-1.01418e+11	3.55292e+10	0	-9983.49	-33915.9	0	5.44503e+22	-1.60981e+22	0	5.972e+24	-1.29994e+11	-6.73315e+10	0	14451.8	-26020.3	0	3.07935e+22	1.73018e+22	0	6.39e+23	-1.05377e+11	-1.9473e+11	0	21359.9	-11409.3	0	7.75916e+20	1.46029e+21	0	1.898e+27	6.11146e+11	-4.76838e+11	0	8104.62	10258.6	0	-3.26868e+23	2.58244e+23	0	5.683e+26	-8.91057e+11	1.14783e+12	0	-7563.28	-5813.48	0	2.21077e+22	-2.83163e+22	0	8.681e+25	2.02283e+12	2.04241e+12	0	-4838.48	4785.75	0	-9.86321e+20	-9.94129e+20	0	1.024e+26	4.13313e+12	1.76478e+12	0	-2140.73	4993.44	0	-6.20964e+20	-2.64417e+20	0	7.342e+22	-1.30282e+11	-6.70815e+10	0	13802.8	-26808.9	0	5.3221e+20	7.76992e+19	0	
10	1.9891e+30	8.7019e+08	5.3079e+09	0	-5.04138	7.32585	0	2.38508e+23	-2.55783e+23	0	3.285e+23	-1.78917e+09	6.40208e+10	0	-47492.2	-1801.43	0	5.69242e+20	-1.26119e+22	0	4.867e+24	-9.83795e+10	-3.38401e+10	0	12906	-32905.5	0	5.28034e+22	2.08228e+22	0	5.972e+24	-9.16379e+10	-1.12354e+11	0	23419.6	-18395.1	0	2.18681e+22	2.80168e+22	0	6.39e+23	-6.05631e+10	-2.12824e+11	0	23282.2	-6617.5	0	4.47948e+20	1.58992e+21	0	1.898e+27	6.27008e+11	-4.56053e+11	0	7755.68	10524.9	0	-3.35347e+23	2.47102e+23	0	5.683e+26	-9.06105e+11	1.1361e+12	0	-7484.83	-5912.61	0	2.24747e+22	-2.80181e+22	0	8.681e+25	2.01313e+12	2.05196e+12	0	-4861.15	4762.79	0	-9.81626e+20	-9.98827e+20	0	1.024e+26	4.12884e+12	1.77476e+12	0	-2152.85	4988.26	0	-6.20336e+20	-2.65922e+20	0	7.342e+22	-9.1652e+10	-1.11969e+11	0	22405.1	-18429.8	0	2.77688e+20	1.45738e+20	0	
10	1.9891e+30	8.60355e+08	5.32228e+09	0	-4.78866	7.04999	0	2.71434e+23	-2.92514e+23	0	3.285e+23	-5.81432e+10	7.67658e+08	0	3645.77	-47045.9	0	1.24153e+22	9.56325e+20	0	4.867e+24	-5.3516e+10	-8.67317e+10	0	30295.4	-18066.8	0	2.8752e+22	4.86643e+22	0	5.972e+24	-3.88221e+10	-1.38983e+11	0	28721.2	-7891.8	0	9.5281e+21	3.42662e+22	0	6.39e+23	-1.29558e+10	-2.21003e+11	0	24143.8	-1532.72	0	1.00711e+20	1.64685e+21	0	1.898e+27	6.42163e+11	-4.34746e+11	0	7398.01	10779.3	0	-3.43446e+23	2.35683e+23	0	5.683e+26	-9.20996e+11	1.12418e+12	0	-7405.1	-6010.68	0	2.28376e+22	-2.77151e+22	0	8.681e+25	2.00339e+12	2.06146e+12	0	-4883.71	4739.72	0	-9.7691e+20	-1.0035e+21	0	1.024e+26	4.12452e+12	1.78474e+12	0	-2164.96	4983.05	0	-6.19705e+20	-2.67426e+20	0	7.342e+22	-3.85478e+10	-1.38713e+11	0	28005.2	-7168.97	0	-2.55153e+19	2.83072e+20	0	
10	1.9891e+30	8.51072e+08	5.33608e+09	0	-4.48187	6.74733	0	3.42795e+23	-3.0079e+23	0	3.285e+23	7.34155e+09	-5.30217e+10	0	47232.7	5594.92	0	-1.39602e+21	1.25712e+22	0	4.867e+24	1.41607e+10	-1.01084e+11	0	34916.3	4199.51	0	-6.96614e+21	5.57368e+22	0	5.972e+24	2.01995e+10	-1.4305e+11	0	29528.1	3853.73	0	-4.37562e+21	3.50995e+22	0	6.39e+23	3.528e+10	-2.18913e+11	0	23909	3613.23	0	-2.49891e+20	1.62896e+21	0	1.898e+27	6.56595e+11	-4.12944e+11	0	7032.01	11021.5	0	-3.51156e+23	2.23999e+23	0	5.683e+26	-9.35725e+11	1.11206e+12	0	-7324.09	-6107.68	0	2.31965e+22	-2.74076e+22	0	8.681e+25	1.9936e+12	2.07092e+12	0	-4906.16	4716.55	0	-9.72172e+20	-1.00816e+21	0	1.024e+26	4.12018e+12	1.7947e+12	0	-2177.06	4977.81	0	-6.1907e+20	-2.68928e+20	0	7.342e+22	2.05821e+10	-1.43066e+11	0	29592.2	4867.56	0	-2.56681e+20	4.39197e+20	0	
10	1.9891e+30	8.42478e+08	5.34929e+09	0	-4.10172	6.46465	0	4.06967e+23	-2.53748e+23	0	3.285e+23	5.831e+10	1.54584e+10	0	-8238.84	47157.9	0	-1.26151e+22	-2.21705e+21	0	4.867e+24	7.63563e+10	-7.12391e+10	0	25056.7	24540.9	0	-3.92099e+22	3.97729e+22	0	5.972e+24	7.61982e+10	-1.23912e+11	0	25716.2	15007.3	0	-1.77026e+22	3.04288e+22	0	6.39e+23	8.19579e+10	-2.06664e+11	0	22592.4	8587.34	0	-5.88026e+20	1.53754e+21	0	1.898e+27	6.70286e+11	-3.90669e+11	0	6658.1	11251.3	0	-3.58468e+23	2.12064e+23	0	5.683e+26	-9.50291e+11	1.09975e+12	0	-7241.83	-6203.59	0	2.35512e+22	-2.70954e+22	0	8.681e+25	1.98376e+12	2.08033e+12	0	-4928.5	4693.27	0	-9.67412e+20	-1.01279e+21	0	1.024e+26	4.11581e+12	1.80465e+12	0	-2189.15	4972.55	0	-6.18432e+20	-2.70428e+20	0	7.342e+22	7.64281e+10	-1.24205e+11	0	26554.6	15644.6	0	-3.48485e+20	5.40318e+20	0	
10	1.9891e+30	8.34693e+08	5.36198e+09	0	-3.68004	6.24242	0	4.2484e+23	-1.90351e+23	0	3.285e+23	-1.27338e+10	6.26273e+10	0	-46259.6	-10611.2	0	2.90112e+21	-1.22527e+22	0	4.867e+24	1.07467e+11	-9.82174e+09	0	4957.91	34674.1	0	-5.51365e+22	7.85393e+21	0	5.972e+24	1.20411e+11	-8.45552e+10	0	17884.9	23821.7	0	-2.83515e+22	2.10849e+22	0	6.39e+23	1.24969e+11	-1.84827e+11	0	20256.8	13165.8	0	-8.98631e+20	1.37717e+21	0	1.898e+27	6.83222e+11	-3.67947e+11	0	6276.69	11468.3	0	-3.65375e+23	1.99891e+23	0	5.683e+26	-9.64691e+11	1.08725e+12	0	-7158.33	-6298.39	0	2.39017e+22	-2.67788e+22	0	8.681e+25	1.97388e+12	2.08969e+12	0	-4950.74	4669.88	0	-9.62631e+20	-1.0174e+21	0	1.024e+26	4.11142e+12	1.81459e+12	0	-2201.22	4967.25	0	-6.1779e+20	-2.71927e+20	0	7.342e+22	1.20329e+11	-8.49215e+10	0	18899.7	23604.3	0	-3.01046e+20	4.64532e+20	0	
10	1.9891e+30	8.2776e+08	5.37429e+09	0	-3.2542	6.07483	0	4.21795e+23	-1.45702e+23	0	3.285e+23	-5.6317e+10	-9.95977e+09	0	12307.9	-45564.9	0	1.20324e+22	3.22664e+21	0	4.867e+24	9.48242e+10	5.78313e+10	0	-17153.9	30564.1	0	-4.86925e+22	-2.71712e+22	0	5.972e+24	1.45913e+11	-3.11319e+10	0	7258.91	28909.6	0	-3.45302e+22	8.54448e+21	0	6.39e+23	1.62376e+11	-1.54401e+11	0	17010.2	17143.9	0	-1.16802e+21	1.15541e+21	0	1.898e+27	6.95388e+11	-3.44804e+11	0	5888.22	11672.5	0	-3.71868e+23	1.87494e+23	0	5.683e+26	-9.78924e+11	1.07455e+12	0	-7073.6	-6392.07	0	2.42479e+22	-2.64578e+22	0	8.681e+25	1.96396e+12	2.09901e+12	0	-4972.86	4646.39	0	-9.57828e+20	-1.02199e+21	0	1.024e+26	4.10701e+12	1.82452e+12	0	-2213.28	4961.92	0	-6.17146e+20	-2.73425e+20	0	7.342e+22	1.45584e+11	-3.13116e+10	0	7754.34	27994.3	0	-2.41372e+20	2.06571e+20	0	
10	1.9891e+30	8.21674e+08	5.38631e+09	0	-2.83155	5.94868	0	4.17783e+23	-1.03636e+23	0	3.285e+23	1.80969e+10	-5.06523e+10	0	45416.8	14342.5	0	-3.73388e+21	1.21194e+22	0	4.867e+24	4.35588e+10	1.03903e+11	0	-32290.2	13838.3	0	-2.22996e+22	-5.13981e+22	0	5.972e+24	1.48708e+11	2.80028e+10	0	-4501.72	29468.3	0	-3.52033e+22	-5.27833e+21	0	6.39e+23	1.925e+11	-1.16769e+11	0	13000.5	20344.8	0	-1.38444e+21	8.82412e+20	0	1.898e+27	7.0677e+11	-3.21266e+11	0	5493.13	11863.4	0	-3.7794e+23	1.74887e+23	0	5.683e+26	-9.92985e+11	1.06168e+12	0	-6987.67	-6484.61	0	2.45898e+22	-2.61323e+22	0	8.681e+25	1.95399e+12	2.10828e+12	0	-4994.87	4622.79	0	-9.53003e+20	-1.02656e+21	0	1.024e+26	4.10257e+12	1.83443e+12	0	-2225.33	4956.57	0	-6.16497e+20	-2.74921e+20	0	7.342e+22	1.48357e+11	2.81425e+10	0	-4860.4	28496.6	0	-2.41965e+20	-1.42495e+20	0	
10	1.9891e+30	8.16425e+08	5.39812e+09	0	-2.42207	5.86856	0	3.90507e+23	-5.75635e+22	0	3.285e+23	5.53525e+10	2.62036e+10	0	-16945	44754.7	0	-1.19597e+22	-4.56041e+21	0	4.867e+24	-2.53504e+10	1.09195e+11	0	-34130	-8771.19	0	1.37807e+22	-5.4677e+22	0	5.972e+24	1.28357e+11	8.35982e+10	0	-15560.7	25409.9	0	-3.02659e+22	-1.83312e+22	0	6.39e+23	2.13989e+11	-7.36345e+10	0	8408.93	22626.8	0	-1.53855e+21	5.7044e+20	0	1.898e+27	7.17356e+11	-2.97359e+11	0	5091.87	12041	0	-3.83585e+23	1.62084e+23	0	5.683e+26	-1.00687e+12	1.04862e+12	0	-6900.53	-6575.99	0	2.49273e+22	-2.58026e+22	0	8.681e+25	1.94398e+12	2.1175e+12	0	-5016.77	4599.09	0	-9.48157e+20	-1.03111e+21	0	1.024e+26	4.09811e+12	1.84434e+12	0	-2237.36	4951.18	0	-6.15846e+20	-2.76416e+20	0	7.342e+22	1.28221e+11	8.39598e+10	0	-16500.8	25049.9	0	-3.01325e+20	-4.11832e+20	0	
10	1.9891e+30	8.11957e+08	5.40981e+09	0	-2.05566	5.8205	0	3.37849e+23	-4.70322e+22	0	3.285e+23	-2.31925e+10	5.92239e+10	0	-43416.5	-19016.2	0	5.11465e+21	-1.14711e+22	0	4.867e+24	-8.32915e+10	7.11653e+10	0	-21681.2	-27894.4	0	4.46588e+22	-3.49205e+22	0	5.972e+24	8.80454e+10	1.26958e+11	0	-24189.3	17374.8	0	-2.05629e+22	-2.85969e+22	0	6.39e+23	2.25883e+11	-2.69422e+10	0	3441.48	23889.3	0	-1.62375e+21	2.33364e+20	0	1.898e+27	7.27134e+11	-2.73111e+11	0	4684.89	12204.9	0	-3.88797e+23	1.49099e+23	0	5.683e+26	-1.02059e+12	1.03537e+12	0	-6812.22	-6666.21	0	2.52604e+22	-2.54685e+22	0	8.681e+25	1.93393e+12	2.12667e+12	0	-5038.56	4575.28	0	-9.43291e+20	-1.03564e+21	0	1.024e+26	4.09362e+12	1.85424e+12	0	-2249.38	4945.77	0	-6.1519e+20	-2.77908e+20	0	7.342e+22	8.82164e+10	1.27301e+11	0	-25101.4	17838	0	-3.41217e+20	-5.30122e+20	0	
10	1.9891e+30	8.08172e+08	5.42139e+09	0	-1.73348	5.75869	0	3.11093e+23	-7.97838e+22	0	3.285e+23	-5.25109e+10	-2.01646e+10	0	20554.4	-42511.4	0	1.12421e+22	5.39247e+21	0	4.867e+24	-1.05839e+11	5.49997e+09	0	-29.937	-35363.4	0	5.6808e+22	-4.57596e+19	0	5.972e+24	3.40863e+10	1.51301e+11	0	-29037.7	6627.1	0	-7.68481e+21	-3.44705e+22	0	6.39e+23	2.27651e+11	2.12052e+10	0	-1679.63	24076.8	0	-1.63641e+21	-1.13947e+20	0	1.898e+27	7.36092e+11	-2.48549e+11	0	4272.64	12355.1	0	-3.93569e+23	1.35949e+23	0	5.683e+26	-1.03412e+12	1.02195e+12	0	-6722.74	-6755.25	0	2.5589e+22	-2.51303e+22	0	8.681e+25	1.92383e+12	2.1358e+12	0	-5060.24	4551.37	0	-9.38403e+20	-1.04014e+21	0	1.024e+26	4.08911e+12	1.86412e+12	0	-2261.39	4940.33	0	-6.14532e+20	-2.794e+20	0	7.342e+22	3.44553e+10	1.51405e+11	0	-29308.1	7606.71	0	-2.88997e+20	-4.77423e+20	0	
10	1.9891e+30	8.05021e+08	5.43282e+09	0	-1.41389	5.66222	0	3.30153e+23	-1.06854e+23	0	3.285e+23	2.82529e+10	-4.63059e+10	0	41985.1	22615.5	0	-5.95598e+21	1.12314e+22	0	4.867e+24	-8.33996e+10	-6.01988e+10	0	21632.1	-27928.4	0	4.47128e+22	3.4845e+22	0	5.972e+24	-2.50758e+10	1.52825e+11	0	-29345.4	-5147.4	0	6.29806e+21	-3.49797e+22	0	6.39e+23	2.19214e+11	6.86419e+10	0	-6725.75	23181.2	0	-1.57601e+21	-4.56226e+20	0	1.898e+27	7.44221e+11	-2.237e+11	0	3855.6	12491.4	0	-3.97896e+23	1.22647e+23	0	5.683e+26	-1.04748e+12	1.00835e+12	0	-6632.11	-6843.09	0	2.59131e+22	-2.47879e+22	0	8.681e+25	1.91369e+12	2.14488e+12	0	-5081.8	4527.35	0	-9.33494e+20	-1.04462e+21	0	1.024e+26	4.08458e+12	1.874e+12	0	-2273.39	4934.86	0	-6.1387e+20	-2.80889e+20	0	7.342e+22	-2.4758e+10	1.52625e+11	0	-28767.4	-4281.98	0	-1.01269e+20	-3.19691e+20	0	
10	1.9891e+30	8.02536e+08	5.44403e+09	0	-1.06747	5.55596	0	3.56135e+23	-1.00441e+23	0	3.285e+23	5.0452e+10	3.61995e+10	0	-25032.3	40752.7	0	-1.08697e+22	-6.73087e+21	0	4.867e+24	-2.55272e+10	-9.83176e+10	0	34110.4	-8826.76	0	1.38717e+22	5.46477e+22	0	5.972e+24	-8.01885e+10	1.31298e+11	0	-25061.4	-16106.8	0	1.91767e+22	-2.99768e+22	0	6.39e+23	2.00948e+11	1.13233e+11	0	-11471.4	21241.8	0	-1.44512e+21	-7.78416e+20	0	1.898e+27	7.51512e+11	-1.98593e+11	0	3434.24	12613.5	0	-4.01774e+23	1.09208e+23	0	5.683e+26	-1.06065e+12	9.94581e+11	0	-6540.36	-6929.72	0	2.62326e+22	-2.44414e+22	0	8.681e+25	1.9035e+12	2.15391e+12	0	-5103.25	4503.24	0	-9.28564e+20	-1.04908e+21	0	1.024e+26	4.08002e+12	1.88386e+12	0	-2285.37	4929.36	0	-6.13204e+20	-2.82378e+20	0	7.342e+22	-8.01484e+10	1.30929e+11	0	-24013	-15982.2	0	2.14067e+20	-1.55773e+20	0	
10	1.9891e+30	8.00763e+08	5.45505e+09	0	-0.703568	5.46113	0	3.66959e+23	-9.00241e+22	0	3.285e+23	-3.28036e+10	5.3942e+10	0	-39073.6	-26729	0	7.13613e+21	-1.03e+22	0	4.867e+24	4.33801e+10	-9.31358e+10	0	32308.3	13783.3	0	-2.22072e+22	5.14317e+22	0	5.972e+24	-1.22639e+11	9.00923e+10	0	-16853.7	-24543.9	0	2.90487e+22	-2.01638e+22	0	6.39e+23	1.7367e+11	1.52969e+11	0	-15704.1	18344.3	0	-1.24936e+21	-1.06628e+21	0	1.898e+27	7.57956e+11	-1.73255e+11	0	3009.03	12721.5	0	-4.05198e+23	9.56472e+22	0	5.683e+26	-1.07364e+12	9.80636e+11	0	-6447.48	-7015.12	0	2.65475e+22	-2.40909e+22	0	8.681e+25	1.89327e+12	2.16289e+12	0	-5124.58	4479.02	0	-9.23614e+20	-1.05351e+21	0	1.024e+26	4.07543e+12	1.89372e+12	0	-2297.34	4923.83	0	-6.12535e+20	-2.83864e+20	0	7.342e+22	-1.22898e+11	8.98172e+10	0	-16099.4	-25243.3	0	4.99656e+20	-9.63376e+19	0	
10	1.9891e+30	7.9973e+08	5.46588e+09	0	-0.325856	5.37329	0	3.8732e+23	-8.30061e+22	0	3.285e+23	-4.68556e+10	-2.94899e+10	0	28105.3	-37985.6	0	1.00683e+22	7.38272e+21	0	4.867e+24	9.47112e+10	-4.71495e+10	0	17201.9	30533.4	0	-4.86405e+22	2.72563e+22	0	5.972e+24	-1.45797e+11	3.56556e+10	0	-6009.18	-29147.2	0	3.44582e+22	-7.13221e+21	0	6.39e+23	1.38601e+11	1.86055e+11	0	-19233.1	14616.4	0	-9.97144e+20	-1.30695e+21	0	1.898e+27	7.63545e+11	-1.47716e+11	0	2580.45	12815.1	0	-4.08165e+23	8.19807e+22	0	5.683e+26	-1.08644e+12	9.66521e+11	0	-6353.51	-7099.28	0	2.68577e+22	-2.37365e+22	0	8.681e+25	1.883e+12	2.17183e+12	0	-5145.81	4454.69	0	-9.18643e+20	-1.05793e+21	0	1.024e+26	4.07083e+12	1.90356e+12	0	-2309.3	4918.27	0	-6.11863e+20	-2.85349e+20	0	7.342e+22	-1.46174e+11	3.56693e+10	0	-6037.26	-30184.7	0	6.28783e+20	-9.47216e+19	0	
10	1.9891e+30	7.99478e+08	5.47655e+09	0	0.0779041	5.30297	0	4.13717e+23	-5.11177e+22	0	3.285e+23	3.7446e+10	-4.0126e+10	0	37048.9	30114.6	0	-7.97979e+21	9.93338e+21	0	4.867e+24	1.07458e+11	2.04801e+10	0	-4901.95	34681.4	0	-5.51501e+22	-7.75472e+21	0	5.972e+24	-1.46046e+11	-2.34994e+10	0	5772.96	-29201	0	3.45946e+22	7.00245e+21	0	6.39e+23	9.73137e+10	2.1099e+11	0	-21898.3	10223.7	0	-6.99406e+20	-1.48952e+21	0	1.898e+27	7.68275e+11	-1.22005e+11	0	2148.99	12894.2	0	-4.10671e+23	6.82235e+22	0	5.683e+26	-1.09905e+12	9.5224e+11	0	-6258.45	-7182.18	0	2.71632e+22	-2.33781e+22	0	8.681e+25	1.87269e+12	2.18071e+12	0	-5166.91	4430.27	0	-9.13652e+20	-1.06232e+21	0	1.024e+26	4.0662e+12	1.91339e+12	0	-2321.24	4912.68	0	-6.11187e+20	-2.86832e+20	0	7.342e+22	-1.46289e+11	-2.32011e+10	0	5000.4	-29855.2	0	5.50768e+20	-7.01123e+19	0	
10	1.9891e+30	8.00051e+08	5.48713e+09	0	0.494114	5.2777	0	4.06096e+23	-7.10406e+19	0	3.285e+23	4.37856e+10	4.5093e+10	0	-32208.6	35302.1	0	-9.38885e+21	-8.64791e+21	0	4.867e+24	7.6441e+10	8.19468e+10	0	-25018.8	24582.7	0	-3.92836e+22	-3.9705e+22	0	5.972e+24	-1.23349e+11	-7.81243e+10	0	16648.3	-24694.3	0	2.93782e+22	1.99618e+22	0	6.39e+23	5.16657e+10	2.26635e+11	0	-23577.2	5361.88	0	-3.69187e+20	-1.60549e+21	0	1.898e+27	7.7214e+11	-9.6149e+10	0	1715.13	12958.8	0	-4.12714e+23	5.4391e+22	0	5.683e+26	-1.11147e+12	9.37794e+11	0	-6162.32	-7263.82	0	2.74639e+22	-2.30159e+22	0	8.681e+25	1.86233e+12	2.18955e+12	0	-5187.91	4405.74	0	-9.08641e+20	-1.06669e+21	0	1.024e+26	4.06154e+12	1.92321e+12	0	-2333.17	4907.06	0	-6.10508e+20	-2.88313e+20	0	7.342e+22	-1.23299e+11	-7.77423e+10	0	15645.2	-24548.1	0	3.37054e+20	4.74925e+19	0	
10	1.9891e+30	8.01435e+08	5.49769e+09	0	0.883141	5.29159	0	3.6659e+23	1.97127e+22	0	3.285e+23	-4.1236e+10	4.69742e+10	0	-33389.5	-33488.9	0	8.89998e+21	-8.78397e+21	0	4.867e+24	1.42852e+10	1.1189e+11	0	-34914.3	4256.33	0	-7.06601e+21	-5.57316e+22	0	5.972e+24	-8.1248e+10	-1.1968e+11	0	24917	-16325.7	0	1.95698e+22	2.97119e+22	0	6.39e+23	3.71617e+09	2.32269e+11	0	-24190.6	249.137	0	-2.11329e+19	-1.6492e+21	0	1.898e+27	7.75135e+11	-7.01789e+10	0	1279.37	13008.8	0	-4.14291e+23	4.04988e+22	0	5.683e+26	-1.1237e+12	9.23185e+11	0	-6065.15	-7344.18	0	2.77599e+22	-2.26499e+22	0	8.681e+25	1.85194e+12	2.19833e+12	0	-5208.78	4381.12	0	-9.0361e+20	-1.07103e+21	0	1.024e+26	4.05686e+12	1.93302e+12	0	-2345.09	4901.42	0	-6.09825e+20	-2.89792e+20	0	7.342e+22	-8.09336e+10	-1.19465e+11	0	24341.1	-15472.9	0	7.26875e+19	2.52081e+20	0	
10	1.9891e+30	8.0356e+08	5.50829e+09	0	1.23783	5.30455	0	3.44813e+23	3.05236e+21	0	3.285e+23	-3.95425e+10	-3.76086e+10	0	34701.3	-32135.6	0	8.54676e+21	9.13072e+21	0	4.867e+24	-5.34246e+10	9.76405e+10	0	-30330.1	-18020.9	0	2.86733e+22	-4.87213e+22	0	5.972e+24	-2.63199e+10	-1.41667e+11	0	29288.5	-5396.98	0	6.61622e+21	3.4765e+22	0	6.39e+23	-4.43642e+10	2.27618e+11	0	-23707	-4883.66	0	3.29115e+20	-1.61817e+21	0	1.898e+27	7.77256e+11	-4.41235e+10	0	842.187	13044.2	0	-4.15402e+23	2.65625e+22	0	5.683e+26	-1.13573e+12	9.08418e+11	0	-5966.94	-7423.24	0	2.80509e+22	-2.22802e+22	0	8.681e+25	1.8415e+12	2.20707e+12	0	-5229.54	4356.39	0	-8.98558e+20	-1.07535e+21	0	1.024e+26	4.05216e+12	1.94282e+12	0	-2356.99	4895.74	0	-6.09139e+20	-2.9127e+20	0	7.342e+22	-2.59513e+10	-1.41755e+11	0	29547.1	-4403.89	0	-1.20208e+20	4.75695e+20	0	
10	1.9891e+30	8.06383e+08	5.5189e+09	0	1.58728	5.29928	0	3.53166e+23	-1.01728e+22	0	3.285e+23	4.53466e+10	-3.23233e+10	0	30776.3	36564.1	0	-9.72783e+21	8.26772e+21	0	4.867e+24	-9.83787e+10	4.48096e+10	0	-12961.8	-32889.6	0	5.27775e+22	-2.09108e+22	0	5.972e+24	3.28518e+10	-1.40643e+11	0	29082.6	6385.91	0	-7.48554e+21	3.4395e+22	0	6.39e+23	-9.03915e+10	2.12876e+11	0	-22144.7	-9803.07	0	6.65596e+20	-1.51329e+21	0	1.898e+27	7.78503e+11	-1.80121e+10	0	404.082	13064.8	0	-4.16043e+23	1.2598e+22	0	5.683e+26	-1.14757e+12	8.93493e+11	0	-5867.72	-7500.99	0	2.83371e+22	-2.19068e+22	0	8.681e+25	1.83102e+12	2.21576e+12	0	-5250.18	4331.57	0	-8.93487e+20	-1.07965e+21	0	1.024e+26	4.04744e+12	1.9526e+12	0	-2368.88	4890.04	0	-6.08449e+20	-2.92746e+20	0	7.342e+22	3.30154e+10	-1.40975e+11	0	30037.9	6846.86	0	-1.8782e+20	6.15378e+20	0	
10	1.9891e+30	8.09917e+08	5.52949e+09	0	1.94759	5.2894	0	3.61869e+23	-9.45056e+21	0	3.285e+23	3.55969e+10	5.25722e+10	0	-38217.3	28607.5	0	-7.57615e+21	-1.02419e+22	0	4.867e+24	-1.01527e+11	-2.45632e+10	0	9928.74	-33934.6	0	5.44791e+22	1.60158e+22	0	5.972e+24	8.7013e+10	-1.16762e+11	0	24334.6	17177.7	0	-2.04903e+22	2.87597e+22	0	6.39e+23	-1.32267e+11	1.88697e+11	0	-19571.1	-14283.8	0	9.72755e+20	-1.33887e+21	0	1.898e+27	7.78872e+11	8.1259e+09	0	-34.4521	13070.7	0	-4.16216e+23	-1.3791e+21	0	5.683e+26	-1.1592e+12	8.78415e+11	0	-5767.49	-7577.42	0	2.86183e+22	-2.15299e+22	0	8.681e+25	1.8205e+12	2.2244e+12	0	-5270.71	4306.65	0	-8.88396e+20	-1.08393e+21	0	1.024e+26	4.04269e+12	1.96238e+12	0	-2380.76	4884.31	0	-6.07755e+20	-2.94221e+20	0	7.342e+22	8.68522e+10	-1.17102e+11	0	25283.4	16757.1	0	-1.60475e+20	5.42944e+20	0	
10	1.9891e+30	8.14178e+08	5.54005e+09	0	2.31589	5.27608	0	3.74327e+23	-1.89846e+22	0	3.285e+23	-4.82004e+10	3.85698e+10	0	-26567.1	-39071.7	0	1.03511e+22	-6.97776e+21	0	4.867e+24	-6.15273e+10	-8.12625e+10	0	28586.4	-20700.8	0	3.30041e+22	4.59467e+22	0	5.972e+24	1.27688e+11	-7.37518e+10	0	15784.1	25282.5	0	-3.02252e+22	1.87147e+22	0	6.39e+23	-1.68077e+11	1.5617e+11	0	-16101	-18119.3	0	1.23621e+21	-1.10253e+21	0	1.898e+27	7.78365e+11	3.42609e+10	0	-472.922	13061.9	0	-4.1592e+23	-1.53531e+22	0	5.683e+26	-1.17064e+12	8.63184e+11	0	-5666.29	-7652.53	0	2.88945e+22	-2.11494e+22	0	8.681e+25	1.80994e+12	2.23299e+12	0	-5291.12	4281.62	0	-8.83285e+20	-1.08818e+21	0	1.024e+26	4.03791e+12	1.97214e+12	0	-2392.62	4878.55	0	-6.07058e+20	-2.95693e+20	0	7.342e+22	1.27322e+11	-7.38612e+10	0	16082.1	24303.2	0	-1.77301e+20	2.89862e+20	0	
10	1.9891e+30	8.19198e+08	5.55058e+09	0	2.71109	5.25376	0	4.16708e+23	-2.02128e+22	0	3.285e+23	-3.08197e+10	-4.42349e+10	0	40113.1	-25154	0	6.72384e+21	1.05764e+22	0	4.867e+24	4.64895e+09	-1.0158e+11	0	35173.5	1086.54	0	-2.00399e+21	5.61886e+22	0	5.972e+24	1.48507e+11	-1.8334e+10	0	4763.65	29427	0	-3.51344e+22	5.76134e+21	0	6.39e+23	-1.96177e+11	1.16769e+11	0	-11891.3	-21131.8	0	1.44347e+21	-8.14937e+20	0	1.898e+27	7.76981e+11	6.03636e+10	0	-910.832	13038.4	0	-4.15156e+23	-2.93083e+22	0	5.683e+26	-1.18187e+12	8.47805e+11	0	-5564.12	-7726.28	0	2.91657e+22	-2.07655e+22	0	8.681e+25	1.79933e+12	2.24152e+12	0	-5311.41	4256.51	0	-8.78155e+20	-1.09241e+21	0	1.024e+26	4.03312e+12	1.98189e+12	0	-2404.47	4872.76	0	-6.06358e+20	-2.97164e+20	0	7.342e+22	1.48181e+11	-1.81331e+10	0	4239.84	28547.8	0	-2.62164e+20	-3.53233e+19	0	
10	1.9891e+30	8.25058e+08	5.56108e+09	0	3.15664	5.25157	0	4.65943e+23	2.45499e+22	0	3.285e+23	5.1669e+10	-2.31694e+10	0	23386.5	41723.3	0	-1.11311e+22	6.29229e+21	0	4.867e+24	6.92795e+10	-7.73511e+10	0	27142.4	22236.7	0	-3.55792e+22	4.31011e+22	0	5.972e+24	1.46212e+11	4.08231e+10	0	-7006.16	28961.5	0	-3.44624e+22	-8.15621e+21	0	6.39e+23	-2.15275e+11	7.22861e+10	0	-7134.22	-23180.8	0	1.58463e+21	-4.89287e+20	0	1.898e+27	7.74722e+11	8.64046e+10	0	-1347.69	13000.1	0	-4.13924e+23	-4.32289e+22	0	5.683e+26	-1.19289e+12	8.3228e+11	0	-5461.01	-7798.68	0	2.94318e+22	-2.03781e+22	0	8.681e+25	1.78869e+12	2.25001e+12	0	-5331.58	4231.29	0	-8.73006e+20	-1.09662e+21	0	1.024e+26	4.02829e+12	1.99163e+12	0	-2416.31	4866.94	0	-6.05654e+20	-2.98633e+20	0	7.342e+22	1.46135e+11	4.12022e+10	0	-7992.94	28769.8	0	-3.84284e+20	-2.95499e+20	0	
10	1.9891e+30	8.31846e+08	5.57163e+09	0	3.63236	5.31359	0	4.70937e+23	9.87233e+22	0	3.285e+23	2.61825e+10	5.83763e+10	0	-42848	20918.1	0	-5.50274e+21	-1.14574e+22	0	4.867e+24	1.05711e+11	-1.8911e+10	0	8004.42	34103.1	0	-5.4243e+22	1.26668e+22	0	5.972e+24	1.21163e+11	9.44638e+10	0	-17684.1	23963	0	-2.83697e+22	-2.08824e+22	0	6.39e+23	-2.24493e+11	2.47527e+10	0	-2048.07	-24170.5	0	1.65288e+21	-1.40716e+20	0	1.898e+27	7.71591e+11	1.12354e+11	0	-1783	12947.3	0	-4.12225e+23	-5.70995e+22	0	5.683e+26	-1.20371e+12	8.16612e+11	0	-5356.97	-7869.71	0	2.96929e+22	-1.99875e+22	0	8.681e+25	1.77801e+12	2.25845e+12	0	-5351.64	4205.98	0	-8.67837e+20	-1.1008e+21	0	1.024e+26	4.02345e+12	2.00136e+12	0	-2428.13	4861.09	0	-6.04946e+20	-3.001e+20	0	7.342e+22	1.21387e+11	9.47692e+10	0	-18504.9	24592.2	0	-4.69106e+20	-4.21676e+20	0	
10	1.9891e+30	8.39574e+08	5.58238e+09	0	4.09045	5.44165	0	4.37679e+23	1.50228e+23	0	3.285e+23	-5.34591e+10	2.90252e+10	0	-18843.4	-43293.7	0	1.14453e+22	-4.9435e+21	0	4.867e+24	9.91005e+10	4.95875e+10	0	-14380.2	31951.5	0	-5.08708e+22	-2.27781e+22	0	5.972e+24	7.72853e+10	1.34196e+11	0	-25598	15220.6	0	-1.7891e+22	-3.04283e+22	0	6.39e+23	-2.23404e+11	-2.36578e+10	0	3132.79	-24054.6	0	1.64491e+21	2.14468e+20	0	1.898e+27	7.67591e+11	1.38184e+11	0	-2216.28	12879.8	0	-4.10063e+23	-7.09043e+22	0	5.683e+26	-1.21432e+12	8.00802e+11	0	-5252.02	-7939.36	0	2.99487e+22	-1.95936e+22	0	8.681e+25	1.76729e+12	2.26684e+12	0	-5371.57	4180.57	0	-8.6265e+20	-1.10496e+21	0	1.024e+26	4.01858e+12	2.01107e+12	0	-2439.94	4855.22	0	-6.04235e+20	-3.01565e+20	0	7.342e+22	7.76624e+10	1.34224e+11	0	-25673	16249.5	0	-4.2665e+20	-3.87957e+20	0	
10	1.9891e+30	8.48184e+08	5.59342e+09	0	4.51301	5.60735	0	4.04145e+23	1.777e+23	0	3.285e+23	-2.09844e+10	-4.91308e+10	0	44147.3	-17273.3	0	4.65699e+21	1.16674e+22	0	4.867e+24	5.21336e+10	9.99925e+10	0	-30920.4	16633.2	0	-2.67269e+22	-4.91886e+22	0	5.972e+24	2.14509e+10	1.53806e+11	0	-29505.6	4106.89	0	-4.72498e+21	-3.52154e+22	0	6.39e+23	-2.12057e+11	-7.07309e+10	0	8169.45	-22838.4	0	1.56111e+21	5.59609e+20	0	1.898e+27	7.62727e+11	1.63864e+11	0	-2647.04	12797.9	0	-4.07438e+23	-8.46281e+22	0	5.683e+26	-1.22472e+12	7.84855e+11	0	-5146.18	-8007.62	0	3.01994e+22	-1.91964e+22	0	8.681e+25	1.75652e+12	2.27517e+12	0	-5391.39	4155.06	0	-8.57443e+20	-1.10909e+21	0	1.024e+26	4.01369e+12	2.02078e+12	0	-2451.73	4849.31	0	-6.0352e+20	-3.03028e+20	0	7.342e+22	2.17185e+10	1.53545e+11	0	-28763.7	4840.85	0	-2.1073e+20	-2.86021e+20	0	
10	1.9891e+30	8.57605e+08	5.60483e+09	0	4.90264	5.79914	0	3.68022e+23	2.03777e+23	0	3.285e+23	5.61852e+10	-1.29859e+10	0	15144.2	45398.5	0	-1.21334e+22	4.07923e+21	0	4.867e+24	-1.59935e+10	1.11364e+11	0	-34751.6	-5704.96	0	8.86114e+21	-5.5633e+22	0	5.972e+24	-3.76034e+10	1.50233e+11	0	-28792.3	-7639.93	0	9.07556e+21	-3.44211e+22	0	6.39e+23	-1.90976e+11	-1.14314e+11	0	12829.9	-20578.8	0	1.40552e+21	8.78571e+20	0	1.898e+27	7.57005e+11	1.89366e+11	0	-3074.79	12701.5	0	-4.04356e+23	-9.82553e+22	0	5.683e+26	-1.2349e+12	7.68773e+11	0	-5039.47	-8074.47	0	3.04449e+22	-1.87962e+22	0	8.681e+25	1.74572e+12	2.28346e+12	0	-5411.08	4129.46	0	-8.52217e+20	-1.1132e+21	0	1.024e+26	4.00878e+12	2.03047e+12	0	-2463.52	4843.38	0	-6.02801e+20	-3.0449e+20	0	7.342e+22	-3.76415e+10	1.49864e+11	0	-27741.6	-7728.44	0	1.34616e+20	-2.11616e+20	0	
10	1.9891e+30	8.67763e+08	5.61663e+09	0	5.24497	6.01063	0	3.10403e+23	2.09782e+23	0	3.285e+23	1.58823e+10	6.23099e+10	0	-45945.3	12516.1	0	-3.24784e+21	-1.22556e+22	0	4.867e+24	-7.70493e+10	7.86475e+10	0	-24064.3	-25844.9	0	4.13329e+22	-3.87445e+22	0	5.972e+24	-9.06437e+10	1.24043e+11	0	-23569.8	-18189.1	0	2.14773e+22	-2.81225e+22	0	6.39e+23	-1.6113e+11	-1.5242e+11	0	16900.4	-17381.5	0	1.18562e+21	1.15655e+21	0	1.898e+27	7.5043e+11	2.1466e+11	0	-3499.05	12590.8	0	-4.00818e+23	-1.11771e+23	0	5.683e+26	-1.24487e+12	7.52558e+11	0	-4931.9	-8139.91	0	3.06851e+22	-1.83929e+22	0	8.681e+25	1.73488e+12	2.29169e+12	0	-5430.65	4103.77	0	-8.46973e+20	-1.11728e+21	0	1.024e+26	4.00384e+12	2.04015e+12	0	-2475.28	4837.42	0	-6.02079e+20	-3.05949e+20	0	7.342e+22	-9.09577e+10	1.23825e+11	0	-22974.6	-19014.1	0	4.31363e+20	-2.29441e+20	0	
10	1.9891e+30	8.78547e+08	5.62886e+09	0	5.53143	6.20424	0	2.66544e+23	1.68722e+23	0	3.285e+23	-5.68332e+10	1.86753e+10	0	-10482.8	-46017.2	0	1.21497e+22	-2.7486e+21	0	4.867e+24	-1.0534e+11	1.52651e+10	0	-3176.56	-35217.3	0	5.65675e+22	-5.13492e+21	0	5.972e+24	-1.2938e+11	7.93383e+10	0	-14660.4	-25897.1	0	3.06083e+22	-1.73883e+22	0	6.39e+23	-1.23891e+11	-1.83313e+11	0	20195.3	-13395.2	0	9.11908e+20	1.38081e+21	0	1.898e+27	7.43011e+11	2.3972e+11	0	-3919.35	12466	0	-3.9683e+23	-1.25159e+23	0	5.683e+26	-1.25463e+12	7.36214e+11	0	-4823.5	-8203.92	0	3.092e+22	-1.79866e+22	0	8.681e+25	1.724e+12	2.29987e+12	0	-5450.11	4077.98	0	-8.4171e+20	-1.12134e+21	0	1.024e+26	3.99887e+12	2.04982e+12	0	-2487.03	4831.43	0	-6.01353e+20	-3.07407e+20	0	7.342e+22	-1.29755e+11	7.94212e+10	0	-14879.8	-26896.3	0	5.71403e+20	-2.56141e+20	0	
10	1.9891e+30	8.89876e+08	5.64142e+09	0	5.79984	6.34619	0	2.7642e+23	1.16982e+23	0	3.285e+23	-1.03759e+10	-5.21143e+10	0	46653.3	-8759.76	0	2.41319e+21	1.23608e+22	0	4.867e+24	-8.88324e+10	-5.2177e+10	0	19067.6	-29751.2	0	4.76725e+22	3.07166e+22	0	5.972e+24	-1.4776e+11	2.31133e+10	0	-3461.56	-29561.9	0	3.50506e+22	-3.9621e+21	0	6.39e+23	-8.09655e+10	-2.05596e+11	0	22566	-8804.53	0	5.97334e+20	1.54128e+21	0	1.898e+27	7.34756e+11	2.64515e+11	0	-4335.21	12327.1	0	-3.92395e+23	-1.38405e+23	0	5.683e+26	-1.26417e+12	7.19743e+11	0	-4714.28	-8266.51	0	3.11495e+22	-1.75774e+22	0	8.681e+25	1.71308e+12	2.308e+12	0	-5469.44	4052.1	0	-8.36428e+20	-1.12538e+21	0	1.024e+26	3.99389e+12	2.05948e+12	0	-2498.77	4825.41	0	-6.00624e+20	-3.08863e+20	0	7.342e+22	-1.47952e+11	2.3448e+10	0	-4335.21	-30070	0	5.28478e+20	-2.21865e+20	0	
10	1.9891e+30	9.01767e+08	5.65422e+09	0	6.09794	6.4532	0	3.16892e+23	1.0359e+23	0	3.285e+23	5.87288e+10	-2.13188e+09	0	6348.34	47450.4	0	-1.26941e+22	1.71135e+21	0	4.867e+24	-3.45532e+10	-9.53086e+10	0	33210.4	-11828.9	0	1.86998e+22	5.32378e+22	0	5.972e+24	-1.42908e+11	-3.58401e+10	0	8273.85	-28608.7	0	3.40607e+22	1.00015e+22	0	6.39e+23	-3.43144e+10	-2.18268e+11	0	23907.1	-3820.99	0	2.56601e+20	1.631e+21	0	1.898e+27	7.25674e+11	2.89019e+11	0	-4746.16	12174.4	0	-3.87518e+23	-1.51495e+23	0	5.683e+26	-1.27349e+12	7.03149e+11	0	-4604.26	-8327.64	0	3.13737e+22	-1.71653e+22	0	8.681e+25	1.70212e+12	2.31608e+12	0	-5488.65	4026.13	0	-8.31128e+20	-1.12939e+21	0	1.024e+26	3.98888e+12	2.06912e+12	0	-2510.5	4819.36	0	-5.9989e+20	-3.10317e+20	0	7.342e+22	-1.42797e+11	-3.5475e+10	0	7304.81	-28284.5	0	3.60762e+20	-7.21217e+19	0	
10	1.9891e+30	9.14292e+08	5.66723e+09	0	6.43126	6.56404	0	3.42723e+23	1.17841e+23	0	3.285e+23	5.06167e+09	6.4245e+10	0	-47410.6	3705.15	0	-8.95076e+20	-1.26139e+22	0	4.867e+24	3.45835e+10	-9.62636e+10	0	33423.4	10870.7	0	-1.75815e+22	5.3241e+22	0	5.972e+24	-1.1558e+11	-8.83058e+10	0	18711.7	-23181.2	0	2.77388e+22	2.2301e+22	0	6.39e+23	1.39373e+10	-2.20769e+11	0	24161.2	1327.49	0	-9.45745e+19	1.64636e+21	0	1.898e+27	7.15775e+11	3.13203e+11	0	-5151.74	12007.9	0	-3.82206e+23	-1.64413e+23	0	5.683e+26	-1.28258e+12	6.86434e+11	0	-4493.46	-8387.32	0	3.15925e+22	-1.67505e+22	0	8.681e+25	1.69112e+12	2.32411e+12	0	-5507.73	4000.06	0	-8.25809e+20	-1.13337e+21	0	1.024e+26	3.98385e+12	2.07876e+12	0	-2522.21	4813.29	0	-5.99154e+20	-3.11769e+20	0	7.342e+22	-1.15236e+11	-8.81589e+10	0	18305.9	-22215.6	0	1.47925e+20	1.92818e+20	0	
10	1.9891e+30	9.27505e+08	5.68048e+09	0	6.78535	6.68898	0	3.63157e+23	1.30807e+23	0	3.285e+23	-5.82107e+10	7.8814e+09	0	-1768.97	-47154.2	0	1.24434e+22	-4.65066e+20	0	4.867e+24	8.9816e+10	-5.49856e+10	0	19845.7	28902	0	-4.60758e+22	3.14522e+22	0	5.972e+24	-7.00402e+10	-1.26081e+11	0	26224.4	-14121.6	0	1.69718e+22	3.10723e+22	0	6.39e+23	6.15996e+10	-2.13003e+11	0	23320.8	6407.01	0	-4.40225e+20	1.5872e+21	0	1.898e+27	7.05071e+11	3.37041e+11	0	-5551.5	11827.9	0	-3.76464e+23	-1.77145e+23	0	5.683e+26	-1.29146e+12	6.69601e+11	0	-4381.9	-8445.54	0	3.18059e+22	-1.63329e+22	0	8.681e+25	1.68009e+12	2.33208e+12	0	-5526.7	3973.9	0	-8.20472e+20	-1.13733e+21	0	1.024e+26	3.97879e+12	2.08838e+12	0	-2533.9	4807.18	0	-5.98413e+20	-3.1322e+20	0	7.342e+22	-6.97023e+10	-1.26248e+11	0	26683.9	-13196.9	0	2.05877e+19	4.75006e+20	0	
10	1.9891e+30	9.41451e+08	5.694e+09	0	7.16521	6.83262	0	3.92578e+23	1.60165e+23	0	3.285e+23	6.36382e+08	-5.30717e+10	0	47534	94.0277	0	6.76479e+19	1.26273e+22	0	4.867e+24	1.08504e+11	1.12652e+10	0	-1813.64	34980.8	0	-5.56201e+22	-2.87661e+21	0	5.972e+24	-1.34029e+10	-1.43258e+11	0	29642.2	-2845.11	0	3.44734e+21	3.50371e+22	0	6.39e+23	1.06517e+11	-1.95339e+11	0	21427.4	11188.5	0	-7.64852e+20	1.45671e+21	0	1.898e+27	6.93573e+11	3.60506e+11	0	-5944.98	11634.6	0	-3.70298e+23	-1.89677e+23	0	5.683e+26	-1.30011e+12	6.52653e+11	0	-4269.6	-8502.28	0	3.20138e+22	-1.59127e+22	0	8.681e+25	1.66902e+12	2.34e+12	0	-5545.54	3947.66	0	-8.15117e+20	-1.14127e+21	0	1.024e+26	3.97371e+12	2.09798e+12	0	-2545.58	4801.05	0	-5.97669e+20	-3.14668e+20	0	7.342e+22	-1.33123e+10	-1.43619e+11	0	30663.2	-2588.74	0	-1.01453e+19	6.3617e+20	0	
10	1.9891e+30	9.56182e+08	5.70784e+09	0	7.56747	7.02222	0	4.0002e+23	2.20259e+23	0	3.285e+23	5.92075e+10	9.00709e+09	0	-2680.69	47800.8	0	-1.27903e+22	-7.2226e+20	0	4.867e+24	8.30547e+10	7.52278e+10	0	-22736.2	26693.2	0	-4.26062e+22	-3.60739e+22	0	5.972e+24	4.54782e+10	-1.37145e+11	0	28433.1	8882	0	-1.06557e+22	3.36441e+22	0	6.39e+23	1.46665e+11	-1.6859e+11	0	18569.8	15457.7	0	-1.0541e+21	1.26116e+21	0	1.898e+27	6.81295e+11	3.83571e+11	0	-6331.75	11428.3	0	-3.63717e+23	-2.01995e+23	0	5.683e+26	-1.30854e+12	6.35592e+11	0	-4156.57	-8557.53	0	3.22162e+22	-1.54899e+22	0	8.681e+25	1.65791e+12	2.34787e+12	0	-5564.26	3921.32	0	-8.09743e+20	-1.14517e+21	0	1.024e+26	3.96861e+12	2.10758e+12	0	-2557.25	4794.89	0	-5.96921e+20	-3.16115e+20	0	7.342e+22	4.52518e+10	-1.37449e+11	0	29276.2	8291.74	0	-6.5706e+18	5.77898e+20	0	
10	1.9891e+30	9.71709e+08	5.72213e+09	0	7.95285	7.27183	0	3.60597e+23	2.6956e+23	0	3.285e+23	-5.89486e+09	6.41226e+10	0	-47203.3	-5201.25	0	1.4708e+21	-1.25259e+22	0	4.867e+24	2.38246e+10	1.10546e+11	0	-34379.4	7332.19	0	-1.19592e+22	-5.4843e+22	0	5.972e+24	9.73941e+10	-1.08689e+11	0	22782.2	19219.6	0	-2.30151e+22	2.70599e+22	0	6.39e+23	1.80239e+11	-1.33976e+11	0	14879.1	19024.5	0	-1.29533e+21	1.00964e+21	0	1.898e+27	6.68251e+11	4.0621e+11	0	-6711.36	11209	0	-3.56726e+23	-2.14085e+23	0	5.683e+26	-1.31674e+12	6.18423e+11	0	-4042.85	-8611.3	0	3.24131e+22	-1.50646e+22	0	8.681e+25	1.64676e+12	2.35569e+12	0	-5582.85	3894.89	0	-8.04352e+20	-1.14905e+21	0	1.024e+26	3.96348e+12	2.11716e+12	0	-2568.9	4788.7	0	-5.96169e+20	-3.1756e+20	0	7.342e+22	9.70106e+10	-1.0873e+11	0	22890.8	18214.4	0	-8.50467e+19	3.55435e+20	0	
10	1.9891e+30	9.87961e+08	5.73695e+09	0	8.29072	7.54842	0	3.15009e+23	2.7422e+23	0	3.285e+23	-5.75423e+10	-2.98245e+09	0	7004.02	-46667.9	0	1.23177e+22	1.83303e+21	0	4.867e+24	-4.48419e+10	1.02369e+11	0	-31792.4	-15245.6	0	2.42032e+22	-5.10389e+22	0	5.972e+24	1.34223e+11	-6.23323e+10	0	13567.1	26547.3	0	-3.16862e+22	1.62463e+22	0	6.39e+23	2.05736e+11	-9.30656e+10	0	10522.3	21731.1	0	-1.47812e+21	7.135e+20	0	1.898e+27	6.54455e+11	4.28399e+11	0	-7083.4	10977.2	0	-3.49334e+23	-2.25933e+23	0	5.683e+26	-1.32471e+12	6.01148e+11	0	-3928.44	-8663.56	0	3.26045e+22	-1.46368e+22	0	8.681e+25	1.63558e+12	2.36345e+12	0	-5601.32	3868.37	0	-7.98942e+20	-1.15291e+21	0	1.024e+26	3.95833e+12	2.12674e+12	0	-2580.53	4782.49	0	-5.95413e+20	-3.19003e+20	0	7.342e+22	1.33934e+11	-6.20788e+10	0	12894.7	25779.4	0	-2.40907e+20	6.80922e+19	0	
10	1.9891e+30	1.00485e+09	5.75232e+09	0	8.59702	7.81802	0	2.99126e+23	2.63254e+23	0	3.285e+23	1.16702e+10	-5.19587e+10	0	46745.4	8980.06	0	-2.29884e+21	1.24508e+22	0	4.867e+24	-9.42898e+10	5.37683e+10	0	-15830.1	-31594.3	0	5.06725e+22	-2.55357e+22	0	5.972e+24	1.50201e+11	-5.32241e+09	0	2224.8	29718.1	0	-3.53284e+22	2.82281e+21	0	6.39e+23	2.22014e+11	-4.77054e+10	0	5695.55	23457.9	0	-1.59463e+21	3.85934e+20	0	1.898e+27	6.39922e+11	4.50111e+11	0	-7447.44	10733	0	-3.4155e+23	-2.37527e+23	0	5.683e+26	-1.33245e+12	5.8377e+11	0	-3813.37	-8714.32	0	3.27902e+22	-1.42067e+22	0	8.681e+25	1.62435e+12	2.37116e+12	0	-5619.66	3841.77	0	-7.93514e+20	-1.15674e+21	0	1.024e+26	3.95316e+12	2.13629e+12	0	-2592.16	4776.24	0	-5.94654e+20	-3.20444e+20	0	7.342e+22	1.5019e+11	-4.93839e+09	0	1212.63	29703.8	0	-4.28687e+20	-1.66999e+20	0	
10	1.9891e+30	1.02234e+09	5.76822e+09	0	8.89596	8.08374	0	2.94139e+23	2.67543e+23	0	3.285e+23	5.76068e+10	2.00348e+10	0	-11611.9	46436.6	0	-1.2418e+22	-3.12873e+21	0	4.867e+24	-1.03594e+11	-1.50361e+10	0	6870.8	-34683.3	0	5.56994e+22	1.10731e+22	0	5.972e+24	1.42832e+11	5.34237e+10	0	-9470.78	28239	0	-3.34231e+22	-1.11383e+22	0	6.39e+23	2.28347e+11	6.15442e+07	0	614.74	24129.1	0	-1.63987e+21	4.13845e+19	0	1.898e+27	6.2467e+11	4.71322e+11	0	-7803.08	10476.7	0	-3.33382e+23	-2.48853e+23	0	5.683e+26	-1.33996e+12	5.66292e+11	0	-3697.65	-8763.56	0	3.29704e+22	-1.37743e+22	0	8.681e+25	1.6131e+12	2.37882e+12	0	-5637.88	3815.07	0	-7.88069e+20	-1.16054e+21	0	1.024e+26	3.94796e+12	2.14584e+12	0	-2603.76	4769.97	0	-5.93891e+20	-3.21883e+20	0	7.342e+22	1.43105e+11	5.36783e+10	0	-10167.6	29023	0	-5.64375e+20	-2.81451e+20	0	
10	1.9891e+30	1.04043e+09	5.78466e+09	0	9.1849	8.35448	0	2.80813e+23	2.67897e+23	0	3.285e+23	-1.65996e+10	6.196e+10	0	-45344.4	-13890	0	3.76671e+21	-1.20018e+22	0	4.867e+24	-6.87859e+10	-7.50776e+10	0	26644.1	-23167.4	0	3.69984e+22	4.28401e+22	0	5.972e+24	1.13273e+11	1.04715e+11	0	-19687.1	22347.5	0	-2.63625e+22	-2.34492e+22	0	6.39e+23	2.24454e+11	4.80864e+10	0	-4493.24	23715	0	-1.61193e+21	-3.05009e+20	0	1.898e+27	6.08716e+11	4.9201e+11	0	-8149.91	10208.6	0	-3.24839e+23	-2.59898e+23	0	5.683e+26	-1.34724e+12	5.48717e+11	0	-3581.31	-8811.27	0	3.31449e+22	-1.33397e+22	0	8.681e+25	1.6018e+12	2.38642e+12	0	-5655.97	3788.29	0	-7.82605e+20	-1.16432e+21	0	1.024e+26	3.94274e+12	2.15537e+12	0	-2615.36	4763.67	0	-5.93125e+20	-3.2332e+20	0	7.342e+22	1.13643e+11	1.0466e+11	0	-19547.3	23382.6	0	-5.33393e+20	-2.55797e+20	0	
10	1.9891e+30	1.05908e+09	5.80163e+09	0	9.46739	8.61829	0	2.8632e+23	2.57697e+23	0	3.285e+23	-5.48488e+10	-1.35381e+10	0	15540.8	-44574.5	0	1.17768e+22	4.07176e+21	0	4.867e+24	-4.64266e+09	-1.01201e+11	0	35152	-2038.42	0	2.99838e+21	5.61912e+22	0	5.972e+24	6.6156e+10	1.40526e+11	0	-26818.9	12968.7	0	-1.52942e+22	-3.20559e+22	0	6.39e+23	2.10508e+11	9.42087e+10	0	-9400.33	22233.7	0	-1.51196e+21	-6.38026e+20	0	1.898e+27	5.92077e+11	5.12149e+11	0	-8487.54	9929.04	0	-3.15931e+23	-2.70651e+23	0	5.683e+26	-1.35429e+12	5.31048e+11	0	-3464.37	-8857.44	0	3.33138e+22	-1.29029e+22	0	8.681e+25	1.59047e+12	2.39397e+12	0	-5673.94	3761.42	0	-7.77123e+20	-1.16807e+21	0	1.024e+26	3.9375e+12	2.16489e+12	0	-2626.93	4757.34	0	-5.92354e+20	-3.24756e+20	0	7.342e+22	6.63603e+10	1.4021e+11	0	-25948.4	13528.7	0	-3.02471e+20	-2.19293e+20	0	
10	1.9891e+30	1.07831e+09	5.81913e+09	0	9.76881	8.88184	0	3.14019e+23	2.73856e+23	0	3.285e+23	2.23388e+10	-4.88013e+10	0	44301.9	17584.6	0	-4.60253e+21	1.18303e+22	0	4.867e+24	6.19201e+10	-8.27843e+10	0	29021.3	19756.9	0	-3.1656e+22	4.61084e+22	0	5.972e+24	8.85719e+09	1.55261e+11	0	-29746.9	1568.49	0	-1.90112e+21	-3.55517e+22	0	6.39e+23	1.87132e+11	1.36352e+11	0	-13886.9	19750.3	0	-1.34422e+21	-9.42966e+20	0	1.898e+27	5.74772e+11	5.31718e+11	0	-8815.6	9638.31	0	-3.06668e+23	-2.81099e+23	0	5.683e+26	-1.3611e+12	5.13288e+11	0	-3346.84	-8902.08	0	3.34769e+22	-1.2464e+22	0	8.681e+25	1.57911e+12	2.40147e+12	0	-5691.78	3734.47	0	-7.71624e+20	-1.17179e+21	0	1.024e+26	3.93224e+12	2.1744e+12	0	-2638.49	4750.98	0	-5.9158e+20	-3.2619e+20	0	7.342e+22	8.74662e+09	1.549e+11	0	-28746.1	1282.28	0	3.81507e+19	-2.39733e+20	0	
10	1.9891e+30	1.09817e+09	5.83718e+09	0	10.0907	9.18258	0	3.1827e+23	3.27692e+23	0	3.285e+23	5.39863e+10	3.05595e+10	0	-20118.1	43408.4	0	-1.15918e+22	-5.4162e+21	0	4.867e+24	1.03401e+11	-2.77742e+10	0	10994.7	33271.4	0	-5.29344e+22	1.73965e+22	0	5.972e+24	-4.96585e+10	1.46621e+11	0	-28014.4	-10074.5	0	1.18268e+22	-3.33819e+22	0	6.39e+23	1.55374e+11	1.72613e+11	0	-17751.5	16374.3	0	-1.11587e+21	-1.20624e+21	0	1.898e+27	5.56821e+11	5.50695e+11	0	-9133.71	9336.74	0	-2.97059e+23	-2.9123e+23	0	5.683e+26	-1.36767e+12	4.95441e+11	0	-3228.74	-8945.17	0	3.36344e+22	-1.20231e+22	0	8.681e+25	1.56771e+12	2.40891e+12	0	-5709.5	3707.43	0	-7.66106e+20	-1.17548e+21	0	1.024e+26	3.92695e+12	2.1839e+12	0	-2650.04	4744.6	0	-5.90803e+20	-3.27622e+20	0	7.342e+22	-5.00092e+10	1.46461e+11	0	-27582.5	-10985.1	0	3.27467e+20	-3.27382e+20	0	
10	1.9891e+30	1.11866e+09	5.8559e+09	0	10.393	9.53691	0	2.78005e+23	3.71175e+23	0	3.285e+23	-2.66777e+10	5.78441e+10	0	-41911.7	-22060.6	0	5.91467e+21	-1.10665e+22	0	4.867e+24	1.02881e+11	4.10503e+10	0	-11493.5	33097.8	0	-5.26659e+22	-1.82097e+22	0	5.972e+24	-1.0024e+11	1.1597e+11	0	-21898.9	-20143.5	0	2.37876e+22	-2.59671e+22	0	6.39e+23	1.16658e+11	2.01352e+11	0	-20819	12255.3	0	-8.36804e+20	-1.41597e+21	0	1.898e+27	5.38244e+11	5.69058e+11	0	-9441.53	9024.66	0	-2.87117e+23	-3.01034e+23	0	5.683e+26	-1.37401e+12	4.77508e+11	0	-3110.11	-8986.7	0	3.37861e+22	-1.15803e+22	0	8.681e+25	1.55627e+12	2.41629e+12	0	-5727.08	3680.31	0	-7.60571e+20	-1.17915e+21	0	1.024e+26	3.92164e+12	2.19338e+12	0	-2661.57	4738.19	0	-5.90021e+20	-3.29052e+20	0	7.342e+22	-1.00596e+11	1.16115e+11	0	-22294.8	-21083.5	0	4.77293e+20	-3.93323e+20	0	
10	1.9891e+30	1.13971e+09	5.87535e+09	0	10.6483	9.91672	0	2.32311e+23	3.80035e+23	0	3.285e+23	-5.02199e+10	-2.34185e+10	0	23552.9	-40942.1	0	1.08366e+22	6.17859e+21	0	4.867e+24	6.05772e+10	9.54084e+10	0	-29311.4	19303	0	-3.09443e+22	-4.66062e+22	0	5.972e+24	-1.3498e+11	6.81071e+10	0	-12362.8	-27066.5	0	3.21189e+22	-1.45281e+22	0	6.39e+23	7.27235e+10	2.2126e+11	0	-22949.3	7576.65	0	-5.19209e+20	-1.56249e+21	0	1.898e+27	5.19062e+11	5.86787e+11	0	-9738.69	8702.43	0	-2.76852e+23	-3.10499e+23	0	5.683e+26	-1.38011e+12	4.59495e+11	0	-2990.95	-9026.68	0	3.39321e+22	-1.11356e+22	0	8.681e+25	1.5448e+12	2.42363e+12	0	-5744.54	3653.1	0	-7.55018e+20	-1.18279e+21	0	1.024e+26	3.9163e+12	2.20285e+12	0	-2673.09	4731.75	0	-5.89236e+20	-3.30481e+20	0	7.342e+22	-1.3511e+11	6.84673e+10	0	-13323.1	-27409.9	0	4.61675e+20	-3.6858e+20	0	
10	1.9891e+30	1.16123e+09	5.89556e+09	0	10.8655	10.2984	0	2.00787e+23	3.79943e+23	0	3.285e+23	3.22639e+10	-4.37006e+10	0	40277.6	25598	0	-6.75863e+21	1.07813e+22	0	4.867e+24	-6.23774e+09	1.12777e+11	0	-35100.7	-2592	0	3.88444e+21	-5.61542e+22	0	5.972e+24	-1.48446e+11	1.05208e+10	0	-899.681	-29759.5	0	3.54661e+22	-9.12413e+20	0	6.39e+23	2.55521e+10	2.31424e+11	0	-24043.4	2547.79	0	-1.77129e+20	-1.63882e+21	0	1.898e+27	4.99296e+11	6.03861e+11	0	-10024.9	8370.41	0	-2.66276e+23	-3.19615e+23	0	5.683e+26	-1.38598e+12	4.41403e+11	0	-2871.28	-9065.08	0	3.40723e+22	-1.06891e+22	0	8.681e+25	1.53329e+12	2.43091e+12	0	-5761.87	3625.81	0	-7.49447e+20	-1.1864e+21	0	1.024e+26	3.91094e+12	2.21231e+12	0	-2684.59	4725.28	0	-5.88448e+20	-3.31907e+20	0	7.342e+22	-1.4827e+11	1.08552e+10	0	-1799.98	-29254.9	0	3.40321e+20	-1.96224e+20	0	
10	1.9891e+30	1.18315e+09	5.91654e+09	0	11.0491	10.6811	0	1.61571e+23	3.78676e+23	0	3.285e+23	4.848e+10	4.02083e+10	0	-27890	38832.4	0	-1.0346e+22	-7.49858e+21	0	4.867e+24	-6.99252e+10	8.5636e+10	0	-26255.1	-23588.5	0	3.76861e+22	-4.2254e+22	0	5.972e+24	-1.3853e+11	-4.77855e+10	0	10699.7	-27797.1	0	3.32422e+22	1.2737e+22	0	6.39e+23	-2.27231e+10	2.31368e+11	0	-24048.4	-2604.62	0	1.74133e+20	-1.64106e+21	0	1.898e+27	4.7897e+11	6.20262e+11	0	-10299.8	8028.97	0	-2.554e+23	-3.28371e+23	0	5.683e+26	-1.3916e+12	4.23236e+11	0	-2751.13	-9101.91	0	3.42067e+22	-1.02409e+22	0	8.681e+25	1.52175e+12	2.43813e+12	0	-5779.07	3598.43	0	-7.43858e+20	-1.18999e+21	0	1.024e+26	3.90556e+12	2.22175e+12	0	-2696.07	4718.78	0	-5.87655e+20	-3.33332e+20	0	7.342e+22	-1.38167e+11	-4.77142e+10	0	10493.6	-26757.2	0	1.97974e+20	1.15889e+20	0	
10	1.9891e+30	1.20539e+09	5.93828e+09	0	11.1893	11.0482	0	1.2114e+23	3.44772e+23	0	3.285e+23	-3.57808e+10	5.19293e+10	0	-37034.9	-29435.9	0	7.84466e+21	-9.75769e+21	0	4.867e+24	-1.0373e+11	2.50464e+10	0	-6296.17	-34786.5	0	5.58739e+22	-1.01775e+22	0	5.972e+24	-1.06775e+11	-9.76976e+10	0	20628.2	-21480.8	0	2.5695e+22	2.43771e+22	0	6.39e+23	-6.99115e+10	2.21078e+11	0	-22960.3	-7646.87	0	5.18653e+20	-1.56863e+21	0	1.898e+27	4.58105e+11	6.35971e+11	0	-10563	7678.5	0	-2.44237e+23	-3.36758e+23	0	5.683e+26	-1.39698e+12	4.04996e+11	0	-2630.52	-9137.16	0	3.43353e+22	-9.79109e+21	0	8.681e+25	1.51017e+12	2.4453e+12	0	-5796.15	3570.97	0	-7.38251e+20	-1.19355e+21	0	1.024e+26	3.90016e+12	2.23118e+12	0	-2707.54	4712.26	0	-5.86859e+20	-3.34755e+20	0	7.342e+22	-1.06483e+11	-9.79367e+10	0	21268.6	-20673.3	0	1.54576e+20	4.32423e+20	0	
10	1.9891e+30	1.22789e+09	5.9607e+09	0	11.3082	11.3668	0	1.24828e+23	2.89744e+23	0	3.285e+23	-4.38117e+10	-3.22774e+10	0	30767	-35887.8	0	9.52485e+21	8.0839e+21	0	4.867e+24	-9.32841e+10	-4.35922e+10	0	16351.4	-31332.1	0	5.02504e+22	2.63424e+22	0	5.972e+24	-5.81392e+10	-1.31411e+11	0	27339.8	-11798.6	0	1.40533e+22	3.22918e+22	0	6.39e+23	-1.13865e+11	2.01007e+11	0	-20825.2	-12348.8	0	8.40609e+20	-1.42435e+21	0	1.898e+27	4.36726e+11	6.5097e+11	0	-10814.4	7319.39	0	-2.328e+23	-3.44766e+23	0	5.683e+26	-1.40212e+12	3.86688e+11	0	-2509.47	-9170.82	0	3.44581e+22	-9.33967e+21	0	8.681e+25	1.49857e+12	2.45242e+12	0	-5813.09	3543.44	0	-7.32627e+20	-1.19708e+21	0	1.024e+26	3.89473e+12	2.2406e+12	0	-2719	4705.7	0	-5.8606e+20	-3.36177e+20	0	7.342e+22	-5.81235e+10	-1.31789e+11	0	28373.6	-11751	0	1.63088e+20	6.01925e+20	0	
10	1.9891e+30	1.25065e+09	5.98372e+09	0	11.4556	11.6424	0	1.7166e+23	2.67447e+23	0	3.285e+23	4.10897e+10	-3.68267e+10	0	34805.9	32727.2	0	-8.68545e+21	9.33637e+21	0	4.867e+24	-4.303e+10	-9.13838e+10	0	32046.4	-14732.4	0	2.33822e+22	5.14045e+22	0	5.972e+24	-2.21819e+08	-1.43648e+11	0	29786.3	-267.338	0	2.05199e+20	3.52684e+22	0	6.39e+23	-1.52576e+11	1.72053e+11	0	-17737.4	-16494.3	0	1.12503e+21	-1.21444e+21	0	1.898e+27	4.14856e+11	6.65243e+11	0	-11053.6	6952.05	0	-2.211e+23	-3.52387e+23	0	5.683e+26	-1.40702e+12	3.68314e+11	0	-2388	-9202.89	0	3.4575e+22	-8.88675e+21	0	8.681e+25	1.48692e+12	2.45947e+12	0	-5829.9	3515.82	0	-7.26985e+20	-1.20058e+21	0	1.024e+26	3.88928e+12	2.25001e+12	0	-2730.44	4699.12	0	-5.85257e+20	-3.37596e+20	0	7.342e+22	-5.00335e+08	-1.43912e+11	0	30501.7	-992.6	0	1.49751e+20	5.70444e+20	0	
10	1.9891e+30	1.27375e+09	6.00728e+09	0	11.6499	11.9212	0	2.09527e+23	2.92022e+23	0	3.285e+23	4.12886e+10	4.86415e+10	0	-34647.7	32880.9	0	-8.73075e+21	-9.29919e+21	0	4.867e+24	2.57881e+10	-9.84581e+10	0	34274.1	7877.43	0	-1.28155e+22	5.4632e+22	0	5.972e+24	5.79237e+10	-1.32486e+11	0	27580.6	11306	0	-1.36008e+22	3.2787e+22	0	6.39e+23	-1.8427e+11	1.35528e+11	0	-13835.8	-19892	0	1.35856e+21	-9.48248e+20	0	1.898e+27	3.9252e+11	6.78773e+11	0	-11280.3	6576.88	0	-2.09151e+23	-3.59611e+23	0	5.683e+26	-1.41167e+12	3.49877e+11	0	-2266.12	-9233.37	0	3.4686e+22	-8.43241e+21	0	8.681e+25	1.47525e+12	2.46648e+12	0	-5846.59	3488.12	0	-7.21325e+20	-1.20405e+21	0	1.024e+26	3.88381e+12	2.2594e+12	0	-2741.86	4692.52	0	-5.8445e+20	-3.39014e+20	0	7.342e+22	5.75382e+10	-1.32464e+11	0	27510.8	10299.9	0	3.16532e+19	3.92884e+20	0	
10	1.9891e+30	1.29726e+09	6.03142e+09	0	11.8674	12.2314	0	2.20976e+23	3.2399e+23	0	3.285e+23	-4.35959e+10	4.44296e+10	0	-30890.6	-35768.8	0	9.49506e+21	-8.12389e+21	0	4.867e+24	8.44846e+10	-6.22032e+10	0	22331.9	27048.3	0	-4.31507e+22	3.53998e+22	0	5.972e+24	1.07205e+11	-9.96586e+10	0	21061	21109.4	0	-2.51926e+22	2.51762e+22	0	6.39e+23	-2.07493e+11	9.30897e+10	0	-9297.86	-22383.9	0	1.53008e+21	-6.37913e+20	0	1.898e+27	3.69743e+11	6.91546e+11	0	-11494.3	6194.32	0	-1.96966e+23	-3.66431e+23	0	5.683e+26	-1.41608e+12	3.31382e+11	0	-2143.86	-9262.25	0	3.47912e+22	-7.97671e+21	0	8.681e+25	1.46354e+12	2.47343e+12	0	-5863.14	3460.34	0	-7.15647e+20	-1.2075e+21	0	1.024e+26	3.87832e+12	2.26878e+12	0	-2753.27	4685.88	0	-5.8364e+20	-3.4043e+20	0	7.342e+22	1.06967e+11	-9.93617e+10	0	20249.8	20472.4	0	-1.8346e+20	1.51215e+20	0	
10	1.9891e+30	1.32122e+09	6.05622e+09	0	12.0941	12.5727	0	2.30317e+23	3.5696e+23	0	3.285e+23	-3.58414e+10	-3.98039e+10	0	36934.4	-29577.9	0	7.8816e+21	9.72304e+21	0	4.867e+24	1.08963e+11	2.15684e+09	0	1286.68	35009	0	-5.56525e+22	2.02032e+21	0	5.972e+24	1.39914e+11	-5.02922e+10	0	11241.3	27609.3	0	-3.27773e+22	1.35432e+22	0	6.39e+23	-2.21175e+11	4.66741e+10	0	-4331.2	-23853.9	0	1.63139e+21	-2.9776e+20	0	1.898e+27	3.46551e+11	7.03546e+11	0	-11695.3	5804.78	0	-1.8456e+23	-3.72839e+23	0	5.683e+26	-1.42025e+12	3.1283e+11	0	-2021.25	-9289.51	0	3.48905e+22	-7.51974e+21	0	8.681e+25	1.45179e+12	2.48032e+12	0	-5879.56	3432.48	0	-7.09952e+20	-1.21091e+21	0	1.024e+26	3.8728e+12	2.27814e+12	0	-2764.66	4679.22	0	-5.82826e+20	-3.41844e+20	0	7.342e+22	1.39976e+11	-4.99174e+10	0	10233.2	27790.6	0	-4.37731e+20	-3.67232e+19	0	
10	1.9891e+30	1.34564e+09	6.08174e+09	0	12.3272	12.9574	0	2.28344e+23	4.12438e+23	0	3.285e+23	4.85006e+10	-2.84166e+10	0	28076.3	38710	0	-1.03088e+22	7.54457e+21	0	4.867e+24	8.92776e+10	6.81187e+10	0	-20276	28596.5	0	-4.55899e+22	-3.21591e+22	0	5.972e+24	1.50935e+11	7.8955e+09	0	-343.238	29792	0	-3.52394e+22	-3.16365e+20	0	6.39e+23	-2.24683e+11	-1.5979e+09	0	835.805	-24233.1	0	1.65759e+21	5.63655e+19	0	1.898e+27	3.22971e+11	7.1476e+11	0	-11883.1	5408.71	0	-1.71946e+23	-3.78828e+23	0	5.683e+26	-1.42417e+12	2.94225e+11	0	-1898.29	-9315.17	0	3.49838e+22	-7.06156e+21	0	8.681e+25	1.44002e+12	2.48716e+12	0	-5895.85	3404.54	0	-7.04239e+20	-1.2143e+21	0	1.024e+26	3.86726e+12	2.28749e+12	0	-2776.03	4672.53	0	-5.82009e+20	-3.43257e+20	0	7.342e+22	1.51252e+11	8.08768e+09	0	-874.303	30703.8	0	-6.15623e+20	-1.15885e+20	0	
10	1.9891e+30	1.37052e+09	6.10809e+09	0	12.537	13.4036	0	1.80186e+23	4.70723e+23	0	3.285e+23	3.2675e+10	5.55655e+10	0	-40152.2	25775.8	0	-6.80946e+21	-1.07542e+22	0	4.867e+24	3.34378e+10	1.08542e+11	0	-33574.3	10354.5	0	-1.67576e+22	-5.35175e+22	0	5.972e+24	1.38547e+11	6.58017e+10	0	-11876.4	27320.5	0	-3.22853e+22	-1.42064e+22	0	6.39e+23	-2.17856e+11	-4.95182e+10	0	5965.12	-23503.7	0	1.60741e+21	4.07899e+20	0	1.898e+27	2.99028e+11	7.25176e+11	0	-12057.6	5006.56	0	-1.59138e+23	-3.84391e+23	0	5.683e+26	-1.42784e+12	2.7557e+11	0	-1775.02	-9339.21	0	3.50712e+22	-6.60225e+21	0	8.681e+25	1.42821e+12	2.49394e+12	0	-5912.01	3376.53	0	-6.98509e+20	-1.21767e+21	0	1.024e+26	3.86169e+12	2.29683e+12	0	-2787.39	4665.81	0	-5.81188e+20	-3.44668e+20	0	7.342e+22	1.38896e+11	6.56688e+10	0	-11528	28307.5	0	-5.94436e+20	-9.7527e+19	0	
10	1.9891e+30	1.39575e+09	6.13538e+09	0	12.6801	13.8872	0	1.05192e+23	4.81597e+23	0	3.285e+23	-4.98523e+10	3.56129e+10	0	-23694	-40848.2	0	1.08141e+22	-6.22242e+21	0	4.867e+24	-3.5646e+10	1.06512e+11	0	-33005.7	-12343.9	0	1.95372e+22	-5.29505e+22	0	5.972e+24	1.04693e+11	1.14366e+11	0	-21545.4	20582.5	0	-2.43832e+22	-2.58062e+22	0	6.39e+23	-2.01005e+11	-9.48948e+10	0	10820.5	-21699.6	0	1.48323e+21	7.40396e+20	0	1.898e+27	2.74749e+11	7.34783e+11	0	-12218.5	4598.77	0	-1.4615e+23	-3.89522e+23	0	5.683e+26	-1.43127e+12	2.56869e+11	0	-1651.45	-9361.64	0	3.51527e+22	-6.14188e+21	0	8.681e+25	1.41637e+12	2.50066e+12	0	-5928.04	3348.43	0	-6.92761e+20	-1.221e+21	0	1.024e+26	3.85611e+12	2.30616e+12	0	-2798.74	4659.07	0	-5.80364e+20	-3.46077e+20	0	7.342e+22	1.04828e+11	1.14009e+11	0	-20594	20951.2	0	-3.7287e+20	-1.27131e+20	0	
10	1.9891e+30	1.42119e+09	6.16363e+09	0	12.758	14.3583	0	5.63842e+22	4.52851e+23	0	3.285e+23	-2.65772e+10	-4.57275e+10	0	41838	-22221.3	0	5.95811e+21	1.10383e+22	0	4.867e+24	-8.92038e+10	6.2537e+10	0	-18577.9	-30043.5	0	4.8162e+22	-2.99623e+22	0	5.972e+24	5.46769e+10	1.45994e+11	0	-27833.7	10629.4	0	-1.26961e+22	-3.32674e+22	0	6.39e+23	-1.74905e+11	-1.35655e+11	0	15178.7	-18904.9	0	1.29101e+21	1.03837e+21	0	1.898e+27	2.50163e+11	7.43568e+11	0	-12365.5	4185.8	0	-1.32997e+23	-3.94215e+23	0	5.683e+26	-1.43445e+12	2.38124e+11	0	-1527.6	-9382.44	0	3.52282e+22	-5.68053e+21	0	8.681e+25	1.4045e+12	2.50733e+12	0	-5943.93	3320.26	0	-6.86996e+20	-1.22431e+21	0	1.024e+26	3.8505e+12	2.31547e+12	0	-2810.06	4652.29	0	-5.79536e+20	-3.47484e+20	0	7.342e+22	5.45015e+10	1.45654e+11	0	-26916.8	10168.6	0	-6.37439e+19	-2.31119e+20	0	
10	1.9891e+30	1.44676e+09	6.1928e+09	0	12.8044	14.7998	0	3.84732e+22	4.28284e+23	0	3.285e+23	5.42316e+10	-1.87602e+10	0	20326.4	43323.3	0	-1.15647e+22	5.46936e+21	0	4.867e+24	-1.04601e+11	-5.14587e+09	0	3753.17	-35154.4	0	5.64813e+22	6.0361e+21	0	5.972e+24	-3.67223e+09	1.55746e+11	0	-29758.8	-984.43	0	1.02176e+21	-3.54344e+22	0	6.39e+23	-1.40754e+11	-1.69939e+11	0	18840.3	-15249.9	0	1.03993e+21	1.28808e+21	0	1.898e+27	2.25296e+11	7.51523e+11	0	-12498.7	3768.12	0	-1.19694e+23	-3.98464e+23	0	5.683e+26	-1.43738e+12	2.1934e+11	0	-1403.5	-9401.62	0	3.52978e+22	-5.21828e+21	0	8.681e+25	1.39259e+12	2.51394e+12	0	-5959.69	3292.02	0	-6.81214e+20	-1.22758e+21	0	1.024e+26	3.84487e+12	2.32477e+12	0	-2821.37	4645.49	0	-5.78705e+20	-3.4889e+20	0	7.342e+22	-4.04526e+09	1.55643e+11	0	-29491.6	-1953.64	0	2.04512e+20	-3.83711e+20	0	
10	1.9891e+30	1.4724e+09	6.22282e+09	0	12.8345	15.2229	0	2.03424e+22	4.12079e+23	0	3.285e+23	2.29533e+10	6.07454e+10	0	-44213.2	17780.1	0	-4.65676e+21	-1.1814e+22	0	4.867e+24	-7.52683e+10	-6.80506e+10	0	24488	-25449.3	0	4.07079e+22	3.93945e+22	0	5.972e+24	-6.12232e+10	1.42109e+11	0	-27026.2	-12444	0	1.46579e+22	-3.20356e+22	0	6.39e+23	-1.00119e+11	-1.96192e+11	0	21639.3	-10904	0	7.41899e+20	1.47818e+21	0	1.898e+27	2.00178e+11	7.58638e+11	0	-12617.7	3346.2	0	-1.06255e+23	-4.02266e+23	0	5.683e+26	-1.44006e+12	2.00519e+11	0	-1279.16	-9419.17	0	3.53614e+22	-4.75519e+21	0	8.681e+25	1.38066e+12	2.5205e+12	0	-5975.32	3263.7	0	-6.75415e+20	-1.23083e+21	0	1.024e+26	3.83921e+12	2.33405e+12	0	-2832.67	4638.66	0	-5.7787e+20	-3.50293e+20	0	7.342e+22	-6.15464e+10	1.42309e+11	0	-27589.8	-13304.8	0	3.53894e+20	-4.99993e+20	0	
10	1.9891e+30	1.49808e+09	6.25367e+09	0	12.8485	15.6231	0	1.19277e+22	3.82423e+23	0	3.285e+23	-5.43363e+10	2.57932e+10	0	-15695.2	-44508.8	0	1.17622e+22	-4.11829e+21	0	4.867e+24	-1.36685e+10	-9.977e+10	0	34852	-5144	0	7.97978e+21	5.57577e+22	0	5.972e+24	-1.08974e+11	1.07229e+11	0	-20071	-21958.2	0	2.60932e+22	-2.36745e+22	0	6.39e+23	-5.48567e+10	-2.13227e+11	0	23449.9	-6067.9	0	4.10904e+20	1.60023e+21	0	1.898e+27	1.74835e+11	7.64905e+11	0	-12722.6	2920.51	0	-9.26961e+22	-4.05615e+23	0	5.683e+26	-1.44249e+12	1.81664e+11	0	-1154.62	-9435.09	0	3.5419e+22	-4.29134e+21	0	8.681e+25	1.36869e+12	2.527e+12	0	-5990.82	3235.31	0	-6.69598e+20	-1.23405e+21	0	1.024e+26	3.83354e+12	2.34332e+12	0	-2843.95	4631.81	0	-5.77032e+20	-3.51695e+20	0	7.342e+22	-1.0903e+11	1.07602e+11	0	-21096.6	-22110.5	0	3.49861e+20	-4.96409e+20	0	
10	1.9891e+30	1.5238e+09	6.28529e+09	0	12.8697	15.9954	0	3.46744e+22	3.63573e+23	0	3.285e+23	-1.63359e+10	-4.98322e+10	0	45301	-14064.2	0	3.81529e+21	1.19815e+22	0	4.867e+24	5.42986e+10	-8.73003e+10	0	30669	17127.5	0	-2.74902e+22	4.87567e+22	0	5.972e+24	-1.39458e+11	5.65692e+10	0	-9985.32	-28037.2	0	3.34625e+22	-1.17289e+22	0	6.39e+23	-7.03176e+09	-2.20284e+11	0	24192.9	-963.438	0	6.2308e+19	1.64907e+21	0	1.898e+27	1.49297e+11	7.70317e+11	0	-12813.1	2491.54	0	-7.90317e+22	-4.08508e+23	0	5.683e+26	-1.44468e+12	1.6278e+11	0	-1029.87	-9449.38	0	3.54706e+22	-3.8268e+21	0	8.681e+25	1.3567e+12	2.53344e+12	0	-6006.18	3206.84	0	-6.63765e+20	-1.23725e+21	0	1.024e+26	3.82784e+12	2.35258e+12	0	-2855.21	4624.93	0	-5.76191e+20	-3.53096e+20	0	7.342e+22	-1.39217e+11	5.68571e+10	0	-10769.1	-27358.9	0	2.76787e+20	-3.06113e+20	0	
10	1.9891e+30	1.54958e+09	6.31765e+09	0	12.9191	16.3693	0	5.91342e+22	3.87128e+23	0	3.285e+23	5.80742e+10	-8.19587e+09	0	11833.9	46391.9	0	-1.2402e+22	3.18662e+21	0	4.867e+24	1.00494e+11	-3.61413e+10	0	13892.4	32183.1	0	-5.12158e+22	2.19825e+22	0	5.972e+24	-1.47909e+11	-1.9456e+09	0	1656.26	-29727.5	0	3.55422e+22	1.94927e+21	0	6.39e+23	4.11821e+10	-2.17056e+11	0	23838.2	4176.62	0	-2.87911e+20	1.62298e+21	0	1.898e+27	1.23592e+11	7.74869e+11	0	-12889.1	2059.75	0	-6.52773e+22	-4.10941e+23	0	5.683e+26	-1.44661e+12	1.43868e+11	0	-904.961	-9462.02	0	3.55163e+22	-3.36166e+21	0	8.681e+25	1.34467e+12	2.53983e+12	0	-6021.4	3178.3	0	-6.57915e+20	-1.24041e+21	0	1.024e+26	3.82212e+12	2.36182e+12	0	-2866.46	4618.02	0	-5.75346e+20	-3.54494e+20	0	7.342e+22	-1.47539e+11	-1.95175e+09	0	1663.44	-28669.7	0	2.23563e+20	2.7859e+19	0	
10	1.9891e+30	1.57548e+09	6.3508e+09	0	12.9736	16.7794	0	4.19319e+22	4.26156e+23	0	3.285e+23	1.24722e+10	6.40071e+10	0	-46695.1	9185.69	0	-2.35421e+21	-1.24454e+22	0	4.867e+24	1.06056e+11	3.24745e+10	0	-8522.99	33985.2	0	-5.40428e+22	-1.35077e+22	0	5.972e+24	-1.33003e+11	-5.91685e+10	0	13041.3	-26762.5	0	3.19433e+22	1.53322e+22	0	6.39e+23	8.7601e+10	-2.03708e+11	0	22405.4	9119.52	0	-6.23919e+20	1.52366e+21	0	1.898e+27	9.77501e+10	7.78555e+11	0	-12950.6	1625.65	0	-5.14483e+22	-4.12912e+23	0	5.683e+26	-1.4483e+12	1.24933e+11	0	-779.899	-9473.04	0	3.55559e+22	-2.89599e+21	0	8.681e+25	1.33261e+12	2.54615e+12	0	-6036.49	3149.68	0	-6.52049e+20	-1.24355e+21	0	1.024e+26	3.81637e+12	2.37105e+12	0	-2877.68	4611.08	0	-5.74499e+20	-3.55891e+20	0	7.342e+22	-1.32764e+11	-5.94651e+10	0	13821.1	-26102.3	0	2.64676e+20	3.48791e+20	0	
10	1.9891e+30	1.60145e+09	6.38479e+09	0	12.996	17.2155	0	3.09976e+21	4.35695e+23	0	3.285e+23	-5.68954e+10	1.53141e+10	0	-7166.89	-46631.6	0	1.23112e+22	-1.88119e+21	0	4.867e+24	6.87366e+10	9.0358e+10	0	-27475.3	21820.2	0	-3.49085e+22	-4.36566e+22	0	5.972e+24	-9.70636e+10	-1.06154e+11	0	22396.8	-19608.1	0	2.33051e+22	2.6417e+22	0	6.39e+23	1.30129e+11	-1.80857e+11	0	19963	13643	0	-9.30735e+20	1.35604e+21	0	1.898e+27	7.17995e+10	7.8137e+11	0	-12997.5	1189.71	0	-3.75603e+22	-4.14419e+23	0	5.683e+26	-1.44973e+12	1.05977e+11	0	-654.707	-9482.41	0	3.55895e+22	-2.42985e+21	0	8.681e+25	1.32052e+12	2.55242e+12	0	-6051.45	3121	0	-6.46166e+20	-1.24666e+21	0	1.024e+26	3.81061e+12	2.38026e+12	0	-2888.9	4604.11	0	-5.73647e+20	-3.57285e+20	0	7.342e+22	-9.71189e+10	-1.06533e+11	0	23405.6	-19755.1	0	3.13882e+20	5.22609e+20	0	
10	1.9891e+30	1.62744e+09	6.41966e+09	0	12.9853	17.6495	0	-2.13183e+22	4.27617e+23	0	3.285e+23	-5.46972e+09	-5.19647e+10	0	47193.2	-5383.91	0	1.52332e+21	1.25147e+22	0	4.867e+24	3.75598e+09	1.13587e+11	0	-35174.3	543.12	0	-1.12041e+21	-5.62228e+22	0	5.972e+24	-4.57031e+10	-1.3555e+11	0	28261.5	-9385.2	0	1.10338e+22	3.34731e+22	0	6.39e+23	1.66854e+11	-1.4955e+11	0	16623.8	17544.9	0	-1.19486e+21	1.12804e+21	0	1.898e+27	4.57698e+10	7.83313e+11	0	-13029.7	752.429	0	-2.36289e+22	-4.1546e+23	0	5.683e+26	-1.45092e+12	8.70042e+10	0	-529.408	-9490.14	0	3.56171e+22	-1.96333e+21	0	8.681e+25	1.30841e+12	2.55864e+12	0	-6066.26	3092.24	0	-6.40267e+20	-1.24975e+21	0	1.024e+26	3.80482e+12	2.38947e+12	0	-2900.09	4597.12	0	-5.72793e+20	-3.58678e+20	0	7.342e+22	-4.60225e+10	-1.35765e+11	0	28835.1	-10223	0	3.01322e+20	5.21158e+20	0	
10	1.9891e+30	1.65338e+09	6.45538e+09	0	12.9547	18.0787	0	-4.1576e+22	4.27194e+23	0	3.285e+23	5.98904e+10	2.90176e+09	0	2908.1	47799.2	0	-1.27866e+22	7.82408e+20	0	4.867e+24	-6.2064e+10	9.22434e+10	0	-28241.4	-21140.1	0	3.3733e+22	-4.54224e+22	0	5.972e+24	1.30549e+10	-1.4275e+11	0	29714.3	2306.04	0	-2.8904e+21	3.53472e+22	0	6.39e+23	1.96126e+11	-1.11208e+11	0	12539.9	20652	0	-1.40482e+21	8.50084e+20	0	1.898e+27	1.96904e+10	7.84379e+11	0	-13047.3	314.3	0	-9.66951e+21	-4.16032e+23	0	5.683e+26	-1.45185e+12	6.80176e+10	0	-404.022	-9496.23	0	3.56387e+22	-1.4965e+21	0	8.681e+25	1.29626e+12	2.56479e+12	0	-6080.95	3063.41	0	-6.34351e+20	-1.2528e+21	0	1.024e+26	3.79901e+12	2.39865e+12	0	-2911.27	4590.1	0	-5.71935e+20	-3.6007e+20	0	7.342e+22	1.26809e+10	-1.42665e+11	0	29467.6	1321.49	0	1.61967e+20	3.90765e+20	0	
10	1.9891e+30	1.67924e+09	6.49197e+09	0	12.8962	18.5043	0	-7.55723e+22	4.14135e+23	0	3.285e+23	1.60723e+09	6.52468e+10	0	-47522.6	301.954	0	1.34243e+19	-1.26325e+22	0	4.867e+24	-1.01126e+11	3.49379e+10	0	-9373.71	-34075	0	5.47274e+22	-1.51457e+22	0	5.972e+24	7.00269e+10	-1.26614e+11	0	26520.4	13637	0	-1.62716e+22	3.16874e+22	0	6.39e+23	2.16638e+11	-6.7564e+10	0	7895.84	22827	0	-1.55159e+21	5.34662e+20	0	1.898e+27	-6.4095e+09	7.84569e+11	0	-13050.1	-124.186	0	4.30217e+21	-4.16137e+23	0	5.683e+26	-1.45253e+12	4.90204e+10	0	-278.57	-9500.67	0	3.56543e+22	-1.02943e+21	0	8.681e+25	1.28408e+12	2.57089e+12	0	-6095.49	3034.51	0	-6.2842e+20	-1.25583e+21	0	1.024e+26	3.79317e+12	2.40783e+12	0	-2922.43	4583.06	0	-5.71074e+20	-3.61459e+20	0	7.342e+22	6.98522e+10	-1.26283e+11	0	25586.6	13159.3	0	-1.02213e+20	2.04172e+20	0	
10	1.9891e+30	1.70495e+09	6.52938e+09	0	12.81	18.9011	0	-8.85262e+22	3.72548e+23	0	3.285e+23	-5.74412e+10	4.53984e+09	0	1603.16	-47148.3	0	1.24448e+22	4.16673e+20	0	4.867e+24	-9.68435e+10	-3.43473e+10	0	13495.8	-32664.3	0	5.24322e+22	2.17451e+22	0	5.972e+24	1.16305e+11	-8.96518e+10	0	19171.9	22836.8	0	-2.70508e+22	2.29625e+22	0	6.39e+23	2.27474e+11	-2.05857e+10	0	2899.81	23974.2	0	-1.62892e+21	1.95764e+20	0	1.898e+27	-3.25003e+10	7.83883e+11	0	-13038.2	-562.536	0	1.82705e+22	-4.15772e+23	0	5.683e+26	-1.45296e+12	3.0016e+10	0	-153.075	-9503.47	0	3.56638e+22	-5.62211e+20	0	8.681e+25	1.27188e+12	2.57693e+12	0	-6109.9	3005.55	0	-6.22473e+20	-1.25883e+21	0	1.024e+26	3.78732e+12	2.41698e+12	0	-2933.58	4575.98	0	-5.70209e+20	-3.62846e+20	0	7.342e+22	1.16447e+11	-8.93033e+10	0	18213	23224.6	0	-4.12836e+20	8.83698e+19	0	
10	1.9891e+30	1.73049e+09	6.56755e+09	0	12.7336	19.2581	0	-5.78653e+22	3.44443e+23	0	3.285e+23	5.64435e+09	-5.20381e+10	0	47435.1	3520.35	0	-8.40278e+20	1.26126e+22	0	4.867e+24	-5.10293e+10	-8.64246e+10	0	30622.7	-17523.2	0	2.78948e+22	4.91596e+22	0	5.972e+24	1.44651e+11	-3.76364e+10	0	8817.59	28470	0	-3.36437e+22	1.05369e+22	0	6.39e+23	2.28151e+11	2.76133e+10	0	-2224.89	24043.4	0	-1.63354e+21	-1.51694e+20	0	1.898e+27	-5.85526e+10	7.8232e+11	0	-13011.6	-1000.25	0	3.22197e+22	-4.1494e+23	0	5.683e+26	-1.45314e+12	1.10076e+10	0	-27.5562	-9504.63	0	3.56674e+22	-9.49014e+19	0	8.681e+25	1.25964e+12	2.58291e+12	0	-6124.18	2976.51	0	-6.16511e+20	-1.2618e+21	0	1.024e+26	3.78144e+12	2.42613e+12	0	-2944.71	4568.88	0	-5.69341e+20	-3.64232e+20	0	7.342e+22	1.45004e+11	-3.75163e+10	0	8486.19	29463.4	0	-6.1323e+20	6.0237e+19	0	
10	1.9891e+30	1.75591e+09	6.60641e+09	0	12.6953	19.611	0	-2.27284e+22	3.64956e+23	0	3.285e+23	5.9615e+10	1.4139e+10	0	-6123.77	47491.8	0	-1.27027e+22	-1.65156e+21	0	4.867e+24	1.69196e+10	-9.95691e+10	0	34853.4	4819.92	0	-7.93759e+21	5.56048e+22	0	5.972e+24	1.50631e+11	2.12985e+10	0	-2917.96	29657.6	0	-3.50802e+22	-3.5863e+21	0	6.39e+23	2.1864e+11	7.4866e+10	0	-7249.61	23031.5	0	-1.56527e+21	-4.92465e+20	0	1.898e+27	-8.4537e+10	7.79882e+11	0	-12970.3	-1436.85	0	4.61342e+22	-4.13641e+23	0	5.683e+26	-1.45307e+12	-8.00144e+09	0	97.9643	-9504.14	0	3.56649e+22	3.72419e+20	0	8.681e+25	1.24738e+12	2.58884e+12	0	-6138.31	2947.41	0	-6.10533e+20	-1.26475e+21	0	1.024e+26	3.77554e+12	2.43526e+12	0	-2955.82	4561.76	0	-5.68471e+20	-3.65616e+20	0	7.342e+22	1.5095e+11	2.10978e+10	0	-2390.25	30550.8	0	-6.06011e+20	6.78283e+19	0	
10	1.9891e+30	1.78128e+09	6.64602e+09	0	12.6747	19.9982	0	-2.39972e+22	4.03854e+23	0	3.285e+23	-9.25693e+09	6.44338e+10	0	-46679.8	-8556.48	0	2.36187e+21	-1.23758e+22	0	4.867e+24	7.86171e+10	-6.86208e+10	0	24641.4	24986.1	0	-3.98941e+22	3.90852e+22	0	5.972e+24	1.33312e+11	7.79334e+10	0	-14190.8	26212.5	0	-3.11079e+22	-1.70689e+22	0	6.39e+23	1.99368e+11	1.19047e+11	0	-11950	20983.2	0	-1.42701e+21	-8.11566e+20	0	1.898e+27	-1.10424e+11	7.76573e+11	0	-12914.4	-1871.83	0	5.99984e+22	-4.11875e+23	0	5.683e+26	-1.45275e+12	-2.70079e+10	0	223.465	-9502.01	0	3.56564e+22	8.39674e+20	0	8.681e+25	1.23509e+12	2.5947e+12	0	-6152.31	2918.23	0	-6.0454e+20	-1.26766e+21	0	1.024e+26	3.76961e+12	2.44438e+12	0	-2966.91	4554.6	0	-5.67596e+20	-3.66998e+20	0	7.342e+22	1.3338e+11	7.75535e+10	0	-13199	26395.8	0	-4.1841e+20	-1.33545e+19	0	
10	1.9891e+30	1.8066e+09	6.68643e+09	0	12.6418	20.418	0	-4.15104e+22	4.29441e+23	0	3.285e+23	-5.59541e+10	-6.15348e+09	0	10319.2	-46041.8	0	1.21593e+22	2.70098e+21	0	4.867e+24	1.08686e+11	-6.64466e+09	0	4369.71	34769.2	0	-5.52663e+22	6.89799e+21	0	5.972e+24	9.54097e+10	1.23411e+11	0	-23233.7	18669.9	0	-2.22769e+22	-2.77845e+22	0	6.39e+23	1.71197e+11	1.58167e+11	0	-16115.4	17988.6	0	-1.22465e+21	-1.09488e+21	0	1.898e+27	-1.36185e+11	7.72396e+11	0	-12843.9	-2304.71	0	7.37967e+22	-4.09645e+23	0	5.683e+26	-1.45218e+12	-4.60084e+10	0	348.926	-9498.23	0	3.56419e+22	1.30679e+21	0	8.681e+25	1.22277e+12	2.60051e+12	0	-6166.17	2889	0	-5.98533e+20	-1.27055e+21	0	1.024e+26	3.76367e+12	2.45348e+12	0	-2977.99	4547.42	0	-5.66719e+20	-3.68378e+20	0	7.342e+22	9.51784e+10	1.23104e+11	0	-22419.7	18052.4	0	-1.54329e+20	-1.83076e+20	0	
10	1.9891e+30	1.83184e+09	6.7277e+09	0	12.5916	20.863	0	-5.97687e+22	4.58372e+23	0	3.285e+23	1.66184e+10	-5.00369e+10	0	46006.3	12336.5	0	-3.19281e+21	1.22652e+22	0	4.867e+24	9.48984e+10	6.08081e+10	0	-17669	30276.5	0	-4.82186e+22	-2.80138e+22	0	5.972e+24	4.2859e+10	1.50624e+11	0	-28632.6	8207.61	0	-9.90768e+21	-3.40702e+22	0	6.39e+23	1.35388e+11	1.90457e+11	0	-19558.1	14180	0	-9.66894e+20	-1.32975e+21	0	1.898e+27	-1.6179e+11	7.67356e+11	0	-12758.9	-2734.99	0	8.75135e+22	-4.06954e+23	0	5.683e+26	-1.45136e+12	-6.49997e+10	0	474.325	-9492.81	0	3.56213e+22	1.77369e+21	0	8.681e+25	1.21042e+12	2.60626e+12	0	-6179.89	2859.69	0	-5.9251e+20	-1.27341e+21	0	1.024e+26	3.7577e+12	2.46257e+12	0	-2989.05	4540.21	0	-5.65839e+20	-3.69756e+20	0	7.342e+22	4.24762e+10	1.50585e+11	0	-28541.2	7199.67	0	7.81671e+19	-4.00196e+20	0	
10	1.9891e+30	1.85695e+09	6.7699e+09	0	12.5121	21.3435	0	-1.05657e+23	4.96101e+23	0	3.285e+23	5.72613e+10	2.51191e+10	0	-14931.7	45481.8	0	-1.21539e+22	-4.02291e+21	0	4.867e+24	4.2865e+10	1.06011e+11	0	-32514	13288.5	0	-2.14035e+22	-5.17845e+22	0	5.972e+24	-1.61126e+10	1.55328e+11	0	-29548.7	-3538.01	0	4.09619e+21	-3.50071e+22	0	6.39e+23	9.35506e+10	2.14455e+11	0	-22121.6	9726.4	0	-6.64905e+20	-1.50546e+21	0	1.898e+27	-1.87211e+11	7.61458e+11	0	-12659.5	-3162.19	0	1.01133e+23	-4.03803e+23	0	5.683e+26	-1.45028e+12	-8.39785e+10	0	599.641	-9485.74	0	3.55948e+22	2.24031e+21	0	8.681e+25	1.19805e+12	2.61195e+12	0	-6193.47	2830.32	0	-5.86473e+20	-1.27625e+21	0	1.024e+26	3.75171e+12	2.47164e+12	0	-3000.09	4532.98	0	-5.64955e+20	-3.71132e+20	0	7.342e+22	-1.63902e+10	1.55581e+11	0	-30271.4	-4287.94	0	2.06336e+20	-5.70233e+20	0	
10	1.9891e+30	1.88184e+09	6.81309e+09	0	12.3666	21.8482	0	-1.85828e+23	4.98e+23	0	3.285e+23	-1.97375e+10	6.16104e+10	0	-44208.4	-17080.9	0	4.61019e+21	-1.16907e+22	0	4.867e+24	-2.61008e+10	1.10129e+11	0	-33958.7	-9351.76	0	1.47379e+22	-5.44309e+22	0	5.972e+24	-7.22767e+10	1.36804e+11	0	-25847	-14728.7	0	1.75531e+22	-3.0534e+22	0	6.39e+23	4.75673e+10	2.29064e+11	0	-23687.7	4826.53	0	-3.31928e+20	-1.61377e+21	0	1.898e+27	-2.12419e+11	7.5471e+11	0	-12545.8	-3585.84	0	1.14641e+23	-4.00198e+23	0	5.683e+26	-1.44896e+12	-1.02942e+11	0	724.853	-9477.04	0	3.55622e+22	2.70656e+21	0	8.681e+25	1.18565e+12	2.61758e+12	0	-6206.91	2800.88	0	-5.80422e+20	-1.27905e+21	0	1.024e+26	3.7457e+12	2.4807e+12	0	-3011.12	4525.71	0	-5.64068e+20	-3.72506e+20	0	7.342e+22	-7.22521e+10	1.37176e+11	0	-26897.1	-14668.4	0	2.00064e+20	-5.87749e+20	0	
10	1.9891e+30	1.90636e+09	6.85728e+09	0	12.145	22.3265	0	-2.47575e+23	4.47309e+23	0	3.285e+23	-5.24814e+10	-1.63906e+10	0	18686.5	-43347.4	0	1.14627e+22	4.89763e+21	0	4.867e+24	-8.33408e+10	7.11217e+10	0	-21175.6	-28253.7	0	4.52653e+22	-3.41274e+22	0	5.972e+24	-1.16848e+11	9.79622e+10	0	-18111.4	-23610.1	0	2.82415e+22	-2.14172e+22	0	6.39e+23	-4.85147e+08	2.33609e+11	0	-24182.4	-299.485	0	1.72381e+19	-1.64935e+21	0	1.898e+27	-2.37385e+11	7.47118e+11	0	-12417.9	-4005.44	0	1.28021e+23	-3.9614e+23	0	5.683e+26	-1.44738e+12	-1.21886e+11	0	849.94	-9466.69	0	3.55237e+22	3.17238e+21	0	8.681e+25	1.17322e+12	2.62315e+12	0	-6220.21	2771.38	0	-5.74356e+20	-1.28183e+21	0	1.024e+26	3.73967e+12	2.48974e+12	0	-3022.13	4518.42	0	-5.63178e+20	-3.73879e+20	0	7.342e+22	-1.16546e+11	9.81891e+10	0	-18733.8	-22787.6	0	1.80735e+20	-3.89397e+20	0	
10	1.9891e+30	1.93039e+09	6.90236e+09	0	11.8854	22.745	0	-2.61965e+23	3.87925e+23	0	3.285e+23	2.70658e+10	-4.60165e+10	0	42944	20750.6	0	-5.44954e+21	1.1478e+22	0	4.867e+24	-1.04708e+11	5.10671e+09	0	601.862	-35339.5	0	5.67919e+22	9.54076e+20	0	5.972e+24	-1.42857e+11	4.48834e+10	0	-7548.85	-28791.3	0	3.44269e+22	-9.02294e+21	0	6.39e+23	-4.84292e+10	2.27869e+11	0	-23579.3	-5419.81	0	3.66844e+20	-1.61006e+21	0	1.898e+27	-2.62081e+11	7.38691e+11	0	-12276.1	-4420.54	0	1.41259e+23	-3.91636e+23	0	5.683e+26	-1.44556e+12	-1.40807e+11	0	974.881	-9454.71	0	3.54792e+22	3.63768e+21	0	8.681e+25	1.16077e+12	2.62867e+12	0	-6233.37	2741.82	0	-5.68277e+20	-1.28458e+21	0	1.024e+26	3.73361e+12	2.49877e+12	0	-3033.12	4511.11	0	-5.62285e+20	-3.75249e+20	0	7.342e+22	-1.42489e+11	4.48025e+10	0	-7337.29	-27770.5	0	2.21086e+20	-6.64724e+19	0	
10	1.9891e+30	1.9539e+09	6.94823e+09	0	11.6243	23.1151	0	-2.57734e+23	3.51331e+23	0	3.285e+23	5.29161e+10	3.54562e+10	0	-23194.2	41845.6	0	-1.11626e+22	-6.2418e+21	0	4.867e+24	-8.11005e+10	-6.01508e+10	0	22126.3	-27526.9	0	4.40869e+22	3.56142e+22	0	5.972e+24	-1.46238e+11	-1.41305e+10	0	4195.82	-29462.7	0	3.51267e+22	4.80906e+21	0	6.39e+23	-9.40848e+10	2.12088e+11	0	-21902.1	-10301.2	0	7.00896e+20	-1.49719e+21	0	1.898e+27	-2.8648e+11	7.29439e+11	0	-12120.3	-4830.65	0	1.5434e+23	-3.86689e+23	0	5.683e+26	-1.44348e+12	-1.59703e+11	0	1099.65	-9441.09	0	3.54286e+22	4.10239e+21	0	8.681e+25	1.14829e+12	2.63412e+12	0	-6246.4	2712.19	0	-5.62184e+20	-1.28731e+21	0	1.024e+26	3.72754e+12	2.50779e+12	0	-3044.09	4503.77	0	-5.61388e+20	-3.76618e+20	0	7.342e+22	-1.46054e+11	-1.44679e+10	0	5074.01	-28959.7	0	3.36468e+20	2.35962e+20	0	
10	1.9891e+30	1.97689e+09	6.9948e+09	0	11.3666	23.4518	0	-2.52851e+23	3.17068e+23	0	3.285e+23	-2.94697e+10	5.68903e+10	0	-40206.6	-24978.5	0	6.68282e+21	-1.06072e+22	0	4.867e+24	-2.25545e+10	-9.72184e+10	0	34267.3	-8214.88	0	1.2919e+22	5.48688e+22	0	5.972e+24	-1.26462e+11	-6.98518e+10	0	15292.6	-25523.6	0	3.03086e+22	1.79824e+22	0	6.39e+23	-1.35369e+11	1.86972e+11	0	-19224.1	-14719.9	0	1.00391e+21	-1.31546e+21	0	1.898e+27	-3.10553e+11	7.19372e+11	0	-11950.8	-5235.32	0	1.67249e+23	-3.81306e+23	0	5.683e+26	-1.44116e+12	-1.78571e+11	0	1224.24	-9425.84	0	3.53721e+22	4.56644e+21	0	8.681e+25	1.13578e+12	2.63951e+12	0	-6259.28	2682.5	0	-5.56077e+20	-1.29e+21	0	1.024e+26	3.72144e+12	2.51679e+12	0	-3055.05	4496.4	0	-5.60489e+20	-3.77984e+20	0	7.342e+22	-1.2658e+11	-7.02182e+10	0	16254.3	-25848.6	0	4.32486e+20	4.10858e+20	0	
10	1.9891e+30	1.99938e+09	7.04201e+09	0	11.1244	23.7534	0	-2.23937e+23	2.86363e+23	0	3.285e+23	-4.71408e+10	-2.58126e+10	0	26422.3	-39153.8	0	1.03763e+22	6.93513e+21	0	4.867e+24	4.62712e+10	-9.08084e+10	0	32075	14357.1	0	-2.30871e+22	5.1036e+22	0	5.972e+24	-8.66134e+10	-1.13565e+11	0	24008.8	-17592.8	0	2.07755e+22	2.84431e+22	0	6.39e+23	-1.70392e+11	1.53653e+11	0	-15665.1	-18472.1	0	1.26167e+21	-1.07288e+21	0	1.898e+27	-3.34274e+11	7.08501e+11	0	-11767.9	-5634.09	0	1.7997e+23	-3.75492e+23	0	5.683e+26	-1.43859e+12	-1.97406e+11	0	1348.62	-9408.95	0	3.53096e+22	5.02976e+21	0	8.681e+25	1.12325e+12	2.64485e+12	0	-6272.02	2652.75	0	-5.49957e+20	-1.29267e+21	0	1.024e+26	3.71532e+12	2.52577e+12	0	-3065.99	4489	0	-5.59586e+20	-3.79348e+20	0	7.342e+22	-8.69626e+10	-1.1372e+11	0	24422.7	-18529.5	0	4.39832e+20	4.30199e+20	0	
10	1.9891e+30	2.02142e+09	7.0898e+09	0	10.922	24.0412	0	-1.7983e+23	2.9468e+23	0	3.285e+23	3.66156e+10	-4.01063e+10	0	38345.3	28459.1	0	-7.52731e+21	1.02729e+22	0	4.867e+24	9.68217e+10	-4.39068e+10	0	16683.4	30844.5	0	-4.91027e+22	2.64186e+22	0	5.972e+24	-3.29158e+10	-1.38424e+11	0	28978.2	-6911.36	0	8.07935e+21	3.45041e+22	0	6.39e+23	-1.97548e+11	1.13644e+11	0	-11386.3	-21383.7	0	1.46197e+21	-7.80449e+20	0	1.898e+27	-3.57616e+11	6.96839e+11	0	-11571.6	-6026.52	0	1.92491e+23	-3.69254e+23	0	5.683e+26	-1.43577e+12	-2.16205e+11	0	1472.76	-9390.44	0	3.52412e+22	5.49228e+21	0	8.681e+25	1.1107e+12	2.65013e+12	0	-6284.62	2622.94	0	-5.43823e+20	-1.29531e+21	0	1.024e+26	3.70917e+12	2.53474e+12	0	-3076.91	4481.58	0	-5.5868e+20	-3.80711e+20	0	7.342e+22	-3.3264e+10	-1.38273e+11	0	28548.2	-7841.95	0	2.89066e+20	3.42311e+20	0	
10	1.9891e+30	2.04309e+09	7.13819e+09	0	10.7507	24.3594	0	-1.69881e+23	3.4033e+23	0	3.285e+23	4.6739e+10	4.47849e+10	0	-30610.9	36719.4	0	-9.76835e+21	-8.22494e+21	0	4.867e+24	1.0842e+11	2.39727e+10	0	-5490.75	34612.8	0	-5.50182e+22	-8.70239e+21	0	5.972e+24	2.62416e+10	-1.40529e+11	0	29416.8	4852.07	0	-5.78424e+21	3.51476e+22	0	6.39e+23	-2.15587e+11	6.87694e+10	0	-6583.43	-23319.4	0	1.59526e+21	-4.51633e+20	0	1.898e+27	-3.80552e+11	6.844e+11	0	-11362.3	-6412.14	0	2.04797e+23	-3.62598e+23	0	5.683e+26	-1.4327e+12	-2.34966e+11	0	1596.65	-9370.29	0	3.51668e+22	5.95391e+21	0	8.681e+25	1.09811e+12	2.65534e+12	0	-6297.08	2593.07	0	-5.37677e+20	-1.29792e+21	0	1.024e+26	3.70301e+12	2.5437e+12	0	-3087.81	4474.13	0	-5.57771e+20	-3.82071e+20	0	7.342e+22	2.6139e+10	-1.40174e+11	0	28395.6	4565.94	0	-1.12718e+19	2.25983e+20	0	
10	1.9891e+30	2.06441e+09	7.18727e+09	0	10.565	24.7196	0	-2.03376e+23	3.70094e+23	0	3.285e+23	-3.81157e+10	5.04474e+10	0	-34822.9	-31981.7	0	8.51225e+21	-9.16767e+21	0	4.867e+24	7.63605e+10	8.49365e+10	0	-25434.8	24166.8	0	-3.8601e+22	-4.03882e+22	0	5.972e+24	8.16125e+10	-1.19533e+11	0	25247.9	15861.7	0	-1.87092e+22	3.01656e+22	0	6.39e+23	-2.23678e+11	2.10785e+10	0	-1477.01	-24188.7	0	1.65516e+21	-1.01723e+20	0	1.898e+27	-4.03056e+11	6.71196e+11	0	-11140.1	-6790.54	0	2.16873e+23	-3.55533e+23	0	5.683e+26	-1.42938e+12	-2.53685e+11	0	1720.28	-9348.53	0	3.50865e+22	6.41458e+21	0	8.681e+25	1.08551e+12	2.6605e+12	0	-6309.39	2563.14	0	-5.31518e+20	-1.30051e+21	0	1.024e+26	3.69682e+12	2.55264e+12	0	-3098.69	4466.65	0	-5.56859e+20	-3.83429e+20	0	7.342e+22	8.1829e+10	-1.19226e+11	0	24388.6	16440.7	0	-3.52096e+20	1.99716e+20	0	
10	1.9891e+30	2.08532e+09	7.23708e+09	0	10.342	25.0928	0	-2.37754e+23	3.69139e+23	0	3.285e+23	-4.01108e+10	-3.40894e+10	0	33262	-33597.6	0	8.93263e+21	8.74581e+21	0	4.867e+24	1.37048e+10	1.13836e+11	0	-34978.1	3666.61	0	-6.09348e+21	-5.58594e+22	0	5.972e+24	1.24538e+11	-7.87078e+10	0	17123.5	24400	0	-2.87918e+22	2.03751e+22	0	6.39e+23	-2.21448e+11	-2.72463e+10	0	3697.8	-23951.1	0	1.63879e+21	2.52932e+20	0	1.898e+27	-4.25104e+11	6.57242e+11	0	-10905.3	-7161.28	0	2.28707e+23	-3.48065e+23	0	5.683e+26	-1.42581e+12	-2.72359e+11	0	1843.61	-9325.15	0	3.50002e+22	6.87423e+21	0	8.681e+25	1.07288e+12	2.66559e+12	0	-6321.57	2533.15	0	-5.25346e+20	-1.30306e+21	0	1.024e+26	3.69061e+12	2.56157e+12	0	-3109.56	4459.15	0	-5.55944e+20	-3.84786e+20	0	7.342e+22	1.24915e+11	-7.86637e+10	0	17000.9	25422.9	0	-5.5742e+20	2.25151e+20	0	
10	1.9891e+30	2.10576e+09	7.28764e+09	0	10.0913	25.4615	0	-2.60805e+23	3.65886e+23	0	3.285e+23	4.49278e+10	-3.25064e+10	0	32365.6	35179.4	0	-9.34666e+21	8.68862e+21	0	4.867e+24	-5.37339e+10	9.84428e+10	0	-30003.2	-18530.7	0	2.95304e+22	-4.82143e+22	0	5.972e+24	1.48302e+11	-2.44321e+10	0	6319.1	29131.3	0	-3.44718e+22	7.3785e+21	0	6.39e+23	-2.08999e+11	-7.39939e+10	0	8702.6	-22617.7	0	1.54697e+21	5.95746e+20	0	1.898e+27	-4.46669e+11	6.42556e+11	0	-10658.2	-7523.94	0	2.40284e+23	-3.40203e+23	0	5.683e+26	-1.422e+12	-2.90985e+11	0	1966.62	-9300.15	0	3.49081e+22	7.33278e+21	0	8.681e+25	1.06022e+12	2.67063e+12	0	-6333.6	2503.09	0	-5.19162e+20	-1.30559e+21	0	1.024e+26	3.68438e+12	2.57048e+12	0	-3120.41	4451.62	0	-5.55025e+20	-3.8614e+20	0	7.342e+22	1.48585e+11	-2.4689e+10	0	6993.22	29903.3	0	-5.71953e+20	2.27393e+20	0	
10	1.9891e+30	2.12567e+09	7.33893e+09	0	9.81264	25.8287	0	-2.96578e+23	3.61404e+23	0	3.285e+23	3.89584e+10	5.27794e+10	0	-36916.4	30297.2	0	-8.0275e+21	-9.90009e+21	0	4.867e+24	-9.77394e+10	4.48712e+10	0	-12374.7	-33091	0	5.31361e+22	-1.99734e+22	0	5.972e+24	1.49187e+11	3.48068e+10	0	-5468.77	29312.2	0	-3.48188e+22	-6.69707e+21	0	6.39e+23	-1.86904e+11	-1.17027e+11	0	13307.2	-20250.8	0	1.38411e+21	9.10744e+20	0	1.898e+27	-4.67728e+11	6.27152e+11	0	-10399	-7878.11	0	2.51592e+23	-3.31955e+23	0	5.683e+26	-1.41795e+12	-3.09559e+11	0	2089.3	-9273.54	0	3.481e+22	7.79015e+21	0	8.681e+25	1.04754e+12	2.67561e+12	0	-6345.49	2472.99	0	-5.12965e+20	-1.30809e+21	0	1.024e+26	3.67813e+12	2.57937e+12	0	-3131.24	4444.07	0	-5.54104e+20	-3.87492e+20	0	7.342e+22	1.49192e+11	3.442e+10	0	-4463.64	29319.7	0	-4.31108e+20	1.16588e+20	0	
10	1.9891e+30	2.14498e+09	7.39094e+09	0	9.49468	26.177	0	-3.31704e+23	3.2579e+23	0	3.285e+23	-4.53769e+10	4.25163e+10	0	-28250	-37857.3	0	1.00412e+22	-7.42431e+21	0	4.867e+24	-9.96559e+10	-2.45011e+10	0	10527.7	-33731.7	0	5.41771e+22	1.69697e+22	0	5.972e+24	1.27054e+11	8.97451e+10	0	-16392.4	24910	0	-2.97181e+22	-1.96312e+22	0	6.39e+23	-1.56178e+11	-1.5438e+11	0	17300.7	-16960.8	0	1.15801e+21	1.18336e+21	0	1.898e+27	-4.88257e+11	6.11049e+11	0	-10128.1	-8223.4	0	2.62618e+23	-3.23332e+23	0	5.683e+26	-1.41365e+12	-3.28078e+11	0	2211.62	-9245.32	0	3.47061e+22	8.24627e+21	0	8.681e+25	1.03484e+12	2.68052e+12	0	-6357.24	2442.82	0	-5.06757e+20	-1.31056e+21	0	1.024e+26	3.67186e+12	2.58825e+12	0	-3142.06	4436.49	0	-5.53179e+20	-3.88842e+20	0	7.342e+22	1.26777e+11	8.94848e+10	0	-15699.2	24147.2	0	-2.18019e+20	-1.02639e+20	0	
10	1.9891e+30	2.16364e+09	7.4436e+09	0	9.15964	26.4798	0	-3.27197e+23	2.78965e+23	0	3.285e+23	-3.16277e+10	-4.0925e+10	0	38967.9	-26860.4	0	7.17548e+21	1.02675e+22	0	4.867e+24	-5.86625e+10	-8.04449e+10	0	28945.8	-20175.8	0	3.21877e+22	4.65035e+22	0	5.972e+24	8.53736e+10	1.31795e+11	0	-24743.2	16610.3	0	-1.98982e+22	-2.94105e+22	0	6.39e+23	-1.1823e+11	-1.84355e+11	0	20501.2	-12900.5	0	8.79424e+20	1.40113e+21	0	1.898e+27	-5.08233e+11	5.94265e+11	0	-9845.66	-8559.4	0	2.73349e+23	-3.14342e+23	0	5.683e+26	-1.4091e+12	-3.46539e+11	0	2333.57	-9215.5	0	3.45963e+22	8.70107e+21	0	8.681e+25	1.02211e+12	2.68538e+12	0	-6368.84	2412.6	0	-5.00536e+20	-1.313e+21	0	1.024e+26	3.66556e+12	2.59712e+12	0	-3152.85	4428.88	0	-5.52252e+20	-3.9019e+20	0	7.342e+22	8.49955e+10	1.31832e+11	0	-24847.9	15589.8	0	-4.01186e+19	-3.82683e+20	0	
10	1.9891e+30	2.18164e+09	7.49684e+09	0	8.84584	26.7508	0	-2.97132e+23	2.68268e+23	0	3.285e+23	5.17033e+10	-2.34758e+10	0	25212.7	40661.3	0	-1.08361e+22	6.77979e+21	0	4.867e+24	7.86183e+09	-9.95645e+10	0	35151.6	1717.26	0	-2.97501e+21	5.61325e+22	0	5.972e+24	3.06711e+10	1.54392e+11	0	-29220.3	5712.2	0	-6.8677e+21	-3.45894e+22	0	6.39e+23	-7.47983e+10	-2.05592e+11	0	22764.4	-8257.48	0	5.61451e+20	1.5543e+21	0	1.898e+27	-5.27632e+11	5.76818e+11	0	-9552.1	-8885.74	0	2.83773e+23	-3.04996e+23	0	5.683e+26	-1.40431e+12	-3.64939e+11	0	2455.13	-9184.08	0	3.44807e+22	9.15448e+21	0	8.681e+25	1.00936e+12	2.69017e+12	0	-6380.3	2382.32	0	-4.94304e+20	-1.31542e+21	0	1.024e+26	3.65925e+12	2.60597e+12	0	-3163.63	4421.25	0	-5.51321e+20	-3.91536e+20	0	7.342e+22	3.04524e+10	1.54694e+11	0	-30081.4	5116.4	0	4.14317e+19	-5.96511e+20	0	
10	1.9891e+30	2.19903e+09	7.55061e+09	0	8.5528	27.0306	0	-2.92445e+23	2.89574e+23	0	3.285e+23	2.98574e+10	5.91654e+10	0	-41889.3	22818.4	0	-6.00867e+21	-1.12085e+22	0	4.867e+24	7.207e+10	-7.41801e+10	0	26758.5	22722.3	0	-3.63106e+22	4.24794e+22	0	5.972e+24	-2.84902e+10	1.54016e+11	0	-29130.8	-6076.18	0	7.31643e+21	-3.44451e+22	0	6.39e+23	-2.78649e+10	-2.17137e+11	0	23990	-3245.28	0	2.18898e+20	1.63624e+21	0	1.898e+27	-5.46434e+11	5.58728e+11	0	-9247.72	-9202.05	0	2.93879e+23	-2.95304e+23	0	5.683e+26	-1.39928e+12	-3.83274e+11	0	2576.26	-9151.06	0	3.43592e+22	9.60642e+21	0	8.681e+25	9.96593e+11	2.69491e+12	0	-6391.62	2351.99	0	-4.8806e+20	-1.3178e+21	0	1.024e+26	3.65291e+12	2.6148e+12	0	-3174.39	4413.59	0	-5.50387e+20	-3.92879e+20	0	7.342e+22	-2.83872e+10	1.54373e+11	0	-30149.6	-5803.72	0	2.93159e+19	-6.28236e+20	0	
10	1.9891e+30	2.21584e+09	7.60497e+09	0	8.24859	27.3282	0	-3.13851e+23	2.9847e+23	0	3.285e+23	-5.10057e+10	3.33813e+10	0	-20717.9	-42411.9	0	1.12226e+22	-5.43754e+21	0	4.867e+24	1.07497e+11	-1.50778e+10	0	7420.06	34258.5	0	-5.44554e+22	1.17364e+22	0	5.972e+24	-8.28535e+10	1.30742e+11	0	-24492.8	-16904.9	0	2.02979e+22	-2.9036e+22	0	6.39e+23	2.04339e+10	-2.18479e+11	0	24125.4	1907.14	0	-1.3247e+20	1.64365e+21	0	1.898e+27	-5.64616e+11	5.40017e+11	0	-8932.87	-9507.97	0	3.03654e+23	-2.85276e+23	0	5.683e+26	-1.39401e+12	-4.01542e+11	0	2696.96	-9116.46	0	3.42319e+22	1.00568e+22	0	8.681e+25	9.83798e+11	2.69958e+12	0	-6402.79	2321.6	0	-4.81805e+20	-1.32016e+21	0	1.024e+26	3.64655e+12	2.62362e+12	0	-3185.13	4405.9	0	-5.4945e+20	-3.94221e+20	0	7.342e+22	-8.25068e+10	1.30901e+11	0	-24932.4	-15984.7	0	6.38599e+19	-4.42769e+20	0	
10	1.9891e+30	2.23201e+09	7.65993e+09	0	7.92383	27.6268	0	-3.30554e+23	2.96049e+23	0	3.285e+23	-2.19819e+10	-4.60719e+10	0	43337	-19166.6	0	5.16007e+21	1.14457e+22	0	4.867e+24	9.97139e+10	5.33437e+10	0	-14927.4	31722.9	0	-5.04822e+22	-2.3653e+22	0	5.972e+24	-1.23918e+11	8.82197e+10	0	-16028.4	-25078.7	0	3.00064e+22	-1.9124e+22	0	6.39e+23	6.7907e+10	-2.0957e+11	0	23168.1	6965.9	0	-4.76692e+20	1.57669e+21	0	1.898e+27	-5.82159e+11	5.20704e+11	0	-8607.9	-9803.15	0	3.13087e+23	-2.74925e+23	0	5.683e+26	-1.38849e+12	-4.19739e+11	0	2817.2	-9080.28	0	3.40989e+22	1.05056e+22	0	8.681e+25	9.70982e+11	2.70419e+12	0	-6413.82	2291.16	0	-4.75538e+20	-1.32249e+21	0	1.024e+26	3.64017e+12	2.63243e+12	0	-3195.85	4398.19	0	-5.48509e+20	-3.9556e+20	0	7.342e+22	-1.23566e+11	8.80706e+10	0	-15633.9	-24131.5	0	1.84116e+20	-1.57316e+20	0	
10	1.9891e+30	2.24752e+09	7.71548e+09	0	7.58267	27.9279	0	-3.51798e+23	3.04707e+23	0	3.285e+23	5.66965e+10	-1.3328e+10	0	17142	44700.1	0	-1.19367e+22	4.61558e+21	0	4.867e+24	5.18837e+10	1.02977e+11	0	-31204.9	16118.2	0	-2.5879e+22	-4.96566e+22	0	5.972e+24	-1.45265e+11	3.31071e+10	0	-5056.67	-29321.7	0	3.49358e+22	-6.18764e+21	0	6.39e+23	1.12408e+11	-1.90829e+11	0	21164.9	11702.8	0	-7.98329e+20	1.43885e+21	0	1.898e+27	-5.99041e+11	5.00811e+11	0	-8273.17	-10087.3	0	3.22169e+23	-2.64261e+23	0	5.683e+26	-1.38274e+12	-4.37862e+11	0	2936.96	-9042.52	0	3.39601e+22	1.09528e+22	0	8.681e+25	9.58143e+11	2.70874e+12	0	-6424.7	2260.66	0	-4.6926e+20	-1.32479e+21	0	1.024e+26	3.63377e+12	2.64121e+12	0	-3206.55	4390.45	0	-5.47566e+20	-3.96897e+20	0	7.342e+22	-1.45137e+11	3.27426e+10	0	-4107.81	-28980.6	0	3.64972e+20	1.11855e+20	0	
10	1.9891e+30	2.26232e+09	7.77164e+09	0	7.2052	28.236	0	-4.03552e+23	3.01901e+23	0	3.285e+23	1.97628e+10	6.37287e+10	0	-45360.7	14557.5	0	-3.78886e+21	-1.21075e+22	0	4.867e+24	-1.64331e+10	1.13207e+11	0	-34648.3	-6288.72	0	9.83327e+21	-5.54834e+22	0	5.972e+24	-1.43561e+11	-2.59751e+10	0	6711.43	-28975.9	0	3.43832e+22	7.80046e+21	0	6.39e+23	1.5193e+11	-1.63115e+11	0	18209.1	15905.6	0	-1.08314e+21	1.23672e+21	0	1.898e+27	-6.15245e+11	4.80362e+11	0	-7929.06	-10360	0	3.30887e+23	-2.53296e+23	0	5.683e+26	-1.37675e+12	-4.55908e+11	0	3056.22	-9003.19	0	3.38155e+22	1.13981e+22	0	8.681e+25	9.45283e+11	2.71324e+12	0	-6435.44	2230.12	0	-4.62971e+20	-1.32706e+21	0	1.024e+26	3.62734e+12	2.64999e+12	0	-3217.24	4382.68	0	-5.4662e+20	-3.98232e+20	0	7.342e+22	-1.43737e+11	-2.63142e+10	0	7606.22	-29469.4	0	5.14676e+20	2.76502e+20	0	
10	1.9891e+30	2.27631e+09	7.82841e+09	0	6.77155	28.5179	0	-4.53657e+23	2.51272e+23	0	3.285e+23	-5.48105e+10	2.33667e+10	0	-12484.6	-45495.7	0	1.20206e+22	-3.27387e+21	0	4.867e+24	-7.69089e+10	7.947e+10	0	-23607.7	-26242.2	0	4.20137e+22	-3.80168e+22	0	5.972e+24	-1.19071e+11	-7.97849e+10	0	17438.2	-24100.2	0	2.84917e+22	2.06706e+22	0	6.39e+23	1.84698e+11	-1.27688e+11	0	14436.1	19386.9	0	-1.31866e+21	9.79626e+20	0	1.898e+27	-6.30751e+11	4.59379e+11	0	-7575.96	-10621	0	3.39233e+23	-2.42044e+23	0	5.683e+26	-1.37052e+12	-4.73874e+11	0	3174.96	-8962.3	0	3.36652e+22	1.18417e+22	0	8.681e+25	9.32401e+11	2.71767e+12	0	-6446.03	2199.52	0	-4.56671e+20	-1.3293e+21	0	1.024e+26	3.6209e+12	2.65875e+12	0	-3227.91	4374.89	0	-5.4567e+20	-3.99565e+20	0	7.342e+22	-1.19437e+11	-7.98692e+10	0	17667.3	-25116.6	0	5.53022e+20	2.99468e+20	0	
10	1.9891e+30	2.28939e+09	7.88567e+09	0	6.30957	28.7343	0	-4.5647e+23	1.80593e+23	0	3.285e+23	-1.1505e+10	-4.93375e+10	0	46209.2	-10775.9	0	2.95152e+21	1.22355e+22	0	4.867e+24	-1.04082e+11	1.56434e+10	0	-2556.74	-35245.4	0	5.66489e+22	-4.13463e+21	0	5.972e+24	-7.56187e+10	-1.19901e+11	0	25443.9	-15459.1	0	1.82579e+22	3.03414e+22	0	6.39e+23	2.09242e+11	-8.61512e+10	0	10016.7	21992.5	0	-1.49468e+21	6.79204e+20	0	1.898e+27	-6.45543e+11	4.37886e+11	0	-7214.26	-10870	0	3.47197e+23	-2.30515e+23	0	5.683e+26	-1.36405e+12	-4.91756e+11	0	3293.17	-8919.84	0	3.35092e+22	1.22833e+22	0	8.681e+25	9.19499e+11	2.72203e+12	0	-6456.48	2168.87	0	-4.50361e+20	-1.33151e+21	0	1.024e+26	3.61443e+12	2.66749e+12	0	-3238.55	4367.07	0	-5.44717e+20	-4.00895e+20	0	7.342e+22	-7.5924e+10	-1.19681e+11	0	24830.8	-16289.5	0	3.94397e+20	2.50282e+20	0	
10	1.9891e+30	2.30156e+09	7.9433e+09	0	5.86542	28.8913	0	-4.25378e+23	1.38126e+23	0	3.285e+23	5.97259e+10	-2.41718e+09	0	8444.81	47142.9	0	-1.2604e+22	2.27615e+21	0	4.867e+24	-8.63921e+10	-5.14517e+10	0	19585.8	-29387.7	0	4.71167e+22	3.1549e+22	0	5.972e+24	-1.9991e+10	-1.4004e+11	0	29471	-4399.65	0	5.25885e+21	3.52171e+22	0	6.39e+23	2.24465e+11	-4.03789e+10	0	5149.77	23607.2	0	-1.60364e+21	3.48855e+20	0	1.898e+27	-6.59603e+11	4.15908e+11	0	-6844.38	-11106.7	0	3.5477e+23	-2.18725e+23	0	5.683e+26	-1.35734e+12	-5.09552e+11	0	3410.81	-8875.84	0	3.33476e+22	1.2723e+22	0	8.681e+25	9.06576e+11	2.72634e+12	0	-6466.78	2138.16	0	-4.4404e+20	-1.3337e+21	0	1.024e+26	3.60794e+12	2.67621e+12	0	-3249.18	4359.23	0	-5.43761e+20	-4.02223e+20	0	7.342e+22	-2.00168e+10	-1.3967e+11	0	28416.7	-4473.7	0	8.00596e+19	2.20176e+20	0	
10	1.9891e+30	2.31287e+09	8.00122e+09	0	5.45138	29.0204	0	-3.99991e+23	1.19539e+23	0	3.285e+23	9.03596e+09	6.6321e+10	0	-47217.4	5814.36	0	-1.45122e+21	-1.25701e+22	0	4.867e+24	-3.137e+10	-9.35772e+10	0	33408.6	-11222.4	0	1.77592e+22	5.35473e+22	0	5.972e+24	3.91212e+10	-1.37035e+11	0	28883.8	7355.31	0	-8.56067e+21	3.44602e+22	0	6.39e+23	2.29687e+11	7.56897e+09	0	53.168	24160.1	0	-1.64091e+21	3.1813e+18	0	1.898e+27	-6.72915e+11	3.93468e+11	0	-6466.73	-11330.8	0	3.61943e+23	-2.06684e+23	0	5.683e+26	-1.3504e+12	-5.27258e+11	0	3527.88	-8830.29	0	3.31803e+22	1.31607e+22	0	8.681e+25	8.93632e+11	2.73059e+12	0	-6476.94	2107.41	0	-4.37708e+20	-1.33585e+21	0	1.024e+26	3.60143e+12	2.68492e+12	0	-3259.79	4351.36	0	-5.42802e+20	-4.03549e+20	0	7.342e+22	3.93979e+10	-1.36776e+11	0	28159.9	8086.44	0	-2.573e+20	2.83549e+20	0	
10	1.9891e+30	2.32338e+09	8.05937e+09	0	5.06215	29.1314	0	-3.71441e+23	1.02373e+23	0	3.285e+23	-5.66627e+10	1.28246e+10	0	-3830.46	-47009.8	0	1.24117e+22	-1.00465e+21	0	4.867e+24	3.77649e+10	-9.32794e+10	0	33224.8	11473.2	0	-1.8503e+22	5.29168e+22	0	5.972e+24	9.24765e+10	-1.11342e+11	0	23774.3	17972.7	0	-2.11445e+22	2.82524e+22	0	6.39e+23	2.24675e+11	5.55364e+10	0	-5045.39	23626.9	0	-1.60489e+21	-3.42605e+20	0	1.898e+27	-6.85465e+11	3.70593e+11	0	-6081.74	-11542.2	0	3.68707e+23	-1.94408e+23	0	5.683e+26	-1.34323e+12	-5.44872e+11	0	3644.34	-8783.21	0	3.30074e+22	1.35963e+22	0	8.681e+25	8.80668e+11	2.73477e+12	0	-6486.95	2076.61	0	-4.31366e+20	-1.33798e+21	0	1.024e+26	3.5949e+12	2.69362e+12	0	-3270.39	4343.47	0	-5.4184e+20	-4.04873e+20	0	7.342e+22	9.28601e+10	-1.11371e+11	0	23847.4	18985.2	0	-4.59457e+20	3.6038e+20	0	
10	1.9891e+30	2.33314e+09	8.11774e+09	0	4.70995	29.2343	0	-3.28421e+23	1.09052e+23	0	3.285e+23	-5.59e+08	-5.0596e+10	0	47474.4	-1974.81	0	6.22864e+20	1.26042e+22	0	4.867e+24	9.22641e+10	-5.10044e+10	0	19338	29263.2	0	-4.6608e+22	3.06453e+22	0	5.972e+24	1.31727e+11	-6.69678e+10	0	14944.7	25791.1	0	-3.05173e+22	1.76253e+22	0	6.39e+23	2.09655e+11	1.01367e+11	0	-9918.16	22031.1	0	-1.49716e+21	-6.73296e+20	0	1.898e+27	-6.97238e+11	3.47308e+11	0	-5689.84	-11740.5	0	3.75055e+23	-1.81911e+23	0	5.683e+26	-1.33583e+12	-5.6239e+11	0	3760.19	-8734.6	0	3.28289e+22	1.40297e+22	0	8.681e+25	8.67684e+11	2.73889e+12	0	-6496.82	2045.76	0	-4.25015e+20	-1.34007e+21	0	1.024e+26	3.58835e+12	2.7023e+12	0	-3280.96	4335.55	0	-5.40875e+20	-4.06195e+20	0	7.342e+22	1.31965e+11	-6.727e+10	0	15742.6	26425.9	0	-4.96988e+20	3.73626e+20	0	
10	1.9891e+30	2.34224e+09	8.17633e+09	0	4.3944	29.3654	0	-3.07403e+23	1.56893e+23	0	3.285e+23	6.06819e+10	8.87179e+09	0	-562.359	47896.1	0	-1.28103e+22	-1.50583e+20	0	4.867e+24	1.09795e+11	1.56032e+10	0	-2421.63	34965.9	0	-5.55603e+22	-3.83672e+21	0	5.972e+24	1.50728e+11	-1.0844e+10	0	3780.27	29582.9	0	-3.51679e+22	4.31065e+21	0	6.39e+23	1.85298e+11	1.42998e+11	0	-14347.1	19443.1	0	-1.3223e+21	-9.74293e+20	0	1.898e+27	-7.0822e+11	3.2364e+11	0	-5291.47	-11925.5	0	3.80979e+23	-1.69205e+23	0	5.683e+26	-1.32819e+12	-5.7981e+11	0	3875.41	-8684.46	0	3.26449e+22	1.44609e+22	0	8.681e+25	8.54681e+11	2.74295e+12	0	-6506.54	2014.86	0	-4.18653e+20	-1.34214e+21	0	1.024e+26	3.58178e+12	2.71096e+12	0	-3291.51	4327.6	0	-5.39907e+20	-4.07514e+20	0	7.342e+22	1.5067e+11	-1.12244e+10	0	4776.57	29413.9	0	-4.01983e+20	2.51873e+20	0	
10	1.9891e+30	2.35072e+09	8.23524e+09	0	4.07228	29.5493	0	-3.41274e+23	2.03382e+23	0	3.285e+23	-1.94047e+09	6.68632e+10	0	-47405	-3098.09	0	9.19128e+20	-1.25862e+22	0	4.867e+24	8.32371e+10	7.91601e+10	0	-23198.3	26318.3	0	-4.19801e+22	-3.68047e+22	0	5.972e+24	1.46503e+11	4.82547e+10	0	-7969.72	28748.6	0	-3.43085e+22	-9.58595e+21	0	6.39e+23	1.52695e+11	1.78553e+11	0	-18133.1	15977.2	0	-1.08785e+21	-1.2322e+21	0	1.898e+27	-7.18399e+11	2.99615e+11	0	-4887.08	-12097	0	3.86474e+23	-1.56305e+23	0	5.683e+26	-1.32033e+12	-5.97127e+11	0	3989.96	-8632.82	0	3.24553e+22	1.48897e+22	0	8.681e+25	8.41658e+11	2.74695e+12	0	-6516.11	1983.92	0	-4.12281e+20	-1.34418e+21	0	1.024e+26	3.57519e+12	2.71961e+12	0	-3302.05	4319.63	0	-5.38935e+20	-4.08831e+20	0	7.342e+22	1.46188e+11	4.80528e+10	0	-7424.29	27855.5	0	-2.46017e+20	-4.39782e+18	0	
10	1.9891e+30	2.3585e+09	8.29454e+09	0	3.70144	29.7592	0	-3.95288e+23	2.07092e+23	0	3.285e+23	-5.64973e+10	2.12401e+09	0	4952.18	-46905.1	0	1.23846e+22	1.29647e+21	0	4.867e+24	2.33954e+10	1.13493e+11	0	-34506.9	6758	0	-1.10125e+22	-5.50468e+22	0	5.972e+24	1.19714e+11	1.01089e+11	0	-18467	23413.7	0	-2.79832e+22	-2.1903e+22	0	6.39e+23	1.13308e+11	2.06423e+11	0	-21105	11787	0	-8.0395e+20	-1.43537e+21	0	1.898e+27	-7.27764e+11	2.75261e+11	0	-4477.13	-12254.8	0	3.91531e+23	-1.43227e+23	0	5.683e+26	-1.31223e+12	-6.1434e+11	0	4103.84	-8579.67	0	3.22602e+22	1.53162e+22	0	8.681e+25	8.28616e+11	2.75089e+12	0	-6525.53	1952.93	0	-4.059e+20	-1.34618e+21	0	1.024e+26	3.56857e+12	2.72824e+12	0	-3312.57	4311.63	0	-5.37961e+20	-4.10145e+20	0	7.342e+22	1.19357e+11	1.01205e+11	0	-18781.9	22423.1	0	-1.44403e+20	-3.35948e+20	0	
10	1.9891e+30	2.36549e+09	8.35427e+09	0	3.28357	29.9578	0	-4.32827e+23	1.87064e+23	0	3.285e+23	1.0477e+10	-4.97888e+10	0	47075.8	6931.88	0	-1.74638e+21	1.25324e+22	0	4.867e+24	-4.51315e+10	1.0417e+11	0	-31529.7	-15774.2	0	2.50866e+22	-5.06178e+22	0	5.972e+24	7.45552e+10	1.39403e+11	0	-26074.1	14414.2	0	-1.71728e+22	-3.0829e+22	0	6.39e+23	6.89088e+10	2.25341e+11	0	-23126.9	7058.98	0	-4.83001e+20	-1.57447e+21	0	1.898e+27	-7.36304e+11	2.50605e+11	0	-4062.09	-12398.8	0	3.96146e+23	-1.29984e+23	0	5.683e+26	-1.30391e+12	-6.31445e+11	0	4217.02	-8525.02	0	3.20597e+22	1.57402e+22	0	8.681e+25	8.15556e+11	2.75476e+12	0	-6534.81	1921.89	0	-3.99509e+20	-1.34816e+21	0	1.024e+26	3.56194e+12	2.73686e+12	0	-3323.06	4303.61	0	-5.36983e+20	-4.11458e+20	0	7.342e+22	7.44076e+10	1.39747e+11	0	-27033.4	14010.9	0	-1.26911e+20	-5.71894e+20	0	
10	1.9891e+30	2.37161e+09	8.41436e+09	0	2.83258	30.136	0	-4.65894e+23	1.66703e+23	0	3.285e+23	5.95326e+10	2.01408e+10	0	-9549.3	46931.2	0	-1.2547e+22	-2.57182e+21	0	4.867e+24	-9.37404e+10	5.47585e+10	0	-15284.3	-31844.7	0	5.1114e+22	-2.4651e+22	0	5.972e+24	1.80998e+10	1.57216e+11	0	-29606.1	3164.42	0	-3.62888e+21	-3.50293e+22	0	6.39e+23	2.14978e+10	2.3444e+11	0	-24104.5	2005	0	-1.39197e+20	-1.64284e+21	0	1.898e+27	-7.4401e+11	2.25675e+11	0	-3642.42	-12528.7	0	4.00313e+23	-1.16592e+23	0	5.683e+26	-1.29536e+12	-6.48439e+11	0	4329.48	-8468.88	0	3.18537e+22	1.61618e+22	0	8.681e+25	8.02477e+11	2.75858e+12	0	-6543.94	1890.81	0	-3.93108e+20	-1.35011e+21	0	1.024e+26	3.55528e+12	2.74545e+12	0	-3333.54	4295.56	0	-5.36002e+20	-4.12767e+20	0	7.342e+22	1.82731e+10	1.57549e+11	0	-30542.9	3625.37	0	-1.41989e+20	-6.15095e+20	0	
10	1.9891e+30	2.3768e+09	8.47479e+09	0	2.34413	30.2854	0	-5.04035e+23	1.24316e+23	0	3.285e+23	-1.27781e+10	6.53527e+10	0	-45931.9	-11865.6	0	3.23852e+21	-1.21627e+22	0	4.867e+24	-1.01857e+11	-1.41561e+10	0	7468.22	-34536.9	0	5.54981e+22	1.20465e+22	0	5.972e+24	-4.08159e+10	1.51757e+11	0	-28512.8	-8568.69	0	1.04055e+22	-3.38461e+22	0	6.39e+23	-2.67804e+10	2.33294e+11	0	-23990.3	-3147.2	0	2.12083e+20	-1.63691e+21	0	1.898e+27	-7.50871e+11	2.00499e+11	0	-3218.6	-12644.5	0	4.04027e+23	-1.03066e+23	0	5.683e+26	-1.28659e+12	-6.65319e+11	0	4441.21	-8411.26	0	3.16423e+22	1.65807e+22	0	8.681e+25	7.8938e+11	2.76233e+12	0	-6552.92	1859.68	0	-3.86698e+20	-1.35203e+21	0	1.024e+26	3.5486e+12	2.75404e+12	0	-3344	4287.48	0	-5.35018e+20	-4.14075e+20	0	7.342e+22	-4.04421e+10	1.51851e+11	0	-28771.6	-7593.47	0	-6.66091e+19	-4.64961e+20	0	
10	1.9891e+30	2.38097e+09	8.53546e+09	0	1.83043	30.3767	0	-5.09354e+23	5.63308e+22	0	3.285e+23	-5.43192e+10	-8.35965e+09	0	13567.8	-45185.1	0	1.19402e+22	3.55581e+21	0	4.867e+24	-6.60206e+10	-7.35376e+10	0	27036.4	-22676.8	0	3.62402e+22	4.34796e+22	0	5.972e+24	-9.29772e+10	1.23895e+11	0	-22963.1	-18948.1	0	2.27123e+22	-2.73863e+22	0	6.39e+23	-7.37352e+10	2.2194e+11	0	-22785.7	-8163.83	0	5.54913e+20	-1.55646e+21	0	1.898e+27	-7.56881e+11	1.75107e+11	0	-2791.1	-12745.9	0	4.07284e+23	-8.94211e+22	0	5.683e+26	-1.2776e+12	-6.82083e+11	0	4552.19	-8352.18	0	3.14256e+22	1.6997e+22	0	8.681e+25	7.76266e+11	2.76602e+12	0	-6561.76	1828.51	0	-3.8028e+20	-1.35392e+21	0	1.024e+26	3.5419e+12	2.7626e+12	0	-3354.44	4279.38	0	-5.34031e+20	-4.1538e+20	0	7.342e+22	-9.2654e+10	1.23687e+11	0	-22405.3	-18094	0	1.11838e+20	-2.29967e+20	0	
10	1.9891e+30	2.38413e+09	8.59626e+09	0	1.33528	30.4061	0	-4.7093e+23	9.80531e+21	0	3.285e+23	2.12136e+10	-4.69276e+10	0	45012.5	15629.9	0	-4.0725e+21	1.2015e+22	0	4.867e+24	-1.449e+09	-9.84946e+10	0	35172.6	-1403.67	0	2.01533e+21	5.62299e+22	0	5.972e+24	-1.30232e+11	7.79988e+10	0	-13822	-26353.2	0	3.13835e+22	-1.66043e+22	0	6.39e+23	-1.17229e+11	2.00881e+11	0	-20541.9	-12815.7	0	8.73523e+20	-1.40467e+21	0	1.898e+27	-7.62033e+11	1.49525e+11	0	-2360.42	-12832.9	0	4.10079e+23	-7.5673e+22	0	5.683e+26	-1.26839e+12	-6.98727e+11	0	4662.4	-8291.63	0	3.12036e+22	1.74106e+22	0	8.681e+25	7.63133e+11	2.76964e+12	0	-6570.45	1797.3	0	-3.73852e+20	-1.35578e+21	0	1.024e+26	3.53518e+12	2.77115e+12	0	-3364.86	4271.26	0	-5.33041e+20	-4.16683e+20	0	7.342e+22	-1.30167e+11	7.76197e+10	0	-12821.1	-26186.4	0	3.53898e+20	-6.45822e+18	0	
10	1.9891e+30	2.38634e+09	8.65707e+09	0	0.882381	30.4128	0	-4.35055e+23	9.34341e+21	0	3.285e+23	5.6318e+10	3.09928e+10	0	-18186.6	44284.4	0	-1.18249e+22	-4.89499e+21	0	4.867e+24	6.47631e+10	-7.88787e+10	0	28663	20279.4	0	-3.24516e+22	4.55458e+22	0	5.972e+24	-1.46762e+11	2.12539e+10	0	-2516.31	-29632.8	0	3.51331e+22	-3.14137e+21	0	6.39e+23	-1.55275e+11	1.71063e+11	0	-17358.3	-16889	0	1.15307e+21	-1.18808e+21	0	1.898e+27	-7.66321e+11	1.23785e+11	0	-1927.03	-12905.3	0	4.1241e+23	-6.18372e+22	0	5.683e+26	-1.25895e+12	-7.15249e+11	0	4771.81	-8229.64	0	3.09762e+22	1.78214e+22	0	8.681e+25	7.49984e+11	2.7732e+12	0	-6578.99	1766.04	0	-3.67415e+20	-1.3576e+21	0	1.024e+26	3.52844e+12	2.77969e+12	0	-3375.26	4263.11	0	-5.32048e+20	-4.17984e+20	0	7.342e+22	-1.46994e+11	2.09553e+10	0	-1719.2	-30289.4	0	5.58106e+20	1.26531e+20	0	
10	1.9891e+30	2.38767e+09	8.71791e+09	0	0.448534	30.427	0	-4.31779e+23	1.61923e+22	0	3.285e+23	-2.31005e+10	6.18572e+10	0	-42862	-20184.6	0	5.42786e+21	-1.13212e+22	0	4.867e+24	1.05262e+11	-2.31155e+10	0	10405.3	33477.3	0	-5.32258e+22	1.64738e+22	0	5.972e+24	-1.39989e+11	-3.74614e+10	0	9187.42	-28280.7	0	3.34463e+22	1.09132e+22	0	6.39e+23	-1.8613e+11	1.33837e+11	0	-13378.4	-20195.2	0	1.38035e+21	-9.16374e+20	0	1.898e+27	-7.6974e+11	9.79138e+10	0	-1491.43	-12963.2	0	4.14274e+23	-4.79293e+22	0	5.683e+26	-1.2493e+12	-7.31645e+11	0	4880.42	-8166.2	0	3.07436e+22	1.82294e+22	0	8.681e+25	7.36818e+11	2.77671e+12	0	-6587.38	1734.74	0	-3.60969e+20	-1.3594e+21	0	1.024e+26	3.52168e+12	2.78821e+12	0	-3385.65	4254.93	0	-5.31051e+20	-4.19282e+20	0	7.342e+22	-1.40359e+11	-3.74678e+10	0	9208.22	-29337.9	0	6.25002e+20	1.3684e+20	0	
10	1.9891e+30	2.38813e+09	8.77878e+09	0	0.0130341	30.4396	0	-4.32713e+23	7.7431e+21	0	3.285e+23	-5.02037e+10	-1.82592e+10	0	21725.3	-41906	0	1.10916e+22	5.70009e+21	0	4.867e+24	1.03528e+11	4.57299e+10	0	-12076	32913.8	0	-5.23431e+22	-1.91193e+22	0	5.972e+24	-1.10971e+11	-8.89602e+10	0	19456.3	-22511.8	0	2.66657e+22	2.32628e+22	0	6.39e+23	-2.08377e+11	9.08964e+10	0	-8783.45	-22580.6	0	1.54456e+21	-6.01947e+20	0	1.898e+27	-7.72286e+11	7.19419e+10	0	-1054.12	-13006.3	0	4.15668e+23	-3.39653e+22	0	5.683e+26	-1.23943e+12	-7.47912e+11	0	4988.2	-8101.33	0	3.05058e+22	1.86344e+22	0	8.681e+25	7.23635e+11	2.78014e+12	0	-6595.62	1703.4	0	-3.54515e+20	-1.36117e+21	0	1.024e+26	3.5149e+12	2.79671e+12	0	-3396.01	4246.73	0	-5.30052e+20	-4.20578e+20	0	7.342e+22	-1.11218e+11	-8.86754e+10	0	18684.2	-23195.4	0	4.64949e+20	1.27929e+20	0	
10	1.9891e+30	2.38773e+09	8.83967e+09	0	-0.418867	30.4454	0	-4.27158e+23	6.9599e+21	0	3.285e+23	3.12687e+10	-4.21011e+10	0	41346	23807.5	0	-6.27055e+21	1.10642e+22	0	4.867e+24	6.02656e+10	9.9387e+10	0	-29653.2	18812.1	0	-3.01354e+22	-4.71373e+22	0	5.972e+24	-6.42404e+10	-1.25182e+11	0	26681	-13222.8	0	1.57828e+22	3.18948e+22	0	6.39e+23	-2.20992e+11	4.42032e+10	0	-3783.99	-23933.7	0	1.63778e+21	-2.59368e+20	0	1.898e+27	-7.73956e+11	4.58983e+10	0	-615.584	-13034.7	0	4.16591e+23	-1.99608e+22	0	5.683e+26	-1.22935e+12	-7.64049e+11	0	5095.13	-8035.04	0	3.02629e+22	1.90365e+22	0	8.681e+25	7.10435e+11	2.78352e+12	0	-6603.71	1672.02	0	-3.48052e+20	-1.36291e+21	0	1.024e+26	3.5081e+12	2.80519e+12	0	-3406.35	4238.5	0	-5.29049e+20	-4.21871e+20	0	7.342e+22	-6.41892e+10	-1.24809e+11	0	25649.2	-13087.3	0	1.66763e+20	1.87006e+20	0	
10	1.9891e+30	2.38646e+09	8.90057e+09	0	-0.853992	30.4575	0	-4.44294e+23	1.55414e+22	0	3.285e+23	5.11555e+10	4.10451e+10	0	-26159.9	40056.9	0	-1.06738e+22	-7.03273e+21	0	4.867e+24	-6.8649e+09	1.15633e+11	0	-35063.2	-3181.52	0	4.85638e+21	-5.60836e+22	0	5.972e+24	-7.09597e+09	-1.40452e+11	0	29729.6	-1858.28	0	2.41061e+21	3.54362e+22	0	6.39e+23	-2.23395e+11	-4.10716e+09	0	1389.84	-24191.4	0	1.65553e+21	9.53604e+19	0	1.898e+27	-7.74748e+11	1.98128e+10	0	-176.327	-13048.4	0	4.17041e+23	-5.93191e+21	0	5.683e+26	-1.21905e+12	-7.80052e+11	0	5201.2	-7967.35	0	3.00148e+22	1.94355e+22	0	8.681e+25	6.9722e+11	2.78683e+12	0	-6611.66	1640.6	0	-3.41581e+20	-1.36462e+21	0	1.024e+26	3.50128e+12	2.81366e+12	0	-3416.67	4230.25	0	-5.28043e+20	-4.23162e+20	0	7.342e+22	-6.77424e+09	-1.40244e+11	0	29157.1	-1015.99	0	-1.40768e+20	3.27553e+20	0	
10	1.9891e+30	2.38429e+09	8.96149e+09	0	-1.31985	30.4649	0	-4.81573e+23	-8.75477e+21	0	3.285e+23	-3.25507e+10	5.65106e+10	0	-38312.5	-27771.6	0	7.41502e+21	-1.00959e+22	0	4.867e+24	-7.00973e+10	8.74278e+10	0	-25854.1	-24023.3	0	3.84173e+22	-4.15965e+22	0	5.972e+24	5.15318e+10	-1.32367e+11	0	28126.4	9810.65	0	-1.14399e+22	3.33988e+22	0	6.39e+23	-2.15475e+11	-5.18227e+10	0	6499.49	-23341.4	0	1.59694e+21	4.45608e+20	0	1.898e+27	-7.74661e+11	-6.2853e+09	0	263.156	-13047.2	0	4.17018e+23	8.10541e+21	0	5.683e+26	-1.20854e+12	-7.95917e+11	0	5306.38	-7898.25	0	2.97616e+22	1.98314e+22	0	8.681e+25	6.83989e+11	2.79008e+12	0	-6619.45	1609.14	0	-3.35102e+20	-1.36629e+21	0	1.024e+26	3.49443e+12	2.82212e+12	0	-3426.98	4221.97	0	-5.27034e+20	-4.2445e+20	0	7.342e+22	5.19066e+10	-1.32459e+11	0	28377.8	10788.8	0	-3.341e+20	4.56748e+20	0	
10	1.9891e+30	2.38116e+09	9.0224e+09	0	-1.81166	30.4281	0	-4.88559e+23	-6.64453e+22	0	3.285e+23	-4.42897e+10	-2.72262e+10	0	29146.9	-37173.1	0	9.86364e+21	7.6585e+21	0	4.867e+24	-1.02869e+11	2.62951e+10	0	-5702.35	-34872.9	0	5.60445e+22	-9.20181e+21	0	5.972e+24	1.02473e+11	-1.02177e+11	0	22124	19959.3	0	-2.36004e+22	2.61491e+22	0	6.39e+23	-1.97596e+11	-9.67594e+10	0	11309.5	-21423.7	0	1.46486e+21	7.74979e+20	0	1.898e+27	-7.73695e+11	-3.23663e+10	0	702.366	-13031.3	0	4.16522e+23	2.21351e+22	0	5.683e+26	-1.19783e+12	-8.11644e+11	0	5410.67	-7827.77	0	2.95034e+22	2.02241e+22	0	8.681e+25	6.70742e+11	2.79327e+12	0	-6627.1	1577.65	0	-3.28615e+20	-1.36794e+21	0	1.024e+26	3.48757e+12	2.83055e+12	0	-3437.26	4213.67	0	-5.26022e+20	-4.25737e+20	0	7.342e+22	1.02654e+11	-1.02513e+11	0	23031.6	20440.7	0	-3.84737e+20	4.99054e+20	0	
10	1.9891e+30	2.37705e+09	9.08317e+09	0	-2.28774	30.337	0	-4.54286e+23	-1.08215e+23	0	3.285e+23	4.02827e+10	-3.54664e+10	0	36196.7	31167.5	0	-8.25802e+21	9.70859e+21	0	4.867e+24	-9.12549e+10	-4.21143e+10	0	16881.2	-31023.6	0	4.97799e+22	2.72157e+22	0	5.972e+24	1.37753e+11	-5.45902e+10	0	12663.1	26995.4	0	-3.21218e+22	1.48874e+22	0	6.39e+23	-1.70584e+11	-1.36864e+11	0	15599	-18527.9	0	1.26566e+21	1.06815e+21	0	1.898e+27	-7.71852e+11	-5.84006e+10	0	1140.8	-13000.6	0	4.15553e+23	3.61412e+22	0	5.683e+26	-1.1869e+12	-8.27228e+11	0	5514.04	-7755.91	0	2.92402e+22	2.06135e+22	0	8.681e+25	6.5748e+11	2.79639e+12	0	-6634.59	1546.11	0	-3.2212e+20	-1.36956e+21	0	1.024e+26	3.48068e+12	2.83897e+12	0	-3447.52	4205.34	0	-5.25007e+20	-4.2702e+20	0	7.342e+22	1.37627e+11	-5.49494e+10	0	13620.6	26639.8	0	-3.26212e+20	3.76529e+20	0	
10	1.9891e+30	2.37203e+09	9.14373e+09	0	-2.72589	30.223	0	-4.20761e+23	-1.14998e+23	0	3.285e+23	4.42332e+10	4.99473e+10	0	-33181.6	34408.3	0	-9.13986e+21	-8.906e+21	0	4.867e+24	-4.0205e+10	-8.89853e+10	0	32282.5	-14153.4	0	2.24783e+22	5.18e+22	0	5.972e+24	1.51845e+11	2.95887e+09	0	1224.04	29810.7	0	-3.5593e+22	1.38928e+21	0	6.39e+23	-1.35678e+11	-1.70308e+11	0	19172	-14789.1	0	1.00886e+21	1.31165e+21	0	1.898e+27	-7.69133e+11	-8.43588e+10	0	1577.97	-12955.1	0	4.14113e+23	5.01078e+22	0	5.683e+26	-1.17577e+12	-8.42666e+11	0	5616.47	-7682.68	0	2.89721e+22	2.09996e+22	0	8.681e+25	6.44204e+11	2.79945e+12	0	-6641.94	1514.54	0	-3.15617e+20	-1.37114e+21	0	1.024e+26	3.47378e+12	2.84737e+12	0	-3457.77	4196.99	0	-5.23988e+20	-4.28301e+20	0	7.342e+22	1.51499e+11	2.82552e+09	0	1587.13	28818.6	0	-2.38381e+20	9.50194e+19	0	
10	1.9891e+30	2.36617e+09	9.20406e+09	0	-3.1396	30.1063	0	-4.02546e+23	-1.18426e+23	0	3.285e+23	-4.08033e+10	4.95125e+10	0	-32449.3	-34370.8	0	9.13593e+21	-8.53328e+21	0	4.867e+24	2.86933e+10	-9.48247e+10	0	34115.3	8489.64	0	-1.37634e+22	5.43955e+22	0	5.972e+24	1.42538e+11	6.14749e+10	0	-10404.9	27957.8	0	-3.33726e+22	-1.22689e+22	0	6.39e+23	-9.44813e+10	-1.95572e+11	0	21866.7	-10380.6	0	7.06647e+20	1.49447e+21	0	1.898e+27	-7.65541e+11	-1.10211e+11	0	2013.37	-12895	0	4.12201e+23	6.40189e+22	0	5.683e+26	-1.16444e+12	-8.57957e+11	0	5717.95	-7608.1	0	2.8699e+22	2.13824e+22	0	8.681e+25	6.30913e+11	2.80245e+12	0	-6649.13	1482.93	0	-3.09106e+20	-1.3727e+21	0	1.024e+26	3.46685e+12	2.85576e+12	0	-3467.99	4188.61	0	-5.22967e+20	-4.2958e+20	0	7.342e+22	1.42217e+11	6.16662e+10	0	-10919.4	27049.2	0	-2.29205e+20	-2.6071e+20	0	
10	1.9891e+30	2.35949e+09	9.26415e+09	0	-3.53211	29.9855	0	-3.76219e+23	-1.18856e+23	0	3.285e+23	-3.67777e+10	-3.4942e+10	0	35578	-31142.4	0	8.29411e+21	9.36538e+21	0	4.867e+24	8.67179e+10	-5.75212e+10	0	21842.5	27449	0	-4.37569e+22	3.46455e+22	0	5.972e+24	1.11287e+11	1.11811e+11	0	-20408.6	21728.2	0	-2.58314e+22	-2.40812e+22	0	6.39e+23	-4.88776e+10	-2.11518e+11	0	23562.7	-5505.77	0	3.73176e+20	1.60859e+21	0	1.898e+27	-7.6108e+11	-1.35929e+11	0	2446.51	-12820.2	0	4.09822e+23	7.78586e+22	0	5.683e+26	-1.1529e+12	-8.73098e+11	0	5818.47	-7532.19	0	2.84211e+22	2.17616e+22	0	8.681e+25	6.17607e+11	2.80538e+12	0	-6656.18	1451.29	0	-3.02588e+20	-1.37422e+21	0	1.024e+26	3.45991e+12	2.86413e+12	0	-3478.2	4180.21	0	-5.21942e+20	-4.30856e+20	0	7.342e+22	1.11216e+11	1.12184e+11	0	-21415.2	21530.8	0	-2.77767e+20	-4.97252e+20	0	
10	1.9891e+30	2.35206e+09	9.32401e+09	0	-3.8971	29.8777	0	-3.54147e+23	-8.9865e+22	0	3.285e+23	4.79327e+10	-2.72467e+10	0	29740.2	37439.6	0	-9.95898e+21	7.99302e+21	0	4.867e+24	1.10042e+11	7.28891e+09	0	661.972	35043.9	0	-5.56833e+22	1.05577e+21	0	5.972e+24	6.29889e+10	1.46101e+11	0	-27223.4	12103.7	0	-1.42326e+22	-3.22187e+22	0	6.39e+23	-9.46358e+08	-2.17432e+11	0	24186.1	-387.896	0	2.38747e+19	1.64926e+21	0	1.898e+27	-7.55757e+11	-1.61483e+11	0	2876.9	-12730.9	0	4.06976e+23	9.16112e+22	0	5.683e+26	-1.14116e+12	-8.88085e+11	0	5917.99	-7454.94	0	2.81383e+22	2.21374e+22	0	8.681e+25	6.04288e+11	2.80825e+12	0	-6663.08	1419.61	0	-2.96062e+20	-1.37572e+21	0	1.024e+26	3.45294e+12	2.87248e+12	0	-3488.38	4171.78	0	-5.20914e+20	-4.3213e+20	0	7.342e+22	6.32226e+10	1.46402e+11	0	-28045.9	12722.3	0	-2.99551e+20	-5.55053e+20	0	
10	1.9891e+30	2.3439e+09	9.38369e+09	0	-4.26027	29.8096	0	-3.7738e+23	-4.83401e+22	0	3.285e+23	3.5803e+10	5.7391e+10	0	-39001.4	27549.3	0	-7.28376e+21	-1.04471e+22	0	4.867e+24	8.9179e+10	7.29348e+10	0	-20788.8	28257.4	0	-4.50317e+22	-3.29518e+22	0	5.972e+24	5.20365e+09	1.58993e+11	0	-29783.4	597.499	0	-4.84293e+20	-3.5385e+22	0	6.39e+23	4.71342e+10	-2.13062e+11	0	23712.2	4740.11	0	-3.25317e+20	1.61514e+21	0	1.898e+27	-7.49575e+11	-1.86843e+11	0	3304.04	-12627.2	0	4.03668e+23	1.05261e+23	0	5.683e+26	-1.12923e+12	-9.02917e+11	0	6016.51	-7376.37	0	2.78508e+22	2.25095e+22	0	8.681e+25	5.90955e+11	2.81106e+12	0	-6669.82	1387.9	0	-2.89529e+20	-1.37718e+21	0	1.024e+26	3.44595e+12	2.88081e+12	0	-3498.55	4163.33	0	-5.19883e+20	-4.33402e+20	0	7.342e+22	5.58931e+09	1.59025e+11	0	-29868.3	1598.62	0	-2.04216e+20	-4.50994e+20	0	
10	1.9891e+30	2.33498e+09	9.44327e+09	0	-4.66772	29.766	0	-4.33965e+23	-4.75706e+22	0	3.285e+23	-4.75747e+10	4.11166e+10	0	-25480.6	-39762.4	0	1.05366e+22	-6.68907e+21	0	4.867e+24	3.26052e+10	1.12413e+11	0	-33769.8	9783.22	0	-1.58242e+22	-5.38125e+22	0	5.972e+24	-5.30277e+10	1.48486e+11	0	-27686.3	-10987.6	0	1.32401e+22	-3.30222e+22	0	6.39e+23	9.31863e+10	-1.98619e+11	0	22166.1	9646.48	0	-6.5868e+20	1.50826e+21	0	1.898e+27	-7.42543e+11	-2.11982e+11	0	3727.46	-12509.2	0	3.99901e+23	1.18792e+23	0	5.683e+26	-1.1171e+12	-9.1759e+11	0	6114.01	-7296.51	0	2.75586e+22	2.2878e+22	0	8.681e+25	5.77609e+11	2.81381e+12	0	-6676.42	1356.15	0	-2.82989e+20	-1.37861e+21	0	1.024e+26	3.43895e+12	2.88913e+12	0	-3508.69	4154.85	0	-5.18849e+20	-4.3467e+20	0	7.342e+22	-5.27461e+10	1.48228e+11	0	-26978.4	-10243.4	0	1.28151e+19	-2.70614e+20	0	
10	1.9891e+30	2.3252e+09	9.50274e+09	0	-5.12652	29.6999	0	-4.73197e+23	-8.75543e+22	0	3.285e+23	-2.7923e+10	-4.11286e+10	0	40793.4	-24012.7	0	6.43136e+21	1.07614e+22	0	4.867e+24	-3.64722e+10	1.09206e+11	0	-32804.1	-12905.7	0	2.04656e+22	-5.26077e+22	0	5.972e+24	-1.02603e+11	1.16237e+11	0	-21258.2	-20841.8	0	2.48027e+22	-2.5442e+22	0	6.39e+23	1.35131e+11	-1.7477e+11	0	19620.9	14110.9	0	-9.61404e+20	1.33386e+21	0	1.898e+27	-7.34668e+11	-2.3687e+11	0	4146.67	-12376.9	0	3.9568e+23	1.32189e+23	0	5.683e+26	-1.10477e+12	-9.32102e+11	0	6210.48	-7215.35	0	2.72617e+22	2.32427e+22	0	8.681e+25	5.6425e+11	2.81649e+12	0	-6682.86	1324.38	0	-2.76442e+20	-1.38001e+21	0	1.024e+26	3.43192e+12	2.89743e+12	0	-3518.81	4146.35	0	-5.17812e+20	-4.35937e+20	0	7.342e+22	-1.02612e+11	1.15858e+11	0	-20228.6	-20870.2	0	3.11625e+20	-1.07446e+20	0	
10	1.9891e+30	2.31446e+09	9.56203e+09	0	-5.61005	29.5891	0	-4.86386e+23	-1.31369e+23	0	3.285e+23	5.39417e+10	-1.77232e+10	0	22203.5	42389.8	0	-1.13062e+22	5.97771e+21	0	4.867e+24	-8.92889e+10	6.43268e+10	0	-18066.5	-30350.9	0	4.86826e+22	-2.91109e+22	0	5.972e+24	-1.35778e+11	6.73031e+10	0	-11503.7	-27431.6	0	3.24882e+22	-1.3788e+22	0	6.39e+23	1.71081e+11	-1.42602e+11	0	16193.7	17934.1	0	-1.2202e+21	1.1001e+21	0	1.898e+27	-7.25959e+11	-2.6148e+11	0	4561.19	-12230.6	0	3.91008e+23	1.45437e+23	0	5.683e+26	-1.09226e+12	-9.4645e+11	0	6305.89	-7132.92	0	2.69602e+22	2.36035e+22	0	8.681e+25	5.50878e+11	2.8191e+12	0	-6689.16	1292.57	0	-2.69888e+20	-1.38138e+21	0	1.024e+26	3.42487e+12	2.90572e+12	0	-3528.92	4137.82	0	-5.16772e+20	-4.37201e+20	0	7.342e+22	-1.36064e+11	6.70602e+10	0	-10848	-28237.3	0	5.59372e+20	-3.2028e+19	0	
10	1.9891e+30	2.30275e+09	9.62107e+09	0	-6.10459	29.4355	0	-4.97342e+23	-1.76967e+23	0	3.285e+23	2.61691e+10	6.3124e+10	0	-43417.2	19734.9	0	-5.17817e+21	-1.16031e+22	0	4.867e+24	-1.03533e+11	-3.58634e+09	0	4349.63	-35067.6	0	5.63581e+22	7.02911e+21	0	5.972e+24	-1.47377e+11	9.34315e+09	0	50.7324	-29734.4	0	3.51757e+22	1.04597e+20	0	6.39e+23	1.9942e+11	-1.03574e+11	0	12040.3	20946.3	0	-1.42382e+21	8.17592e+20	0	1.898e+27	-7.16426e+11	-2.85783e+11	0	4970.56	-12070.5	0	3.85892e+23	1.58521e+23	0	5.683e+26	-1.07955e+12	-9.60633e+11	0	6400.23	-7049.22	0	2.66541e+22	2.39605e+22	0	8.681e+25	5.37493e+11	2.82166e+12	0	-6695.3	1260.73	0	-2.63327e+20	-1.38272e+21	0	1.024e+26	3.4178e+12	2.91398e+12	0	-3539	4129.27	0	-5.15728e+20	-4.38462e+20	0	7.342e+22	-1.4774e+11	9.4147e+09	0	-142.53	-30776.4	0	6.42763e+20	-4.09325e+19	0	
10	1.9891e+30	2.29004e+09	9.67974e+09	0	-6.60382	29.2252	0	-4.88916e+23	-2.43816e+23	0	3.285e+23	-5.26366e+10	3.1624e+10	0	-17648.6	-43770.6	0	1.15747e+22	-4.62655e+21	0	4.867e+24	-7.31458e+10	-6.59361e+10	0	24906.4	-25001.7	0	3.99999e+22	4.00914e+22	0	5.972e+24	-1.3559e+11	-4.85737e+10	0	11594.6	-27393.6	0	3.24984e+22	1.39469e+22	0	6.39e+23	2.18881e+11	-5.94472e+10	0	7347.69	23014.2	0	-1.56349e+21	4.98981e+20	0	1.898e+27	-7.06081e+11	-3.09753e+11	0	5374.3	-11896.6	0	3.80337e+23	1.71425e+23	0	5.683e+26	-1.06666e+12	-9.74646e+11	0	6493.49	-6964.28	0	2.63434e+22	2.43135e+22	0	8.681e+25	5.24097e+11	2.82415e+12	0	-6701.29	1228.86	0	-2.5676e+20	-1.38403e+21	0	1.024e+26	3.41071e+12	2.92223e+12	0	-3549.06	4120.7	0	-5.14682e+20	-4.39721e+20	0	7.342e+22	-1.35772e+11	-4.824e+10	0	10708.4	-27904.3	0	4.97974e+20	-9.30863e+18	0	
10	1.9891e+30	2.27636e+09	9.73792e+09	0	-7.07153	28.9485	0	-4.34342e+23	-3.00434e+23	0	3.285e+23	-1.80305e+10	-4.55594e+10	0	44606	-16021.8	0	4.33387e+21	1.17958e+22	0	4.867e+24	-1.10501e+10	-9.65479e+10	0	34911.4	-4524.44	0	7.00764e+21	5.58708e+22	0	5.972e+24	-1.02258e+11	-9.73857e+10	0	21320.9	-20769.6	0	2.47788e+22	2.55147e+22	0	6.39e+23	2.28591e+11	-1.22083e+10	0	2326.21	24046.7	0	-1.63322e+21	1.58369e+20	0	1.898e+27	-6.94933e+11	-3.33361e+11	0	5771.96	-11709.2	0	3.74349e+23	1.84134e+23	0	5.683e+26	-1.05358e+12	-9.88489e+11	0	6585.65	-6878.09	0	2.60283e+22	2.46624e+22	0	8.681e+25	5.10688e+11	2.82657e+12	0	-6707.13	1196.95	0	-2.50187e+20	-1.38531e+21	0	1.024e+26	3.40361e+12	2.93047e+12	0	-3559.1	4112.09	0	-5.13632e+20	-4.40977e+20	0	7.342e+22	-1.02136e+11	-9.7023e+10	0	20350.5	-20444.3	0	2.415e+20	1.23327e+20	0	
10	1.9891e+30	2.2618e+09	9.79551e+09	0	-7.47152	28.6394	0	-3.63824e+23	-3.04964e+23	0	3.285e+23	5.80876e+10	-7.2278e+09	0	13856.2	45830.3	0	-1.22452e+22	3.73613e+21	0	4.867e+24	5.66425e+10	-8.28789e+10	0	30345.1	17665.6	0	-2.83192e+22	4.82659e+22	0	5.972e+24	-5.25895e+10	-1.29453e+11	0	27709.6	-10890.7	0	1.31525e+22	3.30091e+22	0	6.39e+23	2.28115e+11	3.6018e+10	0	-2799.75	23998.2	0	-1.63002e+21	-1.89248e+20	0	1.898e+27	-6.82997e+11	-3.56581e+11	0	6163.08	-11508.6	0	3.67935e+23	1.96635e+23	0	5.683e+26	-1.04031e+12	-1.00216e+12	0	6676.69	-6790.69	0	2.57087e+22	2.50072e+22	0	8.681e+25	4.97268e+11	2.82893e+12	0	-6712.82	1165.02	0	-2.43607e+20	-1.38655e+21	0	1.024e+26	3.39648e+12	2.93868e+12	0	-3569.13	4103.47	0	-5.12579e+20	-4.42231e+20	0	7.342e+22	-5.22359e+10	-1.29299e+11	0	27296.7	-9965.56	0	-2.12383e+19	3.28318e+20	0	
10	1.9891e+30	2.24651e+09	9.85249e+09	0	-7.81607	28.3467	0	-3.28881e+23	-2.76494e+23	0	3.285e+23	1.56752e+10	6.69535e+10	0	-46280.4	11251.3	0	-2.90348e+21	-1.2337e+22	0	4.867e+24	1.01904e+11	-3.0909e+10	0	13314.6	32429	0	-5.15832e+22	2.11014e+22	0	5.972e+24	5.65513e+09	-1.3975e+11	0	29763.7	703.951	0	-6.23865e+20	3.53167e+22	0	6.39e+23	2.17474e+11	8.30638e+10	0	-7801.27	22870.6	0	-1.554e+21	-5.28589e+20	0	1.898e+27	-6.70285e+11	-3.79387e+11	0	6547.22	-11294.9	0	3.61102e+23	2.08913e+23	0	5.683e+26	-1.02687e+12	-1.01565e+12	0	6766.59	-6702.09	0	2.53848e+22	2.53478e+22	0	8.681e+25	4.83837e+11	2.83123e+12	0	-6718.35	1133.07	0	-2.37021e+20	-1.38777e+21	0	1.024e+26	3.38933e+12	2.94688e+12	0	-3579.13	4094.82	0	-5.11523e+20	-4.43482e+20	0	7.342e+22	6.00798e+09	-1.39901e+11	0	30184.2	1627.55	0	-1.93515e+20	5.12448e+20	0	
10	1.9891e+30	2.23055e+09	9.90891e+09	0	-8.14198	28.0786	0	-3.20527e+23	-2.59827e+23	0	3.285e+23	-5.582e+10	2.13678e+10	0	-9220.8	-46265.3	0	1.22194e+22	-2.41414e+21	0	4.867e+24	1.0624e+11	3.78173e+10	0	-9130.01	33846.6	0	-5.38121e+22	-1.44357e+22	0	5.972e+24	6.33675e+10	-1.26653e+11	0	27164.3	12202.3	0	-1.44077e+22	3.21244e+22	0	6.39e+23	1.97141e+11	1.26813e+11	0	-12454.7	20713.5	0	-1.40838e+21	-8.4469e+20	0	1.898e+27	-6.56813e+11	-4.01752e+11	0	6923.95	-11068.4	0	3.53859e+23	2.20954e+23	0	5.683e+26	-1.01325e+12	-1.02897e+12	0	6855.35	-6612.29	0	2.50564e+22	2.5684e+22	0	8.681e+25	4.70395e+11	2.83347e+12	0	-6723.74	1101.08	0	-2.30429e+20	-1.38895e+21	0	1.024e+26	3.38216e+12	2.95506e+12	0	-3589.11	4086.15	0	-5.10464e+20	-4.44731e+20	0	7.342e+22	6.34808e+10	-1.27011e+11	0	28163.5	12506.9	0	-2.39406e+20	5.93339e+20	0	
10	1.9891e+30	2.21394e+09	9.96481e+09	0	-8.45953	27.8223	0	-3.10723e+23	-2.48444e+23	0	3.285e+23	-7.44351e+09	-4.80698e+10	0	46873.8	-7440.59	0	2.0701e+21	1.24278e+22	0	4.867e+24	6.78789e+10	9.50741e+10	0	-27874.4	21353.9	0	-3.41587e+22	-4.42673e+22	0	5.972e+24	1.11516e+11	-9.21964e+10	0	20319.6	21801.7	0	-2.59843e+22	2.4011e+22	0	6.39e+23	1.68026e+11	1.65293e+11	0	-16551.2	17621.9	0	-1.1994e+21	-1.12351e+21	0	1.898e+27	-6.42595e+11	-4.23652e+11	0	7292.83	-10829.3	0	3.46214e+23	2.32743e+23	0	5.683e+26	-9.99449e+11	-1.0421e+12	0	6942.95	-6521.31	0	2.47237e+22	2.60159e+22	0	8.681e+25	4.56942e+11	2.83564e+12	0	-6728.97	1069.07	0	-2.23831e+20	-1.3901e+21	0	1.024e+26	3.37497e+12	2.96323e+12	0	-3599.07	4077.45	0	-5.09402e+20	-4.45977e+20	0	7.342e+22	1.11317e+11	-9.25168e+10	0	21194.3	21254.5	0	-2.0845e+20	4.72536e+20	0	
10	1.9891e+30	2.19671e+09	1.00202e+10	0	-8.77117	27.5838	0	-3.1438e+23	-2.24933e+23	0	3.285e+23	6.02188e+10	3.86908e+09	0	5001.95	47631.9	0	-1.27381e+22	1.35248e+21	0	4.867e+24	2.45274e+09	1.17193e+11	0	-35204.7	-60.526	0	-1.3873e+20	-5.6252e+22	0	5.972e+24	1.42558e+11	-4.17566e+10	0	10297.6	27992.6	0	-3.34416e+22	1.22274e+22	0	6.39e+23	1.31431e+11	1.96767e+11	0	-19905.8	13732.5	0	-9.36054e+20	-1.35252e+21	0	1.898e+27	-6.27647e+11	-4.45061e+11	0	7653.45	-10578	0	3.38174e+23	2.44268e+23	0	5.683e+26	-9.85477e+11	-1.05505e+12	0	7029.37	-6429.18	0	2.43867e+22	2.63434e+22	0	8.681e+25	4.43479e+11	2.83774e+12	0	-6734.05	1037.03	0	-2.17227e+20	-1.39122e+21	0	1.024e+26	3.36777e+12	2.97137e+12	0	-3609.01	4068.72	0	-5.08337e+20	-4.47221e+20	0	7.342e+22	1.42191e+11	-4.18135e+10	0	10451.4	26951.6	0	-2.01164e+20	1.84069e+20	0	
10	1.9891e+30	2.17885e+09	1.00752e+10	0	-9.10366	27.3638	0	-3.50614e+23	-2.19752e+23	0	3.285e+23	4.69411e+09	6.87574e+10	0	-47501.2	2404.42	0	-5.4342e+20	-1.2629e+22	0	4.867e+24	-6.30348e+10	9.47183e+10	0	-27891	-21624.7	0	3.45344e+22	-4.48313e+22	0	5.972e+24	1.5163e+11	1.67855e+10	0	-1337.72	29800.3	0	-3.55407e+22	-1.44858e+21	0	6.39e+23	8.89995e+10	2.19805e+11	0	-22365.8	9218.33	0	-6.29817e+20	-1.52125e+21	0	1.898e+27	-6.11987e+11	-4.65956e+11	0	8005.39	-10314.7	0	3.2975e+23	2.55516e+23	0	5.683e+26	-9.71333e+11	-1.06782e+12	0	7114.59	-6335.9	0	2.40455e+22	2.66663e+22	0	8.681e+25	4.30006e+11	2.83979e+12	0	-6738.98	1004.96	0	-2.10617e+20	-1.39231e+21	0	1.024e+26	3.36054e+12	2.9795e+12	0	-3618.92	4059.98	0	-5.07269e+20	-4.48462e+20	0	7.342e+22	1.51352e+11	1.70399e+10	0	-2016.07	29015.3	0	-2.84478e+20	-1.59832e+20	0	
10	1.9891e+30	2.16027e+09	1.01297e+10	0	-9.47337	27.1255	0	-3.78689e+23	-2.60315e+23	0	3.285e+23	-5.70165e+10	1.07082e+10	0	-482.21	-47164.5	0	1.24511e+22	-1.23749e+20	0	4.867e+24	-1.01132e+11	3.67506e+10	0	-8795.93	-34226.5	0	5.49874e+22	-1.41767e+22	0	5.972e+24	1.37308e+11	7.42787e+10	0	-12770.1	26943.2	0	-3.20031e+22	-1.49921e+22	0	6.39e+23	4.26408e+10	2.33357e+11	0	-23817.5	4281.05	0	-2.9418e+20	-1.62178e+21	0	1.898e+27	-5.95631e+11	-4.86312e+11	0	8348.26	-10039.6	0	3.20951e+23	2.66473e+23	0	5.683e+26	-9.57019e+11	-1.08039e+12	0	7198.61	-6241.49	0	2.37001e+22	2.69846e+22	0	8.681e+25	4.16523e+11	2.84176e+12	0	-6743.76	972.873	0	-2.04003e+20	-1.39337e+21	0	1.024e+26	3.35329e+12	2.98761e+12	0	-3628.82	4051.21	0	-5.06197e+20	-4.497e+20	0	7.342e+22	1.37309e+11	7.46637e+10	0	-13781.9	26940.8	0	-3.9289e+20	-3.84702e+20	0	
10	1.9891e+30	2.14095e+09	1.01836e+10	0	-9.84946	26.8374	0	-3.62344e+23	-3.09488e+23	0	3.285e+23	3.46982e+09	-4.85564e+10	0	47505.4	1435.83	0	-2.83739e+20	1.26292e+22	0	4.867e+24	-9.56779e+10	-3.24306e+10	0	14043.2	-32412.5	0	5.20308e+22	2.26623e+22	0	5.972e+24	1.01832e+11	1.21734e+11	0	-22210	19874.3	0	-2.34587e+22	-2.62772e+22	0	6.39e+23	-5.55154e+09	2.36794e+11	0	-24192.1	-857.233	0	5.58882e+19	-1.64914e+21	0	1.898e+27	-5.786e+11	-5.06106e+11	0	8681.66	-9753.17	0	3.11788e+23	2.77127e+23	0	5.683e+26	-9.42539e+11	-1.09278e+12	0	7281.4	-6145.97	0	2.33504e+22	2.72983e+22	0	8.681e+25	4.03031e+11	2.84368e+12	0	-6748.38	940.759	0	-1.97382e+20	-1.39439e+21	0	1.024e+26	3.34602e+12	2.99571e+12	0	-3638.7	4042.41	0	-5.05122e+20	-4.50936e+20	0	7.342e+22	1.02116e+11	1.21993e+11	0	-22901.2	20627	0	-4.35355e+20	-4.56767e+20	0	
10	1.9891e+30	2.1209e+09	1.0237e+10	0	-10.1956	26.5149	0	-3.27576e+23	-3.26264e+23	0	3.285e+23	6.02566e+10	1.51777e+10	0	-4035.84	47725.8	0	-1.27647e+22	-1.08275e+21	0	4.867e+24	-4.90095e+10	-8.36782e+10	0	30897	-16976.7	0	2.70209e+22	4.96247e+22	0	5.972e+24	5.07582e+10	1.51735e+11	0	-28178.6	9706.45	0	-1.13172e+22	-3.35063e+22	0	6.39e+23	-5.33946e+10	2.29948e+11	0	-23469	-5963.93	0	4.04575e+20	-1.6016e+21	0	1.898e+27	-5.60911e+11	-5.25317e+11	0	9005.22	-9455.68	0	3.0227e+23	2.87465e+23	0	5.683e+26	-9.27894e+11	-1.10498e+12	0	7362.96	-6049.36	0	2.29966e+22	2.76072e+22	0	8.681e+25	3.8953e+11	2.84553e+12	0	-6752.85	908.623	0	-1.90757e+20	-1.39538e+21	0	1.024e+26	3.33874e+12	3.00378e+12	0	-3648.55	4033.59	0	-5.04045e+20	-4.52169e+20	0	7.342e+22	5.11423e+10	1.51703e+11	0	-28086.8	10711.6	0	-3.3868e+20	-3.94623e+20	0	
10	1.9891e+30	2.10018e+09	1.02897e+10	0	-10.515	26.186	0	-3.10414e+23	-3.29262e+23	0	3.285e+23	-6.38708e+09	6.84881e+10	0	-47049.8	-6491.16	0	1.81725e+21	-1.24756e+22	0	4.867e+24	1.91026e+10	-9.56233e+10	0	34736.5	5429.5	0	-8.89743e+21	5.54408e+22	0	5.972e+24	-7.92346e+09	1.59599e+11	0	-29739.2	-1966.41	0	2.49468e+21	-3.54885e+22	0	6.39e+23	-9.87139e+10	2.13114e+11	0	-21677.5	-10806.4	0	7.35925e+20	-1.48085e+21	0	1.898e+27	-5.42586e+11	-5.43922e+11	0	9318.57	-9147.46	0	2.92408e+23	2.97476e+23	0	5.683e+26	-9.13088e+11	-1.11698e+12	0	7443.26	-5951.66	0	2.26387e+22	2.79113e+22	0	8.681e+25	3.7602e+11	2.84731e+12	0	-6757.17	876.463	0	-1.84127e+20	-1.39635e+21	0	1.024e+26	3.33143e+12	3.01184e+12	0	-3658.39	4024.75	0	-5.02964e+20	-4.534e+20	0	7.342e+22	-7.69537e+09	1.593e+11	0	-28895.1	-1358.02	0	-9.67471e+19	-2.71565e+20	0	
10	1.9891e+30	2.07885e+09	1.03417e+10	0	-10.8195	25.8492	0	-2.92626e+23	-3.40744e+23	0	3.285e+23	-5.61884e+10	1.99844e+07	0	8271.93	-46439.8	0	1.22634e+22	2.17033e+21	0	4.867e+24	8.02016e+10	-6.36035e+10	0	24180.8	25411.1	0	-4.05513e+22	3.83864e+22	0	5.972e+24	-6.5037e+10	1.44111e+11	0	-26645.4	-13319.5	0	1.58212e+22	-3.18413e+22	0	6.39e+23	-1.39443e+11	1.87046e+11	0	-18896.3	-15162.5	0	1.03459e+21	-1.292e+21	0	1.898e+27	-5.23644e+11	-5.619e+11	0	9621.35	-8828.87	0	2.82215e+23	3.07149e+23	0	5.683e+26	-8.98122e+11	-1.12878e+12	0	7522.29	-5852.91	0	2.22767e+22	2.82105e+22	0	8.681e+25	3.62501e+11	2.84903e+12	0	-6761.34	844.283	0	-1.77491e+20	-1.39728e+21	0	1.024e+26	3.3241e+12	3.01988e+12	0	-3668.2	4015.88	0	-5.0188e+20	-4.54628e+20	0	7.342e+22	-6.51252e+10	1.43748e+11	0	-25627.3	-13559.6	0	2.46052e+20	-1.86526e+20	0	
10	1.9891e+30	2.05692e+09	1.03931e+10	0	-11.099	25.506	0	-2.63423e+23	-3.37123e+23	0	3.285e+23	1.43252e+10	-4.69872e+10	0	46466.5	10297.8	0	-2.64626e+21	1.23864e+22	0	4.867e+24	1.09149e+11	-1.11026e+09	0	3746.41	34844.3	0	-5.5376e+22	5.95118e+21	0	5.972e+24	-1.1166e+11	1.07707e+11	0	-19382.5	-22584.6	0	2.67038e+22	-2.31076e+22	0	6.39e+23	-1.73721e+11	1.52922e+11	0	-15249.9	-18831.5	0	1.28657e+21	-1.04342e+21	0	1.898e+27	-5.04108e+11	-5.79231e+11	0	9913.22	-8500.27	0	2.71701e+23	3.16472e+23	0	5.683e+26	-8.83e+11	-1.14039e+12	0	7600.05	-5753.11	0	2.19105e+22	2.85048e+22	0	8.681e+25	3.48974e+11	2.85069e+12	0	-6765.35	812.08	0	-1.70851e+20	-1.39818e+21	0	1.024e+26	3.31676e+12	3.0279e+12	0	-3677.99	4006.99	0	-5.00793e+20	-4.55854e+20	0	7.342e+22	-1.11994e+11	1.07534e+11	0	-18909.6	-23505.4	0	5.14115e+20	-1.86606e+20	0	
10	1.9891e+30	2.03446e+09	1.04438e+10	0	-11.3571	25.1806	0	-2.57286e+23	-3.08379e+23	0	3.285e+23	5.8197e+10	2.63004e+10	0	-12927.1	46108	0	-1.23238e+22	-3.47726e+21	0	4.867e+24	9.41522e+10	6.61068e+10	0	-18214.2	29973.9	0	-4.77396e+22	-2.88432e+22	0	5.972e+24	-1.40512e+11	5.6091e+10	0	-9090.85	-28320.2	0	3.35084e+22	-1.07142e+22	0	6.39e+23	-1.99975e+11	1.12292e+11	0	-10903.9	-21643.3	0	1.47993e+21	-7.46362e+20	0	1.898e+27	-4.83999e+11	-5.95895e+11	0	10193.8	-8162.04	0	2.6088e+23	3.25435e+23	0	5.683e+26	-8.67723e+11	-1.15179e+12	0	7676.51	-5652.28	0	2.15404e+22	2.87941e+22	0	8.681e+25	3.3544e+11	2.85228e+12	0	-6769.21	779.858	0	-1.64206e+20	-1.39904e+21	0	1.024e+26	3.30939e+12	3.03591e+12	0	-3687.76	3998.07	0	-4.99703e+20	-4.57077e+20	0	7.342e+22	-1.40857e+11	5.62356e+10	0	-9480.98	-29292.4	0	6.04694e+20	-2.12882e+20	0	
10	1.9891e+30	2.01148e+09	1.04938e+10	0	-11.6308	24.8787	0	-2.91145e+23	-2.99924e+23	0	3.285e+23	-1.71813e+10	6.61692e+10	0	-44953.8	-15124	0	4.0961e+21	-1.18885e+22	0	4.867e+24	4.12915e+10	1.10416e+11	0	-32767.6	12728.1	0	-2.051e+22	-5.21634e+22	0	5.972e+24	-1.47092e+11	-2.65828e+09	0	2615.62	-29632.5	0	3.51862e+22	3.29476e+21	0	6.39e+23	-2.17001e+11	6.70078e+10	0	-6056.71	-23467.1	0	1.60547e+21	-4.14497e+20	0	1.898e+27	-4.6334e+11	-6.11873e+11	0	10462.9	-7814.55	0	2.49763e+23	3.34027e+23	0	5.683e+26	-8.52294e+11	-1.163e+12	0	7751.66	-5550.45	0	2.11663e+22	2.90783e+22	0	8.681e+25	3.21898e+11	2.85381e+12	0	-6772.91	747.616	0	-1.57557e+20	-1.39988e+21	0	1.024e+26	3.302e+12	3.0439e+12	0	-3697.51	3989.14	0	-4.9861e+20	-4.58297e+20	0	7.342e+22	-1.47211e+11	-2.29314e+09	0	1659.92	-29967.2	0	4.94491e+20	-1.51384e+20	0	
10	1.9891e+30	1.98792e+09	1.05433e+10	0	-11.9403	24.5615	0	-3.1919e+23	-3.36609e+23	0	3.285e+23	-5.33647e+10	-1.03224e+10	0	16746.2	-44115.2	0	1.16619e+22	4.39389e+21	0	4.867e+24	-2.7792e+10	1.13341e+11	0	-33818.6	-9940.83	0	1.56915e+22	-5.41817e+22	0	5.972e+24	-1.30374e+11	-5.9351e+10	0	13906	-26312.1	0	3.13847e+22	1.66935e+22	0	6.39e+23	-2.24015e+11	1.91397e+10	0	-931.124	-24217.6	0	1.65715e+21	-6.32552e+19	0	1.898e+27	-4.42155e+11	-6.27147e+11	0	10720.1	-7458.21	0	2.38363e+23	3.42239e+23	0	5.683e+26	-8.36717e+11	-1.17399e+12	0	7825.48	-5447.62	0	2.07881e+22	2.93575e+22	0	8.681e+25	3.08348e+11	2.85527e+12	0	-6776.47	715.355	0	-1.50904e+20	-1.40068e+21	0	1.024e+26	3.2946e+12	3.05186e+12	0	-3707.24	3980.17	0	-4.97514e+20	-4.59515e+20	0	7.342e+22	-1.30189e+11	-5.90128e+10	0	13017.7	-25818.6	0	2.92198e+20	3.01979e+19	0	
10	1.9891e+30	1.96371e+09	1.0592e+10	0	-12.2601	24.1982	0	-3.11749e+23	-3.84185e+23	0	3.285e+23	2.47382e+10	-4.34033e+10	0	43780.5	18831.1	0	-4.93323e+21	1.17011e+22	0	4.867e+24	-8.43948e+10	7.334e+10	0	-20702.8	-28620.6	0	4.58677e+22	-3.33334e+22	0	5.972e+24	-9.29705e+10	-1.0512e+11	0	23017.3	-18871.9	0	2.26401e+22	2.74046e+22	0	6.39e+23	-2.20696e+11	-2.91227e+10	0	4236.9	-23859.9	0	1.63248e+21	2.90951e+20	0	1.898e+27	-4.20467e+11	-6.417e+11	0	10965.2	-7093.42	0	2.26693e+23	3.50061e+23	0	5.683e+26	-8.20993e+11	-1.18479e+12	0	7897.97	-5343.82	0	2.04061e+22	2.96316e+22	0	8.681e+25	2.94792e+11	2.85667e+12	0	-6779.87	683.076	0	-1.44246e+20	-1.40145e+21	0	1.024e+26	3.28718e+12	3.05982e+12	0	-3716.94	3971.19	0	-4.96415e+20	-4.6073e+20	0	7.342e+22	-9.25975e+10	-1.05029e+11	0	22776.9	-17881.9	0	8.3732e+19	2.91131e+20	0	
10	1.9891e+30	1.93889e+09	1.064e+10	0	-12.563	23.7948	0	-2.91238e+23	-4.16713e+23	0	3.285e+23	5.41138e+10	3.6844e+10	0	-21346	42839.5	0	-1.14331e+22	-5.73976e+21	0	4.867e+24	-1.04649e+11	6.9603e+09	0	1198.66	-35323.1	0	5.67685e+22	1.95483e+21	0	5.972e+24	-4.07273e+10	-1.32803e+11	0	28528.9	-8470.15	0	1.02615e+22	3.38158e+22	0	6.39e+23	-2.07197e+11	-7.55707e+10	0	9209.24	-22410.5	0	1.53262e+21	6.31554e+20	0	1.898e+27	-3.98302e+11	-6.55515e+11	0	11197.8	-6720.6	0	2.14767e+23	3.57485e+23	0	5.683e+26	-8.05126e+11	-1.19537e+12	0	7969.11	-5239.06	0	2.00202e+22	2.99006e+22	0	8.681e+25	2.81229e+11	2.858e+12	0	-6783.11	650.78	0	-1.37584e+20	-1.40219e+21	0	1.024e+26	3.27973e+12	3.06775e+12	0	-3726.63	3962.17	0	-4.95312e+20	-4.61943e+20	0	7.342e+22	-4.04104e+10	-1.33012e+11	0	29116.8	-7630.8	0	-4.62364e+19	5.287e+20	0	
10	1.9891e+30	1.91348e+09	1.06872e+10	0	-12.8458	23.3579	0	-2.68733e+23	-4.54855e+23	0	3.285e+23	-2.73145e+10	6.18957e+10	0	-41299.8	-23196.7	0	6.21619e+21	-1.08952e+22	0	4.867e+24	-7.99475e+10	-5.78705e+10	0	22581.2	-27132.8	0	4.34475e+22	3.6381e+22	0	5.972e+24	1.81876e+10	-1.38061e+11	0	29582.3	3268.33	0	-3.82864e+21	3.49835e+22	0	6.39e+23	-1.84141e+11	-1.18081e+11	0	13757.2	-19937.2	0	1.36237e+21	9.42665e+20	0	1.898e+27	-3.75685e+11	-6.68577e+11	0	11417.7	-6340.17	0	2.02599e+23	3.64502e+23	0	5.683e+26	-7.89118e+11	-1.20574e+12	0	8038.88	-5133.37	0	1.96304e+22	3.01643e+22	0	8.681e+25	2.6766e+11	2.85927e+12	0	-6786.21	618.467	0	-1.30918e+20	-1.4029e+21	0	1.024e+26	3.27227e+12	3.07566e+12	0	-3736.29	3953.14	0	-4.94207e+20	-4.63153e+20	0	7.342e+22	1.82259e+10	-1.38429e+11	0	30636.8	3370.83	0	-6.9107e+19	6.43085e+20	0	
10	1.9891e+30	1.88753e+09	1.07334e+10	0	-13.0924	22.8793	0	-2.15158e+23	-4.93754e+23	0	3.285e+23	-4.86432e+10	-1.99579e+10	0	24654.6	-40266.2	0	1.06646e+22	6.47505e+21	0	4.867e+24	-2.08125e+10	-9.3904e+10	0	34378.8	-7613.68	0	1.19515e+22	5.5075e+22	0	5.972e+24	7.45562e+10	-1.20059e+11	0	26014.3	14503.5	0	-1.73451e+22	3.08087e+22	0	6.39e+23	-1.5259e+11	-1.54712e+11	0	17672.3	-16555.4	0	1.12987e+21	1.20988e+21	0	1.898e+27	-3.5264e+11	-6.80871e+11	0	11624.7	-5952.57	0	1.90202e+23	3.71104e+23	0	5.683e+26	-7.72971e+11	-1.2159e+12	0	8107.27	-5026.75	0	1.92368e+22	3.04229e+22	0	8.681e+25	2.54084e+11	2.86048e+12	0	-6789.15	586.138	0	-1.24249e+20	-1.40358e+21	0	1.024e+26	3.26479e+12	3.08356e+12	0	-3745.93	3944.08	0	-4.93098e+20	-4.6436e+20	0	7.342e+22	7.42906e+10	-1.20326e+11	0	26758.1	13784	0	-6.40771e+19	5.26876e+20	0	
10	1.9891e+30	1.86115e+09	1.07787e+10	0	-13.2697	22.3794	0	-1.37436e+23	-4.90852e+23	0	3.285e+23	3.43357e+10	-3.79186e+10	0	39530.1	26728.5	0	-7.0604e+21	1.05911e+22	0	4.867e+24	4.78362e+10	-8.62952e+10	0	31792.5	14911.4	0	-2.39679e+22	5.06138e+22	0	5.972e+24	1.19554e+11	-8.15998e+10	0	18377.7	23471.3	0	-2.80643e+22	2.18791e+22	0	6.39e+23	-1.13993e+11	-1.83799e+11	0	20776.3	-12422.1	0	8.46174e+20	1.42101e+21	0	1.898e+27	-3.29195e+11	-6.92383e+11	0	11818.5	-5558.23	0	1.77591e+23	3.77283e+23	0	5.683e+26	-7.5669e+11	-1.22585e+12	0	8174.27	-4919.24	0	1.88395e+22	3.06762e+22	0	8.681e+25	2.40503e+11	2.86162e+12	0	-6791.93	553.794	0	-1.17576e+20	-1.40422e+21	0	1.024e+26	3.25729e+12	3.09144e+12	0	-3755.55	3935	0	-4.91987e+20	-4.65565e+20	0	7.342e+22	1.19177e+11	-8.15775e+10	0	18318.8	22436.7	0	-1.38639e+20	2.58203e+20	0	
10	1.9891e+30	1.8345e+09	1.0823e+10	0	-13.379	21.9089	0	-8.88824e+22	-4.40896e+23	0	3.285e+23	4.81534e+10	4.64355e+10	0	-28985.9	38043.8	0	-1.01287e+22	-7.78495e+21	0	4.867e+24	9.75102e+10	-3.85283e+10	0	16119.8	31125.4	0	-4.95449e+22	2.55595e+22	0	5.972e+24	1.46132e+11	-2.86866e+10	0	7861.09	28764.8	0	-3.42851e+22	9.5143e+21	0	6.39e+23	-7.01191e+10	-2.04026e+11	0	22929.5	-7728.6	0	5.2466e+20	1.56659e+21	0	1.898e+27	-3.05375e+11	-7.031e+11	0	11998.9	-5157.6	0	1.6478e+23	3.83033e+23	0	5.683e+26	-7.40275e+11	-1.23558e+12	0	8239.87	-4810.85	0	1.84385e+22	3.09243e+22	0	8.681e+25	2.26917e+11	2.86269e+12	0	-6794.56	521.435	0	-1.10899e+20	-1.40483e+21	0	1.024e+26	3.24976e+12	3.0993e+12	0	-3765.15	3925.9	0	-4.90872e+20	-4.66767e+20	0	7.342e+22	1.45902e+11	-2.83827e+10	0	7059.02	28125.9	0	-3.00377e+20	-4.54369e+19	0	
10	1.9891e+30	1.80765e+09	1.08664e+10	0	-13.465	21.4907	0	-8.7103e+22	-3.95409e+23	0	3.285e+23	-3.64381e+10	5.58271e+10	0	-36224.6	-30435.2	0	8.10819e+21	-9.53496e+21	0	4.867e+24	1.0788e+11	2.95346e+10	0	-6113.77	34509	0	-5.48564e+22	-9.65173e+21	0	5.972e+24	1.50126e+11	3.04108e+10	0	-3894.51	29556.6	0	-3.50889e+22	-4.43477e+21	0	6.39e+23	-2.2973e+10	-2.14483e+11	0	24036.7	-2690.62	0	1.8032e+20	1.64035e+21	0	1.898e+27	-2.81208e+11	-7.13009e+11	0	12165.7	-4751.15	0	1.51784e+23	3.88347e+23	0	5.683e+26	-7.23731e+11	-1.24509e+12	0	8304.05	-4701.59	0	1.80339e+22	3.11671e+22	0	8.681e+25	2.13325e+11	2.8637e+12	0	-6797.04	489.063	0	-1.04219e+20	-1.40541e+21	0	1.024e+26	3.24222e+12	3.10714e+12	0	-3774.73	3916.77	0	-4.89755e+20	-4.67966e+20	0	7.342e+22	1.50192e+11	3.07919e+10	0	-4885.07	29732.4	0	-4.64351e+20	-2.50628e+20	0	
10	1.9891e+30	1.78063e+09	1.0909e+10	0	-13.5573	21.1053	0	-9.59373e+22	-3.73574e+23	0	3.285e+23	-4.21843e+10	-2.85489e+10	0	31727.5	-35018	0	9.30118e+21	8.34492e+21	0	4.867e+24	7.47211e+10	8.99277e+10	0	-25874.2	23719.5	0	-3.78985e+22	-4.10525e+22	0	5.972e+24	1.30905e+11	8.64509e+10	0	-15048.7	25727.1	0	-3.04091e+22	-1.77796e+22	0	6.39e+23	2.5298e+10	-2.14711e+11	0	24050.9	2461.63	0	-1.70996e+20	1.63943e+21	0	1.898e+27	-2.56722e+11	-7.221e+11	0	12318.7	-4339.32	0	1.38618e+23	3.9322e+23	0	5.683e+26	-7.0706e+11	-1.25438e+12	0	8366.8	-4591.48	0	1.76258e+22	3.14046e+22	0	8.681e+25	1.99729e+11	2.86465e+12	0	-6799.37	456.677	0	-9.75359e+19	-1.40596e+21	0	1.024e+26	3.23467e+12	3.11497e+12	0	-3784.28	3907.62	0	-4.88634e+20	-4.69163e+20	0	7.342e+22	1.31227e+11	8.66568e+10	0	-15593.9	26598.7	0	-5.43196e+20	-3.27123e+20	0	
10	1.9891e+30	1.75342e+09	1.09508e+10	0	-13.6577	20.7393	0	-1.05843e+23	-3.53406e+23	0	3.285e+23	4.27732e+10	-3.07176e+10	0	33857.7	33701	0	-8.94696e+21	9.0913e+21	0	4.867e+24	1.15241e+10	1.1773e+11	0	-35061.7	3055.2	0	-5.12445e+21	-5.59635e+22	0	5.972e+24	9.14774e+10	1.30669e+11	0	-23852.3	17880.5	0	-2.10499e+22	-2.83971e+22	0	6.39e+23	7.2503e+10	-2.04715e+11	0	22975.5	7494.39	0	-5.13345e+20	1.56439e+21	0	1.898e+27	-2.31943e+11	-7.30363e+11	0	12457.7	-3922.6	0	1.25297e+23	3.97645e+23	0	5.683e+26	-6.90265e+11	-1.26346e+12	0	8428.1	-4480.55	0	1.72142e+22	3.16369e+22	0	8.681e+25	1.86128e+11	2.86553e+12	0	-6801.54	424.28	0	-9.08497e+19	-1.40647e+21	0	1.024e+26	3.22709e+12	3.12278e+12	0	-3793.82	3898.44	0	-4.8751e+20	-4.70357e+20	0	7.342e+22	9.18449e+10	1.30568e+11	0	-23570.7	18862.3	0	-4.55539e+20	-2.93494e+20	0	
10	1.9891e+30	1.72599e+09	1.09919e+10	0	-13.779	20.3926	0	-1.40442e+23	-3.41005e+23	0	3.285e+23	4.0533e+10	5.47398e+10	0	-35573.3	31903	0	-8.46366e+21	-9.53813e+21	0	4.867e+24	-5.56874e+10	1.01158e+11	0	-29701.4	-19055.2	0	3.0368e+22	-4.76999e+22	0	5.972e+24	3.8011e+10	1.56152e+11	0	-28922.9	7247.16	0	-8.4973e+21	-3.45449e+22	0	6.39e+23	1.16507e+11	-1.84964e+11	0	20862.8	12180.9	0	-8.31416e+20	1.41911e+21	0	1.898e+27	-2.069e+11	-7.37788e+11	0	12582.7	-3501.45	0	1.11837e+23	4.01618e+23	0	5.683e+26	-6.73349e+11	-1.27231e+12	0	8487.96	-4368.81	0	1.67992e+22	3.18637e+22	0	8.681e+25	1.72522e+11	2.86635e+12	0	-6803.55	391.871	0	-8.41606e+19	-1.40696e+21	0	1.024e+26	3.21949e+12	3.13056e+12	0	-3803.33	3889.24	0	-4.86384e+20	-4.71549e+20	0	7.342e+22	3.81736e+10	1.55817e+11	0	-27968.7	7683.2	0	-1.98583e+20	-2.34096e+20	0	
10	1.9891e+30	1.69827e+09	1.10324e+10	0	-13.9428	20.0374	0	-1.81619e+23	-3.74223e+23	0	3.285e+23	-4.42405e+10	4.81855e+10	0	-29910.8	-36597.5	0	9.71241e+21	-7.85761e+21	0	4.867e+24	-9.88029e+10	4.68164e+10	0	-11820.3	-33308.3	0	5.34805e+22	-1.9047e+22	0	5.972e+24	-2.11316e+10	1.58923e+11	0	-29463.7	-4510.41	0	5.30616e+21	-3.51809e+22	0	6.39e+23	1.55327e+11	-1.56362e+11	0	17811	16311.5	0	-1.11118e+21	1.21053e+21	0	1.898e+27	-1.81622e+11	-7.44366e+11	0	12693.4	-3076.36	0	9.82518e+22	4.05134e+23	0	5.683e+26	-6.56314e+11	-1.28093e+12	0	8546.34	-4256.28	0	1.63808e+22	3.20852e+22	0	8.681e+25	1.58913e+11	2.8671e+12	0	-6805.41	359.451	0	-7.74687e+19	-1.40741e+21	0	1.024e+26	3.21187e+12	3.13833e+12	0	-3812.82	3880.02	0	-4.85254e+20	-4.72737e+20	0	7.342e+22	-2.12954e+10	1.5859e+11	0	-28510.4	-4956.22	0	1.60772e+20	-2.41752e+20	0	
10	1.9891e+30	1.6702e+09	1.1072e+10	0	-14.1288	19.6297	0	-1.78875e+23	-4.36882e+23	0	3.285e+23	-3.42089e+10	-3.57879e+10	0	37719	-28541.6	0	7.61283e+21	9.93944e+21	0	4.867e+24	-9.9557e+10	-2.25927e+10	0	11091	-33550.1	0	5.38743e+22	1.79117e+22	0	5.972e+24	-7.67055e+10	1.38562e+11	0	-25392.8	-15559.1	0	1.83417e+22	-3.02093e+22	0	6.39e+23	1.87217e+11	-1.20211e+11	0	13959.7	19702.4	0	-1.34046e+21	9.48273e+20	0	1.898e+27	-1.56136e+11	-7.50091e+11	0	12789.7	-2647.8	0	8.4558e+22	4.0819e+23	0	5.683e+26	-6.39164e+11	-1.28933e+12	0	8603.25	-4142.98	0	1.59593e+22	3.23014e+22	0	8.681e+25	1.45301e+11	2.86778e+12	0	-6807.12	327.021	0	-7.07742e+19	-1.40782e+21	0	1.024e+26	3.20424e+12	3.14608e+12	0	-3822.28	3870.78	0	-4.84121e+20	-4.73924e+20	0	7.342e+22	-7.70732e+10	1.38464e+11	0	-25120.7	-16545.6	0	4.24005e+20	-3.18025e+20	0	
10	1.9891e+30	1.64178e+09	1.11108e+10	0	-14.2878	19.1674	0	-1.34224e+23	-4.75499e+23	0	3.285e+23	4.97427e+10	-2.20438e+10	0	26959.7	39490.5	0	-1.05194e+22	7.25319e+21	0	4.867e+24	-5.76409e+10	-7.78275e+10	0	29269.8	-19675.5	0	3.13703e+22	4.70553e+22	0	5.972e+24	-1.20029e+11	9.82662e+10	0	-17354.5	-24175.2	0	2.86036e+22	-2.05018e+22	0	6.39e+23	2.10747e+11	-7.81456e+10	0	9483.03	22203.7	0	-1.50937e+21	6.44144e+20	0	1.898e+27	-1.30472e+11	-7.54955e+11	0	12871.6	-2216.27	0	7.07711e+22	4.10783e+23	0	5.683e+26	-6.21902e+11	-1.2975e+12	0	8658.67	-4028.93	0	1.55345e+22	3.25121e+22	0	8.681e+25	1.31685e+11	2.8684e+12	0	-6808.68	294.582	0	-6.40772e+19	-1.40821e+21	0	1.024e+26	3.19659e+12	3.15382e+12	0	-3831.73	3861.51	0	-4.82986e+20	-4.75107e+20	0	7.342e+22	-1.20347e+11	9.84758e+10	0	-17913	-25041.4	0	5.20415e+20	-3.63294e+20	0	
10	1.9891e+30	1.61308e+09	1.11487e+10	0	-14.401	18.6852	0	-9.43362e+22	-4.81234e+23	0	3.285e+23	3.15245e+10	6.14721e+10	0	-40875.9	24645.8	0	-6.50338e+21	-1.09373e+22	0	4.867e+24	9.1593e+09	-9.58007e+10	0	35092.5	2320.75	0	-3.95269e+21	5.60666e+22	0	5.972e+24	-1.44337e+11	4.43482e+10	0	-6611.84	-29013.6	0	3.44757e+22	-7.65808e+21	0	6.39e+23	2.24864e+11	-3.20633e+10	0	4581.96	23704.9	0	-1.61069e+21	3.11659e+20	0	1.898e+27	-1.04659e+11	-7.58954e+11	0	12938.8	-1782.25	0	5.69069e+22	4.12909e+23	0	5.683e+26	-6.0453e+11	-1.30545e+12	0	8712.59	-3914.15	0	1.51067e+22	3.27174e+22	0	8.681e+25	1.18066e+11	2.86896e+12	0	-6810.07	262.134	0	-5.73778e+19	-1.40857e+21	0	1.024e+26	3.18891e+12	3.16153e+12	0	-3841.15	3852.22	0	-4.81847e+20	-4.76288e+20	0	7.342e+22	-1.44396e+11	4.47302e+10	0	-7606.02	-29175.6	0	4.52872e+20	-2.91029e+20	0	
10	1.9891e+30	1.58419e+09	1.11856e+10	0	-14.4814	18.1987	0	-6.47021e+22	-4.87682e+23	0	3.285e+23	-5.04594e+10	3.92462e+10	0	-22580.2	-41480	0	1.0979e+22	-5.92197e+21	0	4.867e+24	7.28684e+10	-6.93211e+10	0	26335.7	23174.2	0	-3.70405e+22	4.18366e+22	0	5.972e+24	-1.45838e+11	-1.47566e+10	0	5154.47	-29315.6	0	3.49711e+22	6.28663e+21	0	6.39e+23	2.28937e+11	1.59626e+10	0	-524.416	24140.1	0	-1.6401e+21	-3.45435e+19	0	1.898e+27	-7.87267e+10	-7.62083e+11	0	12991.5	-1346.23	0	4.2981e+22	4.14567e+23	0	5.683e+26	-5.87053e+11	-1.31316e+12	0	8764.99	-3798.66	0	1.46759e+22	3.29173e+22	0	8.681e+25	1.04445e+11	2.86945e+12	0	-6811.32	229.679	0	-5.06763e+19	-1.40889e+21	0	1.024e+26	3.18122e+12	3.16922e+12	0	-3850.55	3842.9	0	-4.80706e+20	-4.77467e+20	0	7.342e+22	-1.45602e+11	-1.44551e+10	0	4364.4	-28668.7	0	3.07026e+20	-8.23437e+19	0	
10	1.9891e+30	1.55518e+09	1.12215e+10	0	-14.5262	17.7064	0	-2.22565e+22	-4.87978e+23	0	3.285e+23	-2.49936e+10	-4.14149e+10	0	42418.4	-21053.3	0	5.65259e+21	1.12024e+22	0	4.867e+24	1.07217e+11	-9.6329e+09	0	6801.28	34371.5	0	-5.46474e+22	1.07883e+22	0	5.972e+24	-1.24301e+11	-6.98067e+10	0	16108.1	-25030	0	2.99567e+22	1.9162e+22	0	6.39e+23	2.22781e+11	6.37727e+10	0	-5608.27	23490.1	0	-1.59635e+21	-3.79274e+20	0	1.898e+27	-5.27034e+10	-7.64338e+11	0	13029.4	-908.719	0	2.90094e+22	4.15754e+23	0	5.683e+26	-5.69471e+11	-1.32064e+12	0	8815.88	-3682.47	0	1.42422e+22	3.31117e+22	0	8.681e+25	9.08212e+10	2.86988e+12	0	-6812.41	197.216	0	-4.39728e+19	-1.40918e+21	0	1.024e+26	3.17351e+12	3.1769e+12	0	-3859.93	3833.57	0	-4.79561e+20	-4.78642e+20	0	7.342e+22	-1.23923e+11	-6.97877e+10	0	16060.3	-23996.2	0	1.6292e+20	2.26772e+20	0	
10	1.9891e+30	1.52612e+09	1.12564e+10	0	-14.5276	17.2285	0	1.47078e+22	-4.57339e+23	0	3.285e+23	5.49886e+10	-1.21983e+10	0	19080.5	43880.7	0	-1.17159e+22	5.14216e+21	0	4.867e+24	9.8202e+10	5.86219e+10	0	-15498	31448.5	0	-5.00643e+22	-2.45254e+22	0	5.972e+24	-8.30937e+10	-1.12195e+11	0	24542.8	-16822.6	0	2.01553e+22	2.90424e+22	0	6.39e+23	2.06669e+11	1.09217e+11	0	-10442.7	21783.2	0	-1.48127e+21	-7.07392e+20	0	1.898e+27	-2.66189e+10	-7.65717e+11	0	13052.6	-470.203	0	1.5008e+22	4.1647e+23	0	5.683e+26	-5.5179e+11	-1.32789e+12	0	8865.23	-3565.61	0	1.38057e+22	3.33005e+22	0	8.681e+25	7.71954e+10	2.87024e+12	0	-6813.35	164.747	0	-3.72673e+19	-1.40943e+21	0	1.024e+26	3.16578e+12	3.18456e+12	0	-3869.28	3824.21	0	-4.78413e+20	-4.79815e+20	0	7.342e+22	-8.28292e+10	-1.12464e+11	0	25290.6	-16110.7	0	1.00422e+20	5.05966e+20	0	
10	1.9891e+30	1.49708e+09	1.12904e+10	0	-14.5117	16.7892	0	9.56392e+21	-4.20361e+23	0	3.285e+23	2.14493e+10	6.64019e+10	0	-44710.7	16538.9	0	-4.32319e+21	-1.19354e+22	0	4.867e+24	4.94725e+10	1.07396e+11	0	-31502.8	15563	0	-2.50143e+22	-5.01019e+22	0	5.972e+24	-2.8659e+10	-1.35291e+11	0	29145.2	-5976.18	0	7.11179e+21	3.44584e+22	0	6.39e+23	1.8132e+11	1.5025e+11	0	-14811.2	19094.4	0	-1.29973e+21	-1.0044e+21	0	1.898e+27	-5.02811e+08	-7.66218e+11	0	13061	-31.181	0	9.92781e+20	4.16714e+23	0	5.683e+26	-5.34012e+11	-1.3349e+12	0	8913.05	-3448.09	0	1.33664e+22	3.34838e+22	0	8.681e+25	6.35679e+10	2.87054e+12	0	-6814.13	132.273	0	-3.05601e+19	-1.40966e+21	0	1.024e+26	3.15803e+12	3.1922e+12	0	-3878.61	3814.82	0	-4.77263e+20	-4.80986e+20	0	7.342e+22	-2.86985e+10	-1.35659e+11	0	30200	-6088.06	0	1.10185e+20	6.37124e+20	0	
10	1.9891e+30	1.46806e+09	1.13236e+10	0	-14.5148	16.3689	0	-1.40638e+22	-4.23054e+23	0	3.285e+23	-5.48852e+10	2.93243e+10	0	-14485.5	-44922.2	0	1.18694e+22	-3.79354e+21	0	4.867e+24	-1.90572e+10	1.16415e+11	0	-34556.3	-6902.4	0	1.07985e+22	-5.53093e+22	0	5.972e+24	3.04897e+10	-1.35474e+11	0	29196.8	5809.68	0	-7.03717e+21	3.46212e+22	0	6.39e+23	1.47866e+11	1.85018e+11	0	-18517.3	15542.1	0	-1.0595e+21	-1.25706e+21	0	1.898e+27	2.56154e+10	-7.65842e+11	0	13054.7	407.849	0	-1.30203e+22	4.16486e+23	0	5.683e+26	-5.16139e+11	-1.34168e+12	0	8959.31	-3329.93	0	1.29245e+22	3.36616e+22	0	8.681e+25	4.9939e+10	2.87077e+12	0	-6814.75	99.7939	0	-2.38513e+19	-1.40985e+21	0	1.024e+26	3.15027e+12	3.19982e+12	0	-3887.92	3805.42	0	-4.76109e+20	-4.82153e+20	0	7.342e+22	3.01718e+10	-1.35679e+11	0	29778.5	4960.75	0	8.84426e+19	5.37143e+20	0	
10	1.9891e+30	1.43901e+09	1.13559e+10	0	-14.5301	15.9298	0	-1.03173e+22	-4.50798e+23	0	3.285e+23	-1.48566e+10	-4.52243e+10	0	45655.3	-12804.4	0	3.48328e+21	1.20868e+22	0	4.867e+24	-7.8981e+10	8.16046e+10	0	-23168.8	-26662.4	0	4.26735e+22	-3.72821e+22	0	5.972e+24	8.5097e+10	-1.12701e+11	0	24682.5	16687.3	0	-1.99898e+22	2.94078e+22	0	6.39e+23	1.07805e+11	2.11946e+11	0	-21392.9	11283.7	0	-7.70951e+20	-1.4539e+21	0	1.898e+27	5.17061e+10	-7.64587e+11	0	13033.6	846.39	0	-2.70156e+22	4.15786e+23	0	5.683e+26	-4.98175e+11	-1.34822e+12	0	9004.01	-3211.17	0	1.248e+22	3.38337e+22	0	8.681e+25	3.6309e+10	2.87094e+12	0	-6815.23	67.3106	0	-1.71411e+19	-1.41001e+21	0	1.024e+26	3.14248e+12	3.20742e+12	0	-3897.21	3795.99	0	-4.74953e+20	-4.83318e+20	0	7.342e+22	8.47258e+10	-1.12605e+11	0	24428.9	15700	0	-5.10963e+19	3.12665e+20	0	
10	1.9891e+30	1.40995e+09	1.13873e+10	0	-14.5277	15.4677	0	1.5652e+22	-4.64452e+23	0	3.285e+23	5.83184e+10	-1.52674e+09	0	10503.9	46706	0	-1.24881e+22	2.83595e+21	0	4.867e+24	-1.0508e+11	1.72877e+10	0	-1962.88	-35298	0	5.67142e+22	-3.14724e+21	0	5.972e+24	1.26614e+11	-7.0522e+10	0	16301.2	24953.6	0	-2.97284e+22	1.95636e+22	0	6.39e+23	6.29366e+10	2.29807e+11	0	-23305.9	6508.86	0	-4.4671e+20	-1.58577e+21	0	1.898e+27	7.77399e+10	-7.62457e+11	0	12997.8	1283.95	0	-4.09771e+22	4.14616e+23	0	5.683e+26	-4.80124e+11	-1.35452e+12	0	9047.15	-3091.8	0	1.2033e+22	3.40002e+22	0	8.681e+25	2.26782e+10	2.87104e+12	0	-6815.54	34.824	0	-1.04295e+19	-1.41014e+21	0	1.024e+26	3.13468e+12	3.215e+12	0	-3906.48	3786.54	0	-4.73794e+20	-4.84481e+20	0	7.342e+22	1.26436e+11	-7.01812e+10	0	15404.2	24472.3	0	-2.74655e+20	6.3767e+19	0	
10	1.9891e+30	1.38092e+09	1.14178e+10	0	-14.5018	14.9988	0	3.46006e+22	-4.69914e+23	0	3.285e+23	1.06673e+10	6.93663e+10	0	-46951	7878.06	0	-2.00548e+21	-1.25017e+22	0	4.867e+24	-8.6265e+10	-4.9516e+10	0	20074.3	-29055.8	0	4.65589e+22	3.2363e+22	0	5.972e+24	1.48539e+11	-1.55255e+10	0	5359.38	29316.1	0	-3.47784e+22	6.56572e+21	0	6.39e+23	1.52835e+10	2.37778e+11	0	-24166.8	1431.62	0	-1.01137e+20	-1.64632e+21	0	1.898e+27	1.03687e+11	-7.59452e+11	0	12947.3	1720.02	0	-5.48891e+22	4.12977e+23	0	5.683e+26	-4.61988e+11	-1.36059e+12	0	9088.71	-2971.86	0	1.15837e+22	3.41609e+22	0	8.681e+25	9.0469e+09	2.87108e+12	0	-6815.71	2.33489	0	-3.7168e+18	-1.41024e+21	0	1.024e+26	3.12686e+12	3.22257e+12	0	-3915.72	3777.07	0	-4.72631e+20	-4.8564e+20	0	7.342e+22	1.48665e+11	-1.51614e+10	0	4411.01	29662.3	0	-4.92715e+20	-1.09065e+20	0	
10	1.9891e+30	1.35196e+09	1.14473e+10	0	-14.4547	14.5183	0	6.36567e+22	-4.8623e+23	0	3.285e+23	-5.73696e+10	1.87681e+10	0	-5902.65	-46813.5	0	1.23574e+22	-1.54268e+21	0	4.867e+24	-3.05587e+10	-9.07054e+10	0	33578.3	-10654	0	1.68242e+22	5.3843e+22	0	5.972e+24	1.47434e+11	4.36887e+10	0	-6430.36	29095.2	0	-3.44013e+22	-7.5564e+21	0	6.39e+23	-3.29995e+10	2.35483e+11	0	-23932.8	-3718.82	0	2.50242e+20	-1.63228e+21	0	1.898e+27	1.29519e+11	-7.55578e+11	0	12882.1	2154.12	0	-6.87358e+22	4.10871e+23	0	5.683e+26	-4.4377e+11	-1.36641e+12	0	9128.68	-2851.36	0	1.1132e+22	3.4316e+22	0	8.681e+25	-4.58455e+09	2.87105e+12	0	-6815.71	-30.1561	0	2.99695e+18	-1.4103e+21	0	1.024e+26	3.11901e+12	3.23011e+12	0	-3924.94	3767.57	0	-4.71466e+20	-4.86797e+20	0	7.342e+22	1.47782e+11	4.3831e+10	0	-6808.18	30068.3	0	-6.15052e+20	-1.71993e+20	0	
10	1.9891e+30	1.32313e+09	1.14758e+10	0	-14.3642	14.0273	0	1.19211e+23	-4.8376e+23	0	3.285e+23	-4.14919e+09	-4.7072e+10	0	47306.7	-4075.04	0	1.17575e+21	1.25568e+22	0	4.867e+24	3.85199e+10	-8.92362e+10	0	33000.3	12032.7	0	-1.9417e+22	5.25821e+22	0	5.972e+24	1.23468e+11	9.78569e+10	0	-17218.7	24329.4	0	-2.87395e+22	-2.05495e+22	0	6.39e+23	-7.97211e+10	2.23009e+11	0	-22610.8	-8708.31	0	5.9142e+20	-1.5438e+21	0	1.898e+27	1.55206e+11	-7.50837e+11	0	12802.4	2585.76	0	-8.25014e+22	4.08301e+23	0	5.683e+26	-4.25474e+11	-1.37199e+12	0	9167.06	-2730.33	0	1.06781e+22	3.44653e+22	0	8.681e+25	-1.82159e+10	2.87096e+12	0	-6815.57	-62.6482	0	9.71157e+18	-1.41033e+21	0	1.024e+26	3.11116e+12	3.23764e+12	0	-3934.14	3758.05	0	-4.70298e+20	-4.87952e+20	0	7.342e+22	1.23801e+11	9.76815e+10	0	-16738.4	25246.2	0	-5.37915e+20	-1.53864e+20	0	
10	1.9891e+30	1.29454e+09	1.15034e+10	0	-14.2183	13.5615	0	1.64383e+23	-4.36413e+23	0	3.285e+23	5.96079e+10	9.59342e+09	0	1541.76	47857.6	0	-1.28038e+22	4.21389e+20	0	4.867e+24	9.22377e+10	-4.60544e+10	0	18808.1	29577.6	0	-4.71295e+22	2.98313e+22	0	5.972e+24	8.03881e+10	1.38504e+11	0	-25310.6	15765	0	-1.86754e+22	-3.02673e+22	0	6.39e+23	-1.22754e+11	2.00909e+11	0	-20257.7	-13308.5	0	9.06643e+20	-1.38443e+21	0	1.898e+27	1.80719e+11	-7.45237e+11	0	12708.3	3014.45	0	-9.61706e+22	4.0527e+23	0	5.683e+26	-4.07103e+11	-1.37733e+12	0	9203.83	-2608.79	0	1.0222e+22	3.46088e+22	0	8.681e+25	-3.18467e+10	2.8708e+12	0	-6815.27	-95.1406	0	1.64269e+19	-1.41033e+21	0	1.024e+26	3.10328e+12	3.24514e+12	0	-3943.31	3748.51	0	-4.69127e+20	-4.89103e+20	0	7.342e+22	8.04745e+10	1.38141e+11	0	-24291	15996.3	0	-2.80016e+20	-1.66529e+20	0	
10	1.9891e+30	1.26627e+09	1.15301e+10	0	-14.0513	13.1526	0	1.60021e+23	-3.80648e+23	0	3.285e+23	-4.40028e+08	7.02716e+10	0	-47529.9	-1025.19	0	3.6463e+20	-1.26224e+22	0	4.867e+24	1.08573e+11	2.08143e+10	0	-3046.75	34902.5	0	-5.54874e+22	-4.7982e+21	0	5.972e+24	2.49329e+10	1.59277e+11	0	-29436.2	4739.57	0	-5.72992e+21	-3.51296e+22	0	6.39e+23	-1.60132e+11	1.70176e+11	0	-16977.9	-17307.7	0	1.18118e+21	-1.16113e+21	0	1.898e+27	2.0603e+11	-7.38782e+11	0	12599.8	3439.7	0	-1.09728e+23	4.01781e+23	0	5.683e+26	-3.8866e+11	-1.38243e+12	0	9239	-2486.74	0	9.76391e+21	3.47465e+22	0	8.681e+25	-4.54768e+10	2.87058e+12	0	-6814.81	-127.633	0	2.31428e+19	-1.4103e+21	0	1.024e+26	3.09538e+12	3.25263e+12	0	-3952.46	3738.94	0	-4.67953e+20	-4.90252e+20	0	7.342e+22	2.47031e+10	1.58981e+11	0	-28595.1	4119.08	0	5.93731e+19	-2.67195e+20	0	
10	1.9891e+30	1.23832e+09	1.1556e+10	0	-13.9039	12.7839	0	1.33307e+23	-3.58337e+23	0	3.285e+23	-5.78308e+10	7.94538e+09	0	2878.37	-47092.7	0	1.24289e+22	7.57682e+20	0	4.867e+24	8.08768e+10	8.38686e+10	0	-23672	25895.2	0	-4.13403e+22	-3.75334e+22	0	5.972e+24	-3.42266e+10	1.56934e+11	0	-28953.2	-7026.42	0	8.19257e+21	-3.44103e+22	0	6.39e+23	-1.90145e+11	1.32202e+11	0	-12919.7	-20520.6	0	1.40206e+21	-8.83946e+20	0	1.898e+27	2.31109e+11	-7.3148e+11	0	12477.1	3861.03	0	-1.23158e+23	3.97839e+23	0	5.683e+26	-3.70148e+11	-1.38728e+12	0	9272.55	-2364.23	0	9.3038e+21	3.48783e+22	0	8.681e+25	-5.91059e+10	2.87029e+12	0	-6814.2	-160.123	0	2.98592e+19	-1.41023e+21	0	1.024e+26	3.08747e+12	3.2601e+12	0	-3961.59	3729.36	0	-4.66777e+20	-4.91399e+20	0	7.342e+22	-3.46104e+10	1.56908e+11	0	-28874.2	-8034.35	0	3.01408e+20	-4.09316e+20	0	
10	1.9891e+30	1.21064e+09	1.15812e+10	0	-13.7793	12.4258	0	1.16395e+23	-3.54533e+23	0	3.285e+23	6.75332e+09	-4.68811e+10	0	47302.2	4832.75	0	-1.19148e+21	1.25892e+22	0	4.867e+24	2.0406e+10	1.17121e+11	0	-34640	6137.39	0	-1.00508e+22	-5.52421e+22	0	5.972e+24	-8.78424e+10	1.31855e+11	0	-23945.2	-17694.1	0	2.09196e+22	-2.8315e+22	0	6.39e+23	-2.11414e+11	8.87176e+10	0	-8268.27	-22797.9	0	1.55878e+21	-5.65595e+20	0	1.898e+27	2.55928e+11	-7.23341e+11	0	12340.3	4277.98	0	-1.36446e+23	3.93449e+23	0	5.683e+26	-3.51571e+11	-1.39188e+12	0	9304.48	-2241.26	0	8.84179e+21	3.50042e+22	0	8.681e+25	-7.27335e+10	2.86994e+12	0	-6813.44	-192.612	0	3.65758e+19	-1.41013e+21	0	1.024e+26	3.07954e+12	3.26755e+12	0	-3970.7	3719.75	0	-4.65597e+20	-4.92542e+20	0	7.342e+22	-8.81219e+10	1.32118e+11	0	-24647.1	-18436.1	0	4.021e+20	-4.84041e+20	0	
10	1.9891e+30	1.18319e+09	1.16057e+10	0	-13.6711	12.0716	0	9.58382e+22	-3.51145e+23	0	3.285e+23	5.88081e+10	2.0768e+10	0	-7477.44	47292.6	0	-1.26504e+22	-2.00933e+21	0	4.867e+24	-4.7987e+10	1.06565e+11	0	-31267.5	-16343.5	0	2.59778e+22	-5.01781e+22	0	5.972e+24	-1.27538e+11	8.79727e+10	0	-15202.1	-25595.3	0	3.04402e+22	-1.78631e+22	0	6.39e+23	-2.22963e+11	4.17062e+10	0	-3236.96	-24033.4	0	1.64383e+21	-2.20854e+20	0	1.898e+27	2.80461e+11	-7.14372e+11	0	12189.6	4690.06	0	-1.49577e+23	3.88615e+23	0	5.683e+26	-3.32931e+11	-1.39624e+12	0	9334.79	-2117.86	0	8.37795e+21	3.51242e+22	0	8.681e+25	-8.63595e+10	2.86952e+12	0	-6812.52	-225.099	0	4.32926e+19	-1.41e+21	0	1.024e+26	3.07159e+12	3.27498e+12	0	-3979.78	3710.12	0	-4.64414e+20	-4.93683e+20	0	7.342e+22	-1.27533e+11	8.83581e+10	0	-16213.1	-25579.6	0	3.70158e+20	-4.19252e+20	0	
10	1.9891e+30	1.15593e+09	1.16295e+10	0	-13.5914	11.7099	0	6.36517e+22	-3.75848e+23	0	3.285e+23	-1.14838e+10	6.91e+10	0	-46440.7	-9856.71	0	2.70329e+21	-1.23008e+22	0	4.867e+24	-9.57569e+10	5.62684e+10	0	-14739.2	-32127.6	0	5.1545e+22	-2.37474e+22	0	5.972e+24	-1.47114e+11	3.21565e+10	0	-4093.33	-29492.9	0	3.52033e+22	-4.71797e+21	0	6.39e+23	-2.24262e+11	-6.68203e+09	0	1942.6	-24169.5	0	1.65314e+21	1.34171e+20	0	1.898e+27	3.04678e+11	-7.04584e+11	0	12025.1	5096.82	0	-1.62535e+23	3.83344e+23	0	5.683e+26	-3.14233e+11	-1.40036e+12	0	9363.45	-1994.04	0	7.91237e+21	3.52382e+22	0	8.681e+25	-9.99835e+10	2.86904e+12	0	-6811.44	-257.582	0	5.00093e+19	-1.40984e+21	0	1.024e+26	3.06362e+12	3.28239e+12	0	-3988.84	3700.46	0	-4.63229e+20	-4.94822e+20	0	7.342e+22	-1.46833e+11	3.2409e+10	0	-4759.71	-28704.4	0	2.79809e+20	-1.97304e+20	0	
10	1.9891e+30	1.12881e+09	1.16526e+10	0	-13.5315	11.3028	0	6.47124e+22	-4.36835e+23	0	3.285e+23	-5.62555e+10	-2.76653e+09	0	11561.9	-45750.7	0	1.20816e+22	3.03365e+21	0	4.867e+24	-1.02694e+11	-1.28153e+10	0	8057.19	-34418.4	0	5.52726e+22	1.30211e+22	0	5.972e+24	-1.43518e+11	-2.68664e+10	0	7647.17	-28774.8	0	3.44015e+22	9.06961e+21	0	6.39e+23	-2.15252e+11	-5.42335e+10	0	7031.73	-23200	0	1.58629e+21	4.82855e+20	0	1.898e+27	3.28552e+11	-6.93988e+11	0	11847.1	5497.8	0	-1.75308e+23	3.77641e+23	0	5.683e+26	-2.95478e+11	-1.40422e+12	0	9390.47	-1869.84	0	7.44513e+21	3.53463e+22	0	8.681e+25	-1.13605e+11	2.86849e+12	0	-6810.21	-290.061	0	5.6726e+19	-1.40964e+21	0	1.024e+26	3.05563e+12	3.28978e+12	0	-3997.87	3690.79	0	-4.62041e+20	-4.95957e+20	0	7.342e+22	-1.4315e+11	-2.69248e+10	0	7810.1	-27735.3	0	2.13646e+20	1.46123e+20	0	
10	1.9891e+30	1.10183e+09	1.16747e+10	0	-13.4423	10.8363	0	1.19582e+23	-4.84046e+23	0	3.285e+23	1.74638e+10	-4.46447e+10	0	45627.8	13605.5	0	-3.53516e+21	1.21757e+22	0	4.867e+24	-6.58562e+10	-7.15949e+10	0	27411.1	-22218.2	0	3.54651e+22	4.40978e+22	0	5.972e+24	-1.17316e+11	-7.98713e+10	0	18192	-23551.3	0	2.81065e+22	2.14655e+22	0	6.39e+23	-1.96351e+11	-9.8774e+10	0	11796.2	-21170.5	0	1.4465e+21	8.08916e+20	0	1.898e+27	3.52057e+11	-6.82597e+11	0	11655.7	5892.55	0	-1.8788e+23	3.71514e+23	0	5.683e+26	-2.76672e+11	-1.40783e+12	0	9415.85	-1745.26	0	6.97631e+21	3.54483e+22	0	8.681e+25	-1.27224e+11	2.86788e+12	0	-6808.83	-322.534	0	6.34423e+19	-1.40941e+21	0	1.024e+26	3.04763e+12	3.29715e+12	0	-4006.88	3681.09	0	-4.6085e+20	-4.9709e+20	0	7.342e+22	-1.1712e+11	-8.01927e+10	0	19071.5	-23010.6	0	2.35861e+20	4.42571e+20	0	
10	1.9891e+30	1.07509e+09	1.16959e+10	0	-13.2872	10.3466	0	1.86235e+23	-4.82762e+23	0	3.285e+23	5.59438e+10	3.16001e+10	0	-16223.1	45031.9	0	-1.20342e+22	-4.36339e+21	0	4.867e+24	-8.95617e+08	-9.54597e+10	0	35173.1	-811.977	0	1.03839e+21	5.62399e+22	0	5.972e+24	-7.26066e+10	-1.18572e+11	0	25898.7	-14641.1	0	1.73634e+22	3.06077e+22	0	6.39e+23	-1.6843e+11	-1.3827e+11	0	16017.3	-18175.7	0	1.2405e+21	1.09725e+21	0	1.898e+27	3.75166e+11	-6.70422e+11	0	11451.2	6280.61	0	-2.00237e+23	3.64969e+23	0	5.683e+26	-2.57816e+11	-1.4112e+12	0	9439.58	-1620.34	0	6.50599e+21	3.55442e+22	0	8.681e+25	-1.4084e+11	2.8672e+12	0	-6807.29	-355.003	0	7.01581e+19	-1.40915e+21	0	1.024e+26	3.0396e+12	3.3045e+12	0	-4015.87	3671.37	0	-4.59656e+20	-4.98221e+20	0	7.342e+22	-7.27222e+10	-1.18929e+11	0	26897	-14957.2	0	2.7755e+20	5.75404e+20	0	
10	1.9891e+30	1.04872e+09	1.17161e+10	0	-13.0765	9.8717	0	2.2985e+23	-4.62078e+23	0	3.285e+23	-2.20824e+10	6.5904e+10	0	-43734.5	-18309.7	0	4.93018e+21	-1.15548e+22	0	4.867e+24	6.49311e+10	-7.47418e+10	0	28291.4	20749.3	0	-3.32226e+22	4.49686e+22	0	5.972e+24	-1.63798e+10	-1.36914e+11	0	29563.3	-3440.32	0	3.94039e+21	3.5083e+22	0	6.39e+23	-1.32773e+11	-1.70925e+11	0	19502.5	-14355.1	0	9.78136e+20	1.33461e+21	0	1.898e+27	3.97853e+11	-6.57479e+11	0	11233.8	6661.57	0	-2.12365e+23	3.58013e+23	0	5.683e+26	-2.38915e+11	-1.41432e+12	0	9461.64	-1495.09	0	6.03425e+21	3.56341e+22	0	8.681e+25	-1.54453e+11	2.86646e+12	0	-6805.59	-387.465	0	7.68734e+19	-1.40886e+21	0	1.024e+26	3.03156e+12	3.31184e+12	0	-4024.84	3661.63	0	-4.5846e+20	-4.99348e+20	0	7.342e+22	-1.67337e+10	-1.37059e+11	0	29973.6	-4373.02	0	2.36671e+20	5.06825e+20	0	
10	1.9891e+30	1.02281e+09	1.17354e+10	0	-12.8256	9.41686	0	2.70509e+23	-4.41177e+23	0	3.285e+23	-5.27014e+10	-1.29957e+10	0	19854.9	-42831	0	1.13258e+22	5.21135e+21	0	4.867e+24	1.04431e+11	-1.83335e+10	0	9813.19	33629.1	0	-5.34939e+22	1.55574e+22	0	5.972e+24	4.25701e+10	-1.32018e+11	0	28606	8297.78	0	-1.00072e+22	3.40949e+22	0	6.39e+23	-9.10157e+10	-1.95257e+11	0	22094.2	-9885.71	0	6.71793e+20	1.51031e+21	0	1.898e+27	4.20093e+11	-6.43781e+11	0	11003.7	7034.98	0	-2.24252e+23	3.50656e+23	0	5.683e+26	-2.19971e+11	-1.41718e+12	0	9482.05	-1369.54	0	5.56117e+21	3.57178e+22	0	8.681e+25	-1.68063e+11	2.86565e+12	0	-6803.75	-419.92	0	8.35879e+19	-1.40854e+21	0	1.024e+26	3.0235e+12	3.31915e+12	0	-4033.78	3651.87	0	-4.57261e+20	-5.00473e+20	0	7.342e+22	4.22187e+10	-1.31858e+11	0	28180.6	7380.19	0	5.83765e+19	3.38415e+20	0	
10	1.9891e+30	9.97442e+08	1.17538e+10	0	-12.5319	8.99241	0	3.11135e+23	-3.97604e+23	0	3.285e+23	2.75999e+10	-4.04317e+10	0	42331.8	21930.5	0	-5.77062e+21	1.13247e+22	0	4.867e+24	1.01485e+11	5.04289e+10	0	-12654.6	32680.4	0	-5.20114e+22	-2.00152e+22	0	5.972e+24	9.50196e+10	-1.04637e+11	0	23168.6	18737.6	0	-2.23126e+22	2.77367e+22	0	6.39e+23	-4.50693e+10	-2.10171e+11	0	23676.7	-4973.35	0	3.35797e+20	1.61663e+21	0	1.898e+27	4.4186e+11	-6.29344e+11	0	10761.3	7400.43	0	-2.35883e+23	3.42905e+23	0	5.683e+26	-2.00988e+11	-1.41979e+12	0	9500.78	-1243.7	0	5.08683e+21	3.57954e+22	0	8.681e+25	-1.81668e+11	2.86478e+12	0	-6801.74	-452.367	0	9.03015e+19	-1.40818e+21	0	1.024e+26	3.01543e+12	3.32644e+12	0	-4042.7	3642.08	0	-4.56059e+20	-5.01595e+20	0	7.342e+22	9.49018e+10	-1.04272e+11	0	22194.6	18425.9	0	-2.14088e+20	1.505e+20	0	
10	1.9891e+30	9.72697e+08	1.17714e+10	0	-12.2127	8.62514	0	3.14895e+23	-3.33132e+23	0	3.285e+23	5.11175e+10	4.17055e+10	0	-24376.7	41161.3	0	-1.09802e+22	-6.55228e+21	0	4.867e+24	5.72756e+10	1.03291e+11	0	-29989.4	18276.2	0	-2.93248e+22	-4.76618e+22	0	5.972e+24	1.32758e+11	-5.90447e+10	0	14096.4	26247.4	0	-3.11011e+22	1.6941e+22	0	6.39e+23	2.97152e+09	-2.15004e+11	0	24181.3	156.975	0	-1.43352e+19	1.64916e+21	0	1.898e+27	4.6313e+11	-6.14185e+11	0	10506.7	7757.51	0	-2.47245e+23	3.3477e+23	0	5.683e+26	-1.81969e+11	-1.42215e+12	0	9517.85	-1117.6	0	4.61131e+21	3.58668e+22	0	8.681e+25	-1.95269e+11	2.86384e+12	0	-6799.58	-484.805	0	9.70141e+19	-1.40779e+21	0	1.024e+26	3.00733e+12	3.33372e+12	0	-4051.6	3632.27	0	-4.54854e+20	-5.02715e+20	0	7.342e+22	1.32945e+11	-5.87121e+10	0	13218.7	26765.6	0	-4.8269e+20	2.99997e+19	0	
10	1.9891e+30	9.48578e+08	1.17883e+10	0	-11.9132	8.31175	0	2.77796e+23	-2.98856e+23	0	3.285e+23	-3.18683e+10	6.08049e+10	0	-39515.5	-26094	0	6.97087e+21	-1.04155e+22	0	4.867e+24	-1.01579e+10	1.18328e+11	0	-35018.5	-3814.17	0	5.83543e+21	-5.60083e+22	0	5.972e+24	1.49875e+11	-2.36952e+09	0	2809.21	29654.7	0	-3.50561e+22	3.39278e+21	0	6.39e+23	5.09234e+10	-2.09552e+11	0	23588.8	5271.86	0	-3.62633e+20	1.60689e+21	0	1.898e+27	4.83879e+11	-5.9832e+11	0	10240.3	8105.82	0	-2.58327e+23	3.26259e+23	0	5.683e+26	-1.62917e+11	-1.42426e+12	0	9533.24	-991.256	0	4.13469e+21	3.5932e+22	0	8.681e+25	-2.08866e+11	2.86284e+12	0	-6797.27	-517.234	0	1.03725e+20	-1.40737e+21	0	1.024e+26	2.99922e+12	3.34097e+12	0	-4060.47	3622.44	0	-4.53646e+20	-5.03832e+20	0	7.342e+22	1.50239e+11	-2.29925e+09	0	2625.82	30695.8	0	-6.40658e+20	4.65892e+17	0	
10	1.9891e+30	9.25019e+08	1.18046e+10	0	-11.65	8.00872	0	2.51374e+23	-3.08531e+23	0	3.285e+23	-4.7288e+10	-2.23848e+10	0	27475.7	-38428.5	0	1.0184e+22	7.21929e+21	0	4.867e+24	-7.29174e+10	8.89739e+10	0	-25442.7	-24497.4	0	3.91546e+22	-4.09242e+22	0	5.972e+24	1.43687e+11	5.65209e+10	0	-8921.55	28429.6	0	-3.36458e+22	-1.07245e+22	0	6.39e+23	9.66141e+10	-1.9408e+11	0	21929.5	10140.1	0	-6.93415e+20	1.49224e+21	0	1.898e+27	5.04083e+11	-5.81768e+11	0	9962.39	8444.96	0	-2.69116e+23	3.17382e+23	0	5.683e+26	-1.43837e+11	-1.42612e+12	0	9546.95	-864.696	0	3.65706e+21	3.5991e+22	0	8.681e+25	-2.22458e+11	2.86177e+12	0	-6794.81	-549.653	0	1.10436e+20	-1.40691e+21	0	1.024e+26	2.99109e+12	3.34821e+12	0	-4069.32	3612.59	0	-4.52436e+20	-5.04946e+20	0	7.342e+22	1.43971e+11	5.62769e+10	0	-8257.44	29232.1	0	-5.73059e+20	7.25712e+18	0	
10	1.9891e+30	9.01972e+08	1.18203e+10	0	-11.3964	7.69021	0	2.5674e+23	-3.22296e+23	0	3.285e+23	3.68005e+10	-3.438e+10	0	37519.8	29506.7	0	-7.81478e+21	1.00608e+22	0	4.867e+24	-1.04634e+11	2.72265e+10	0	-5098.56	-34991.4	0	5.62044e+22	-8.20911e+21	0	5.972e+24	1.15158e+11	1.0841e+11	0	-19252.5	22761.8	0	-2.70453e+22	-2.30702e+22	0	6.39e+23	1.37981e+11	-1.69302e+11	0	19281.7	14543.1	0	-9.91976e+20	1.31079e+21	0	1.898e+27	5.23721e+11	-5.64546e+11	0	9673.26	8774.57	0	-2.79599e+23	3.0815e+23	0	5.683e+26	-1.24731e+11	-1.42772e+12	0	9558.98	-737.939	0	3.1785e+21	3.60437e+22	0	8.681e+25	-2.36045e+11	2.86064e+12	0	-6792.18	-582.061	0	1.17144e+20	-1.40643e+21	0	1.024e+26	2.98294e+12	3.35542e+12	0	-4078.14	3602.72	0	-4.51223e+20	-5.06057e+20	0	7.342e+22	1.15163e+11	1.08032e+11	0	-18221.5	22779.6	0	-3.37087e+20	-7.71847e+19	0	
10	1.9891e+30	8.79441e+08	1.18354e+10	0	-11.133	7.36625	0	2.65144e+23	-3.21464e+23	0	3.285e+23	4.4505e+10	5.07283e+10	0	-31642.9	35827.4	0	-9.5309e+21	-8.49423e+21	0	4.867e+24	-9.18386e+10	-4.10129e+10	0	17413.6	-30743.4	0	4.92867e+22	2.80875e+22	0	5.972e+24	6.87495e+10	1.45182e+11	0	-26564.5	13534.7	0	-1.6215e+22	-3.16944e+22	0	6.39e+23	1.73162e+11	-1.36349e+11	0	15767.2	18284.4	0	-1.24521e+21	1.07102e+21	0	1.898e+27	5.42769e+11	-5.46676e+11	0	9373.25	9094.26	0	-2.89766e+23	2.98573e+23	0	5.683e+26	-1.05602e+11	-1.42907e+12	0	9569.32	-611.008	0	2.69909e+21	3.60902e+22	0	8.681e+25	-2.49627e+11	2.85944e+12	0	-6789.41	-614.457	0	1.23851e+20	-1.40591e+21	0	1.024e+26	2.97478e+12	3.36262e+12	0	-4086.94	3592.82	0	-4.50007e+20	-5.07166e+20	0	7.342e+22	6.84655e+10	1.4493e+11	0	-25864.2	12778	0	-4.66871e+19	-2.55545e+20	0	
10	1.9891e+30	8.57442e+08	1.18498e+10	0	-10.8644	7.0396	0	2.71426e+23	-3.31158e+23	0	3.285e+23	-4.05053e+10	5.39921e+10	0	-33940.1	-32946.9	0	8.75931e+21	-8.92725e+21	0	4.867e+24	-3.99966e+10	-8.70241e+10	0	32513.3	-13608.2	0	2.15624e+22	5.21722e+22	0	5.972e+24	1.17214e+10	1.6109e+11	0	-29716.6	2188.74	0	-2.76598e+21	-3.52952e+22	0	6.39e+23	2.00577e+11	-9.67162e+10	0	11545.8	21197.9	0	-1.44211e+21	7.83837e+20	0	1.898e+27	5.61207e+11	-5.28176e+11	0	9062.7	9403.69	0	-2.99605e+23	2.88662e+23	0	5.683e+26	-8.64545e+10	-1.43017e+12	0	9577.97	-483.925	0	2.21891e+21	3.61304e+22	0	8.681e+25	-2.63203e+11	2.85818e+12	0	-6786.48	-646.842	0	1.30556e+20	-1.40536e+21	0	1.024e+26	2.9666e+12	3.36979e+12	0	-4095.72	3582.91	0	-4.48789e+20	-5.08272e+20	0	7.342e+22	1.13365e+10	1.61129e+11	0	-29815.6	1188.9	0	1.63955e+20	-4.54025e+20	0	
10	1.9891e+30	8.35995e+08	1.18636e+10	0	-10.5778	6.69944	0	3.03803e+23	-3.42307e+23	0	3.285e+23	-4.02005e+10	-3.06038e+10	0	34163.5	-32687.1	0	8.69076e+21	8.99079e+21	0	4.867e+24	2.89695e+10	-9.17071e+10	0	33951	9056.91	0	-1.46996e+22	5.41321e+22	0	5.972e+24	-4.70083e+10	1.53654e+11	0	-28222.9	-9500.97	0	1.11976e+22	-3.33858e+22	0	6.39e+23	2.18999e+11	-5.21953e+10	0	6807.59	23154.9	0	-1.57422e+21	4.62114e+20	0	1.898e+27	5.79013e+11	-5.09068e+11	0	8741.96	9702.5	0	-3.09104e+23	2.78427e+23	0	5.683e+26	-6.72913e+10	-1.43101e+12	0	9584.94	-356.711	0	1.73804e+21	3.61643e+22	0	8.681e+25	-2.76773e+11	2.85685e+12	0	-6783.39	-679.213	0	1.3726e+20	-1.40477e+21	0	1.024e+26	2.9584e+12	3.37695e+12	0	-4104.47	3572.97	0	-4.47568e+20	-5.09376e+20	0	7.342e+22	-4.72385e+10	1.53959e+11	0	-29051.4	-10106.1	0	2.59429e+20	-5.70313e+20	0	
10	1.9891e+30	8.15161e+08	1.18766e+10	0	-10.2486	6.36379	0	3.49144e+23	-3.17727e+23	0	3.285e+23	4.47326e+10	-2.66935e+10	0	31354.1	36055.9	0	-9.58949e+21	8.42468e+21	0	4.867e+24	8.63188e+10	-5.34544e+10	0	21356.2	27796.4	0	-4.43354e+22	3.38799e+22	0	5.972e+24	-9.82583e+10	1.24049e+11	0	-22324	-19704.8	0	2.3471e+22	-2.63334e+22	0	6.39e+23	2.27603e+11	-4.79252e+09	0	1765.04	24069.3	0	-1.63592e+21	1.20098e+20	0	1.898e+27	5.96168e+11	-4.89373e+11	0	8411.39	9990.36	0	-3.18255e+23	2.67882e+23	0	5.683e+26	-4.81159e+10	-1.43159e+12	0	9590.21	-229.389	0	1.25657e+21	3.61918e+22	0	8.681e+25	-2.90336e+11	2.85546e+12	0	-6780.15	-711.57	0	1.43961e+20	-1.40416e+21	0	1.024e+26	2.95018e+12	3.38409e+12	0	-4113.2	3563.01	0	-4.46344e+20	-5.10476e+20	0	7.342e+22	-9.81829e+10	1.24423e+11	0	-23327	-19496.9	0	2.46518e+20	-5.23402e+20	0	
10	1.9891e+30	7.95022e+08	1.1889e+10	0	-9.88821	6.0705	0	3.59355e+23	-2.65526e+23	0	3.285e+23	3.63439e+10	5.8352e+10	0	-37761.4	29229.8	0	-7.74413e+21	-1.01184e+22	0	4.867e+24	1.08507e+11	1.16976e+10	0	51.9905	35025.5	0	-5.56884e+22	1.01633e+20	0	5.972e+24	-1.3402e+11	7.6911e+10	0	-12945	-26824.4	0	3.20542e+22	-1.52696e+22	0	6.39e+23	2.26005e+11	4.33591e+10	0	-3356.6	23901.1	0	-1.62459e+21	-2.27164e+20	0	1.898e+27	6.12652e+11	-4.69114e+11	0	8071.37	10266.9	0	-3.27045e+23	2.57037e+23	0	5.683e+26	-2.89316e+10	-1.43192e+12	0	9593.78	-101.981	0	7.74582e+20	3.6213e+22	0	8.681e+25	-3.03893e+11	2.85401e+12	0	-6776.76	-743.913	0	1.5066e+20	-1.40351e+21	0	1.024e+26	2.94194e+12	3.3912e+12	0	-4121.91	3553.03	0	-4.45117e+20	-5.11574e+20	0	7.342e+22	-1.33697e+11	7.71009e+10	0	-13449.8	-25914.5	0	2.12936e+20	-2.95782e+20	0	
10	1.9891e+30	7.756e+08	1.19009e+10	0	-9.53797	5.82112	0	3.35451e+23	-2.3694e+23	0	3.285e+23	-4.76997e+10	4.57101e+10	0	-27207.5	-38640.3	0	1.02393e+22	-7.14386e+21	0	4.867e+24	8.65041e+10	7.6927e+10	0	-21279.3	27872.1	0	-4.44637e+22	-3.37231e+22	0	5.972e+24	-1.4871e+11	1.96111e+10	0	-1549.64	-29743.9	0	3.55373e+22	-1.90234e+21	0	6.39e+23	2.14276e+11	9.00937e+10	0	-8328.75	22657.6	0	-1.54074e+21	-5.6443e+20	0	1.898e+27	6.28447e+11	-4.48313e+11	0	7722.28	10532	0	-3.35467e+23	2.45905e+23	0	5.683e+26	-9.74187e+09	-1.432e+12	0	9595.66	25.4908	0	2.92154e+20	3.62279e+22	0	8.681e+25	-3.17443e+11	2.85249e+12	0	-6773.21	-776.24	0	1.57356e+20	-1.40283e+21	0	1.024e+26	2.93369e+12	3.3983e+12	0	-4130.59	3543.03	0	-4.43888e+20	-5.12669e+20	0	7.342e+22	-1.48365e+11	1.94767e+10	0	-1177.04	-28752.8	0	2.37437e+20	5.55323e+19	0	
10	1.9891e+30	7.56855e+08	1.19123e+10	0	-9.21033	5.58417	0	3.19674e+23	-2.36475e+23	0	3.285e+23	-3.1682e+10	-3.73624e+10	0	39685.7	-25795.9	0	6.89179e+21	1.04649e+22	0	4.867e+24	2.92425e+10	1.15377e+11	0	-33942.2	9173.9	0	-1.48952e+22	-5.40909e+22	0	5.972e+24	-1.40036e+11	-3.88951e+10	0	10088.5	-28007.2	0	3.33524e+22	1.18178e+22	0	6.39e+23	1.92938e+11	1.33308e+11	0	-12929.2	20393.7	0	-1.38794e+21	-8.76872e+20	0	1.898e+27	6.43535e+11	-4.26994e+11	0	7364.51	10785.1	0	-3.43509e+23	2.34499e+23	0	5.683e+26	9.44991e+09	-1.43182e+12	0	9595.84	153.003	0	-1.90626e+20	3.62364e+22	0	8.681e+25	-3.30986e+11	2.8509e+12	0	-6769.51	-808.551	0	1.64051e+20	-1.40212e+21	0	1.024e+26	2.92542e+12	3.40537e+12	0	-4139.25	3533	0	-4.42656e+20	-5.13762e+20	0	7.342e+22	-1.39913e+11	-3.92545e+10	0	11052.2	-27660.1	0	3.43443e+20	3.40756e+20	0	
10	1.9891e+30	7.38754e+08	1.19233e+10	0	-8.8904	5.34658	0	3.16565e+23	-2.34485e+23	0	3.285e+23	5.11072e+10	-1.764e+10	0	24050.6	41333.7	0	-1.10249e+22	6.4734e+21	0	4.867e+24	-3.97848e+10	1.10922e+11	0	-32582.1	-13500.8	0	2.13871e+22	-5.22572e+22	0	5.972e+24	-1.09358e+11	-8.94641e+10	0	20155.5	-21890.9	0	2.59383e+22	2.37969e+22	0	6.39e+23	1.62944e+11	1.71053e+11	0	-16951.7	17208.9	0	-1.17273e+21	-1.15065e+21	0	1.898e+27	6.579e+11	-4.05181e+11	0	6998.47	11026.1	0	-3.51165e+23	2.22831e+23	0	5.683e+26	2.86403e+10	-1.43139e+12	0	9594.32	280.535	0	-6.73673e+20	3.62385e+22	0	8.681e+25	-3.44521e+11	2.84925e+12	0	-6765.65	-840.846	0	1.70742e+20	-1.40137e+21	0	1.024e+26	2.91713e+12	3.41243e+12	0	-4147.88	3522.96	0	-4.41422e+20	-5.14851e+20	0	7.342e+22	-1.09543e+11	-8.97973e+10	0	21058	-22385.1	0	4.16163e+20	4.69769e+20	0	
10	1.9891e+30	7.21288e+08	1.19337e+10	0	-8.57822	5.11162	0	3.02346e+23	-2.36822e+23	0	3.285e+23	2.69277e+10	6.4312e+10	0	-42518.9	21614.5	0	-5.6903e+21	-1.13686e+22	0	4.867e+24	-9.18221e+10	6.50745e+10	0	-17537	-30689.2	0	4.91989e+22	-2.82557e+22	0	5.972e+24	-6.14743e+10	-1.24189e+11	0	27078	-12354.3	0	1.45205e+22	3.21501e+22	0	6.39e+23	1.25637e+11	2.01622e+11	0	-20214.6	13244	0	-9.04363e+20	-1.37347e+21	0	1.898e+27	6.71524e+11	-3.82898e+11	0	6624.58	11254.6	0	-3.58425e+23	2.10914e+23	0	5.683e+26	4.7826e+10	-1.4307e+12	0	9591.09	408.062	0	-1.1569e+21	3.62342e+22	0	8.681e+25	-3.58049e+11	2.84754e+12	0	-6761.64	-873.123	0	1.77431e+20	-1.4006e+21	0	1.024e+26	2.90883e+12	3.41947e+12	0	-4156.49	3512.89	0	-4.40185e+20	-5.15938e+20	0	7.342e+22	-6.18502e+10	-1.24275e+11	0	27316	-13338	0	3.73131e+20	4.37835e+20	0	
10	1.9891e+30	7.04432e+08	1.19437e+10	0	-8.27892	4.859	0	2.99074e+23	-2.7025e+23	0	3.285e+23	-5.32096e+10	3.62508e+10	0	-19551.7	-42987.3	0	1.13659e+22	-5.12651e+21	0	4.867e+24	-1.0488e+11	-3.1297e+09	0	4962.55	-35010.8	0	5.62308e+22	8.02324e+21	0	5.972e+24	-3.86942e+09	-1.37636e+11	0	29768.9	-888.735	0	9.20085e+20	3.5494e+22	0	6.39e+23	8.26912e+10	2.23625e+11	0	-22569.3	8675.13	0	-5.945e+20	-1.53514e+21	0	1.898e+27	6.84393e+11	-3.60171e+11	0	6243.24	11470.5	0	-3.65281e+23	1.98762e+23	0	5.683e+26	6.70036e+10	-1.42976e+12	0	9586.17	535.563	0	-1.64023e+21	3.62235e+22	0	8.681e+25	-3.71568e+11	2.84576e+12	0	-6757.48	-905.382	0	1.84117e+20	-1.39979e+21	0	1.024e+26	2.90051e+12	3.42648e+12	0	-4165.08	3502.8	0	-4.38946e+20	-5.17022e+20	0	7.342e+22	-4.18882e+09	-1.37422e+11	0	29187.3	-1720.04	0	1.78973e+20	3.25893e+20	0	
10	1.9891e+30	6.88185e+08	1.19531e+10	0	-7.96012	4.56752	0	3.43099e+23	-3.04876e+23	0	3.285e+23	-2.20264e+10	-4.24181e+10	0	43844.7	-17983.9	0	4.84338e+21	1.15881e+22	0	4.867e+24	-7.34059e+10	-6.49842e+10	0	25339.3	-24584	0	3.92863e+22	4.0787e+22	0	5.972e+24	5.44491e+10	-1.27691e+11	0	27800.2	10714.9	0	-1.27444e+22	3.32468e+22	0	6.39e+23	3.60386e+10	2.36054e+11	0	-23906.8	3706.22	0	-2.56754e+20	-1.62804e+21	0	1.898e+27	6.96492e+11	-3.37025e+11	0	5854.9	11673.4	0	-3.71725e+23	1.86389e+23	0	5.683e+26	8.61696e+10	-1.42856e+12	0	9579.55	663.015	0	-2.12357e+21	3.62064e+22	0	8.681e+25	-3.85078e+11	2.84392e+12	0	-6753.16	-937.622	0	1.90799e+20	-1.39895e+21	0	1.024e+26	2.89217e+12	3.43348e+12	0	-4173.64	3492.7	0	-4.37704e+20	-5.18104e+20	0	7.342e+22	5.4401e+10	-1.27316e+11	0	26769	10591.4	0	-1.31357e+20	2.04595e+20	0	
10	1.9891e+30	6.72633e+08	1.1962e+10	0	-7.58034	4.26245	0	4.11383e+23	-2.92526e+23	0	3.285e+23	5.56892e+10	-7.53757e+09	0	15870.7	45141.6	0	-1.20635e+22	4.27788e+21	0	4.867e+24	-1.07879e+10	-9.45496e+10	0	34982.5	-3936.42	0	6.028e+21	5.59765e+22	0	5.972e+24	1.04359e+11	-9.59011e+10	0	21473.8	20645.4	0	-2.44056e+22	2.56864e+22	0	6.39e+23	-1.22143e+10	2.38331e+11	0	-24163	-1439.29	0	9.38295e+19	-1.64748e+21	0	1.898e+27	7.07808e+11	-3.13486e+11	0	5459.98	11863.2	0	-3.77752e+23	1.73808e+23	0	5.683e+26	1.05321e+11	-1.4271e+12	0	9571.23	790.396	0	-2.60684e+21	3.61829e+22	0	8.681e+25	-3.9858e+11	2.84201e+12	0	-6748.68	-969.842	0	1.97479e+20	-1.39807e+21	0	1.024e+26	2.88381e+12	3.44045e+12	0	-4182.18	3482.57	0	-4.36459e+20	-5.19182e+20	0	7.342e+22	1.04608e+11	-9.56175e+10	0	20708.5	21334.1	0	-4.38174e+20	1.59564e+20	0	
10	1.9891e+30	6.57903e+08	1.19702e+10	0	-7.14311	3.99208	0	4.51757e+23	-2.4342e+23	0	3.285e+23	1.65924e+10	6.84046e+10	0	-45753.7	13261.1	0	-3.44792e+21	-1.22041e+22	0	4.867e+24	5.6651e+10	-7.97489e+10	0	30030.6	18166.9	0	-2.91496e+22	4.77573e+22	0	5.972e+24	1.38047e+11	-4.72334e+10	0	11779.5	27352.4	0	-3.23158e+22	1.40141e+22	0	6.39e+23	-5.98812e+10	2.30334e+11	0	-23322.5	-6528.44	0	4.41412e+20	-1.59207e+21	0	1.898e+27	7.18328e+11	-2.89581e+11	0	5058.94	12039.6	0	-3.83353e+23	1.61033e+23	0	5.683e+26	1.24453e+11	-1.4254e+12	0	9561.2	917.682	0	-3.08996e+21	3.6153e+22	0	8.681e+25	-4.12073e+11	2.84004e+12	0	-6744.06	-1002.04	0	2.04155e+20	-1.39717e+21	0	1.024e+26	2.87544e+12	3.44741e+12	0	-4190.69	3472.41	0	-4.35212e+20	-5.20258e+20	0	7.342e+22	1.38418e+11	-4.72411e+10	0	11809.4	28409.2	0	-6.11408e+20	1.75716e+20	0	
10	1.9891e+30	6.44077e+08	1.1978e+10	0	-6.68043	3.77078	0	4.67233e+23	-1.9838e+23	0	3.285e+23	-5.685e+10	2.59448e+10	0	-11235.1	-45846.2	0	1.2105e+22	-2.94269e+21	0	4.867e+24	1.01e+11	-2.70497e+10	0	12749.1	32630	0	-5.19337e+22	2.0201e+22	0	5.972e+24	1.50239e+11	1.06984e+10	0	239.45	29787.5	0	-3.52964e+22	1.38422e+20	0	6.39e+23	-1.04795e+11	2.12409e+11	0	-21419.6	-11329.2	0	7.7006e+20	-1.4638e+21	0	1.898e+27	7.2804e+11	-2.65336e+11	0	4652.22	12202.5	0	-3.88523e+23	1.48079e+23	0	5.683e+26	1.43564e+11	-1.42343e+12	0	9549.48	1044.85	0	-3.57283e+21	3.61166e+22	0	8.681e+25	-4.25556e+11	2.838e+12	0	-6739.28	-1034.22	0	2.10827e+20	-1.39623e+21	0	1.024e+26	2.86705e+12	3.45434e+12	0	-4199.18	3462.24	0	-4.33962e+20	-5.21331e+20	0	7.342e+22	1.50467e+11	1.0399e+10	0	1047.05	30438.8	0	-5.59164e+20	1.69338e+20	0	
10	1.9891e+30	6.31191e+08	1.19853e+10	0	-6.20363	3.59376	0	4.80568e+23	-1.51179e+23	0	3.285e+23	-1.1568e+10	-4.55875e+10	0	46488	-9515.33	0	2.61209e+21	1.23173e+22	0	4.867e+24	1.04144e+11	4.16912e+10	0	-9714.13	33658.3	0	-5.35496e+22	-1.53644e+22	0	5.972e+24	1.3902e+11	6.88277e+10	0	-11333.8	27565.2	0	-3.28002e+22	-1.36529e+22	0	6.39e+23	-1.44905e+11	1.85356e+11	0	-18537.7	-15621	0	1.0645e+21	-1.26809e+21	0	1.898e+27	7.36933e+11	-2.4078e+11	0	4240.29	12351.7	0	-3.93256e+23	1.34961e+23	0	5.683e+26	1.6265e+11	-1.42122e+12	0	9536.05	1171.88	0	-4.05537e+21	3.60738e+22	0	8.681e+25	-4.3903e+11	2.8359e+12	0	-6734.34	-1066.38	0	2.17496e+20	-1.39526e+21	0	1.024e+26	2.85864e+12	3.46126e+12	0	-4207.64	3452.05	0	-4.32709e+20	-5.22402e+20	0	7.342e+22	1.3895e+11	6.84502e+10	0	-10334.2	27385.4	0	-3.67986e+20	3.01216e+19	0	
10	1.9891e+30	6.19267e+08	1.19924e+10	0	-5.72108	3.47341	0	4.72318e+23	-8.64344e+22	0	3.285e+23	5.83115e+10	3.25598e+09	0	7110.36	47336.6	0	-1.26637e+22	1.9198e+21	0	4.867e+24	6.47992e+10	9.82252e+10	0	-28238.2	20843.1	0	-3.33851e+22	-4.48531e+22	0	5.972e+24	1.06144e+11	1.18058e+11	0	-21127.4	21028.7	0	-2.51477e+22	-2.52114e+22	0	6.39e+23	-1.78377e+11	1.50396e+11	0	-14806.2	-19205.7	0	1.31088e+21	-1.01362e+21	0	1.898e+27	7.44998e+11	-2.15939e+11	0	3823.6	12486.9	0	-3.97548e+23	1.21692e+23	0	5.683e+26	1.81707e+11	-1.41875e+12	0	9520.93	1298.75	0	-4.5375e+21	3.60245e+22	0	8.681e+25	-4.52494e+11	2.83374e+12	0	-6729.26	-1098.51	0	2.24161e+20	-1.39426e+21	0	1.024e+26	2.85022e+12	3.46815e+12	0	-4216.08	3441.84	0	-4.31455e+20	-5.23469e+20	0	7.342e+22	1.05818e+11	1.17855e+11	0	-20581.6	20165.3	0	-1.39918e+20	-2.05698e+20	0	
10	1.9891e+30	6.08285e+08	1.19992e+10	0	-5.27004	3.41405	0	4.18825e+23	-3.9548e+22	0	3.285e+23	5.70573e+09	7.0495e+10	0	-47361.7	4471.47	0	-1.10005e+21	-1.26007e+22	0	4.867e+24	-9.95638e+08	1.19157e+11	0	-35195.5	-695.996	0	8.39494e+20	-5.62488e+22	0	5.972e+24	5.67547e+10	1.5069e+11	0	-27611.2	11198.5	0	-1.34785e+22	-3.27738e+22	0	6.39e+23	-2.03675e+11	1.09116e+11	0	-10394.3	-21916.6	0	1.49748e+21	-7.11934e+20	0	1.898e+27	7.52225e+11	-1.90842e+11	0	3402.62	12608.1	0	-4.01392e+23	1.08287e+23	0	5.683e+26	2.00733e+11	-1.41602e+12	0	9504.12	1425.43	0	-5.01912e+21	3.59688e+22	0	8.681e+25	-4.65947e+11	2.83151e+12	0	-6724.01	-1130.62	0	2.30822e+20	-1.39323e+21	0	1.024e+26	2.84178e+12	3.47502e+12	0	-4224.49	3431.6	0	-4.30197e+20	-5.24534e+20	0	7.342e+22	5.63819e+10	1.50791e+11	0	-27882.5	10228.6	0	2.71095e+19	-4.55322e+20	0	
10	1.9891e+30	5.98145e+08	1.2006e+10	0	-4.88039	3.37446	0	3.60632e+23	-4.76461e+22	0	3.285e+23	-5.84972e+10	1.51521e+10	0	-2539.96	-47122.9	0	1.24344e+22	-6.63951e+20	0	4.867e+24	-6.60762e+10	9.54993e+10	0	-27507	-22130.9	0	3.53129e+22	-4.42258e+22	0	5.972e+24	-1.42085e+09	1.61626e+11	0	-29776.6	-386.172	0	3.83901e+20	-3.52221e+22	0	6.39e+23	-2.19634e+11	6.33972e+10	0	-5504.06	-23627.3	0	1.61534e+21	-3.76978e+20	0	1.898e+27	7.58606e+11	-1.65516e+11	0	2977.83	12715.1	0	-4.04786e+23	9.47631e+22	0	5.683e+26	2.19723e+11	-1.41304e+12	0	9485.61	1551.91	0	-5.50015e+21	3.59067e+22	0	8.681e+25	-4.7939e+11	2.82921e+12	0	-6718.62	-1162.71	0	2.37479e+20	-1.39216e+21	0	1.024e+26	2.83332e+12	3.48188e+12	0	-4232.88	3421.35	0	-4.28937e+20	-5.25596e+20	0	7.342e+22	-1.59162e+09	1.61962e+11	0	-30714.6	-834.204	0	9.96385e+19	-6.17102e+20	0	
10	1.9891e+30	5.88737e+08	1.20127e+10	0	-4.53064	3.30942	0	3.42393e+23	-8.15914e+22	0	3.285e+23	-6.6995e+08	-4.67472e+10	0	47511.9	-680.354	0	2.72472e+20	1.26216e+22	0	4.867e+24	-1.0315e+11	3.68289e+10	0	-8193.85	-34398.5	0	5.52295e+22	-1.32157e+22	0	5.972e+24	-5.92816e+10	1.49162e+11	0	-27291.7	-11910.1	0	1.4246e+22	-3.22556e+22	0	6.39e+23	-2.25521e+11	1.53279e+10	0	-360.357	-24257.8	0	1.65879e+21	-2.43711e+19	0	1.898e+27	7.64134e+11	-1.39991e+11	0	2549.7	12807.8	0	-4.07726e+23	8.11335e+22	0	5.683e+26	2.38674e+11	-1.40981e+12	0	9465.4	1678.16	0	-5.98051e+21	3.58381e+22	0	8.681e+25	-4.92821e+11	2.82686e+12	0	-6713.07	-1194.77	0	2.44132e+20	-1.39107e+21	0	1.024e+26	2.82485e+12	3.48871e+12	0	-4241.25	3411.07	0	-4.27675e+20	-5.26654e+20	0	7.342e+22	-5.91318e+10	1.49506e+11	0	-28247.5	-11498.5	0	8.97888e+19	-5.88316e+20	0	
10	1.9891e+30	5.80022e+08	1.20193e+10	0	-4.18277	3.21641	0	3.50449e+23	-9.99264e+22	0	3.285e+23	5.88772e+10	1.43597e+10	0	-1911.27	47835	0	-1.28007e+22	-5.1182e+20	0	4.867e+24	-9.64818e+10	-3.22942e+10	0	14611.1	-32186.3	0	5.16288e+22	2.35665e+22	0	5.972e+24	-1.0778e+11	1.15255e+11	0	-20547.6	-21566	0	2.58234e+22	-2.43522e+22	0	6.39e+23	-2.21064e+11	-3.28932e+10	0	4799.66	-23778.6	0	1.62573e+21	3.29359e+20	0	1.898e+27	7.68803e+11	-1.14295e+11	0	2118.72	12886	0	-4.10207e+23	6.74139e+22	0	5.683e+26	2.57583e+11	-1.40633e+12	0	9443.51	1804.15	0	-6.4601e+21	3.57631e+22	0	8.681e+25	-5.06242e+11	2.82443e+12	0	-6707.37	-1226.8	0	2.5078e+20	-1.38994e+21	0	1.024e+26	2.81636e+12	3.49552e+12	0	-4249.59	3400.77	0	-4.2641e+20	-5.27711e+20	0	7.342e+22	-1.07422e+11	1.1537e+11	0	-20854.4	-20573.6	0	1.17144e+20	-3.64686e+20	0	
10	1.9891e+30	5.72011e+08	1.20256e+10	0	-3.8273	3.11029	0	3.56907e+23	-1.12855e+23	0	3.285e+23	-5.34745e+09	7.05228e+10	0	-47298.7	-4440.38	0	1.26808e+21	-1.25511e+22	0	4.867e+24	-4.89168e+10	-8.27676e+10	0	31193.7	-16459.3	0	2.61537e+22	5.00862e+22	0	5.972e+24	-1.39336e+11	6.52109e+10	0	-10595.8	-27842	0	3.32552e+22	-1.2691e+22	0	6.39e+23	-2.06469e+11	-7.90604e+10	0	9738.06	-22212.2	0	1.51776e+21	6.6764e+20	0	1.898e+27	7.72607e+11	-8.84564e+10	0	1685.36	12949.8	0	-4.12228e+23	5.36196e+22	0	5.683e+26	2.76447e+11	-1.4026e+12	0	9419.94	1929.87	0	-6.93884e+21	3.56816e+22	0	8.681e+25	-5.19651e+11	2.82195e+12	0	-6701.52	-1258.81	0	2.57424e+20	-1.38878e+21	0	1.024e+26	2.80785e+12	3.50231e+12	0	-4257.91	3390.46	0	-4.25143e+20	-5.28764e+20	0	7.342e+22	-1.39023e+11	6.50074e+10	0	-10038.7	-26951.6	0	2.32766e+20	-4.0558e+19	0	
10	1.9891e+30	5.64721e+08	1.20317e+10	0	-3.45864	2.98648	0	3.81732e+23	-1.32568e+23	0	3.285e+23	-5.80983e+10	4.24867e+09	0	6239.89	-46778.3	0	1.23451e+22	1.63584e+21	0	4.867e+24	1.94052e+10	-9.3572e+10	0	34643.5	6009.63	0	-9.85695e+21	5.52764e+22	0	5.972e+24	-1.49022e+11	6.85191e+09	0	1014.15	-29759.3	0	3.53946e+22	1.02616e+21	0	6.39e+23	-1.8241e+11	-1.21065e+11	0	14227.6	-19631.9	0	1.34011e+21	9.74689e+20	0	1.898e+27	7.75543e+11	-6.25051e+10	0	1250.11	12999	0	-4.13787e+23	3.97658e+22	0	5.683e+26	2.95262e+11	-1.39861e+12	0	9394.68	2055.29	0	-7.41665e+21	3.55937e+22	0	8.681e+25	-5.33048e+11	2.8194e+12	0	-6695.51	-1290.79	0	2.64063e+20	-1.38759e+21	0	1.024e+26	2.79932e+12	3.50908e+12	0	-4266.2	3380.12	0	-4.23873e+20	-5.29814e+20	0	7.342e+22	-1.4897e+11	6.47169e+09	0	2015.37	-29602.4	0	4.08192e+20	2.13042e+20	0	
10	1.9891e+30	5.58203e+08	1.20375e+10	0	-3.05022	2.85275	0	4.32604e+23	-1.25862e+23	0	3.285e+23	1.02852e+10	-4.5846e+10	0	46867.8	8214.25	0	-2.09563e+21	1.24836e+22	0	4.867e+24	7.99531e+10	-6.05409e+10	0	23743.5	25804.7	0	-4.1209e+22	3.7677e+22	0	5.972e+24	-1.3533e+11	-5.07002e+10	0	12470.7	-27024.6	0	3.2008e+22	1.46797e+22	0	6.39e+23	-1.49995e+11	-1.56991e+11	0	18062.9	-16158.2	0	1.10131e+21	1.23632e+21	0	1.898e+27	7.77606e+11	-3.64701e+10	0	813.473	13033.6	0	-4.14881e+23	2.58682e+22	0	5.683e+26	3.14025e+11	-1.39438e+12	0	9367.73	2180.39	0	-7.89343e+21	3.54994e+22	0	8.681e+25	-5.46433e+11	2.81679e+12	0	-6689.35	-1322.75	0	2.70697e+20	-1.38636e+21	0	1.024e+26	2.79078e+12	3.51583e+12	0	-4274.46	3369.76	0	-4.22601e+20	-5.30861e+20	0	7.342e+22	-1.35572e+11	-5.09987e+10	0	13258.4	-27670.4	0	5.17808e+20	3.35495e+20	0	
10	1.9891e+30	5.52553e+08	1.20431e+10	0	-2.59431	2.74899	0	4.6698e+23	-7.5377e+22	0	3.285e+23	5.73626e+10	2.53768e+10	0	-10863.8	46616.1	0	-1.24683e+22	-2.9243e+21	0	4.867e+24	1.07827e+11	2.401e+09	0	3149.21	34882	0	-5.54701e+22	4.98944e+21	0	5.972e+24	-1.00401e+11	-9.84491e+10	0	21983.1	-20069.6	0	2.36779e+22	2.61165e+22	0	6.39e+23	-1.10711e+11	-1.85208e+11	0	21069.5	-11952.6	0	8.12743e+20	1.44063e+21	0	1.898e+27	7.78796e+11	-1.03806e+10	0	375.924	13053.5	0	-4.1551e+23	1.19422e+22	0	5.683e+26	3.32732e+11	-1.38989e+12	0	9339.12	2305.15	0	-8.3691e+21	3.53987e+22	0	8.681e+25	-5.59805e+11	2.81411e+12	0	-6683.04	-1354.67	0	2.77326e+20	-1.38511e+21	0	1.024e+26	2.78223e+12	3.52256e+12	0	-4282.7	3359.38	0	-4.21327e+20	-5.31906e+20	0	7.342e+22	-1.00785e+11	-9.84713e+10	0	22042.5	-21082.9	0	4.90199e+20	3.30807e+20	0	
10	1.9891e+30	5.47833e+08	1.20486e+10	0	-2.12746	2.70091	0	4.5579e+23	-2.49744e+22	0	3.285e+23	-1.61802e+10	6.84953e+10	0	-45579.9	-13161.1	0	3.57308e+21	-1.20638e+22	0	4.867e+24	9.16826e+10	6.93034e+10	0	-18723.2	29630.9	0	-4.72308e+22	-2.96692e+22	0	5.972e+24	-4.96947e+10	-1.28928e+11	0	28060.9	-9981.98	0	1.17386e+22	3.34803e+22	0	6.39e+23	-6.63594e+10	-2.04442e+11	0	23112.6	-7209.53	0	4.8799e+20	1.57853e+21	0	1.898e+27	7.7911e+11	1.57341e+10	0	-62.0426	13058.7	0	-4.15672e+23	-1.99675e+21	0	5.683e+26	3.5138e+11	-1.38516e+12	0	9308.83	2429.54	0	-8.84357e+21	3.52916e+22	0	8.681e+25	-5.73165e+11	2.81137e+12	0	-6676.57	-1386.57	0	2.8395e+20	-1.38382e+21	0	1.024e+26	2.77365e+12	3.52927e+12	0	-4290.92	3348.98	0	-4.2005e+20	-5.32947e+20	0	7.342e+22	-4.99695e+10	-1.28665e+11	0	27332.3	-10701.8	0	2.93461e+20	2.70448e+20	0	
10	1.9891e+30	5.44029e+08	1.20539e+10	0	-1.68089	2.68741	0	4.3442e+23	-6.12343e+21	0	3.285e+23	-5.56679e+10	-6.38953e+09	0	14809	-44823.4	0	1.18397e+22	3.88254e+21	0	4.867e+24	3.80784e+10	1.12643e+11	0	-32974.2	12134.2	0	-1.9598e+22	-5.25137e+22	0	5.972e+24	8.86454e+09	-1.37366e+11	0	29748.2	1664.24	0	-1.94986e+21	3.55569e+22	0	6.39e+23	-1.8964e+10	-2.13832e+11	0	24102.1	-2146.86	0	1.42152e+20	1.64415e+21	0	1.898e+27	7.78548e+11	4.18446e+10	0	-499.934	13049.3	0	-4.15369e+23	-1.59332e+22	0	5.683e+26	3.69966e+11	-1.38017e+12	0	9276.87	2553.54	0	-9.31676e+21	3.51781e+22	0	8.681e+25	-5.86511e+11	2.80856e+12	0	-6669.95	-1418.44	0	2.90569e+20	-1.3825e+21	0	1.024e+26	2.76506e+12	3.53596e+12	0	-4299.11	3338.56	0	-4.1877e+20	-5.33986e+20	0	7.342e+22	8.89188e+09	-1.36995e+11	0	28695.9	1747.8	0	-4.01584e+19	2.25161e+20	0	
10	1.9891e+30	5.41101e+08	1.20593e+10	0	-1.24813	2.68607	0	4.28198e+23	4.8558e+21	0	3.285e+23	2.09109e+10	-4.29065e+10	0	44565.8	16854.1	0	-4.40813e+21	1.1901e+22	0	4.867e+24	-3.10251e+10	1.14321e+11	0	-33629.7	-10550	0	1.66351e+22	-5.39007e+22	0	5.972e+24	6.61232e+10	-1.22436e+11	0	26775.9	13054.3	0	-1.53484e+22	3.19472e+22	0	6.39e+23	2.93182e+10	-2.12969e+11	0	23996.9	3004.37	0	-2.08912e+20	1.635e+21	0	1.898e+27	7.7711e+11	6.79215e+10	0	-937.26	13025.2	0	-4.14599e+23	-2.98516e+22	0	5.683e+26	3.88486e+11	-1.37494e+12	0	9243.25	2677.13	0	-9.78856e+21	3.50582e+22	0	8.681e+25	-5.99844e+11	2.80569e+12	0	-6663.18	-1450.27	0	2.97182e+20	-1.38115e+21	0	1.024e+26	2.75646e+12	3.54262e+12	0	-4307.28	3328.13	0	-4.17488e+20	-5.35021e+20	0	7.342e+22	6.64296e+10	-1.22217e+11	0	26168.4	13890.5	0	-3.59995e+20	2.71245e+20	0	
10	1.9891e+30	5.39033e+08	1.20647e+10	0	-0.821831	2.70045	0	4.16498e+23	2.331e+22	0	3.285e+23	5.38238e+10	3.59133e+10	0	-19418.8	43726.8	0	-1.16804e+22	-5.22552e+21	0	4.867e+24	-8.69003e+10	7.32972e+10	0	-20189.5	-28998.3	0	4.64435e+22	-3.25277e+22	0	5.972e+24	1.13126e+11	-8.64677e+10	0	19610.2	22411.2	0	-2.64474e+22	2.32781e+22	0	6.39e+23	7.62981e+10	-2.0191e+11	0	22805.4	8010.77	0	-5.49315e+20	1.55204e+21	0	1.898e+27	7.74799e+11	9.39355e+10	0	-1373.53	12986.4	0	-4.13364e+23	-4.37363e+22	0	5.683e+26	4.06938e+11	-1.36947e+12	0	9207.98	2800.29	0	-1.02589e+22	3.4932e+22	0	8.681e+25	-6.13164e+11	2.80276e+12	0	-6656.26	-1482.08	0	3.0379e+20	-1.37977e+21	0	1.024e+26	2.74783e+12	3.54927e+12	0	-4315.42	3317.67	0	-4.16204e+20	-5.36054e+20	0	7.342e+22	1.13492e+11	-8.65545e+10	0	19850.1	23426.6	0	-5.28593e+20	3.33283e+20	0	
10	1.9891e+30	5.378e+08	1.20701e+10	0	-0.414656	2.7252	0	3.94925e+23	2.02024e+22	0	3.285e+23	-2.64146e+10	6.44938e+10	0	-42278.2	-21389.3	0	5.73686e+21	-1.11628e+22	0	4.867e+24	-1.05972e+11	6.5328e+09	0	1825.71	-35317.4	0	5.67253e+22	2.9453e+21	0	5.972e+24	1.42518e+11	-3.50836e+10	0	9376	28270.6	0	-3.35236e+22	1.09855e+22	0	6.39e+23	1.19853e+11	-1.81172e+11	0	20585.2	12647.1	0	-8.63866e+20	1.39948e+21	0	1.898e+27	7.71617e+11	1.19857e+11	0	-1808.25	12933	0	-4.11666e+23	-5.7572e+22	0	5.683e+26	4.25317e+11	-1.36374e+12	0	9171.05	2923	0	-1.07277e+22	3.47994e+22	0	8.681e+25	-6.26469e+11	2.79977e+12	0	-6649.18	-1513.85	0	3.10392e+20	-1.37836e+21	0	1.024e+26	2.7392e+12	3.55589e+12	0	-4323.54	3307.19	0	-4.14917e+20	-5.37083e+20	0	7.342e+22	1.42688e+11	-3.54239e+10	0	10281.2	28754.7	0	-5.01941e+20	3.18179e+20	0	
10	1.9891e+30	5.37367e+08	1.20756e+10	0	-0.0168213	2.73372	0	4.03945e+23	-2.94294e+21	0	3.285e+23	-5.12873e+10	-1.63941e+10	0	22878.2	-41321	0	1.09329e+22	6.00364e+21	0	4.867e+24	-8.01209e+10	-5.78985e+10	0	23061.9	-26755.8	0	4.28063e+22	3.71305e+22	0	5.972e+24	1.49693e+11	2.36773e+10	0	-2321.16	29709.8	0	-3.53814e+22	-2.92869e+21	0	6.39e+23	1.5802e+11	-1.51706e+11	0	17439.2	16706	0	-1.13871e+21	1.18454e+21	0	1.898e+27	7.67567e+11	1.45658e+11	0	-2240.95	12865.1	0	-4.09506e+23	-7.13431e+22	0	5.683e+26	4.43621e+11	-1.35777e+12	0	9132.47	3045.22	0	-1.11949e+22	3.46604e+22	0	8.681e+25	-6.39761e+11	2.79671e+12	0	-6641.96	-1545.59	0	3.16988e+20	-1.37692e+21	0	1.024e+26	2.73054e+12	3.5625e+12	0	-4331.63	3296.69	0	-4.13628e+20	-5.3811e+20	0	7.342e+22	1.49558e+11	2.3315e+10	0	-1378.13	29355.7	0	-3.66771e+20	1.50668e+20	0	
10	1.9891e+30	5.37753e+08	1.2081e+10	0	0.409976	2.72902	0	4.47454e+23	1.783e+21	0	3.285e+23	3.08292e+10	-3.80222e+10	0	40674	24928.7	0	-6.58011e+21	1.08879e+22	0	4.867e+24	-2.03441e+10	-9.29386e+10	0	34518.3	-7035.37	0	1.09947e+22	5.52714e+22	0	5.972e+24	1.33525e+11	8.06204e+10	0	-13649.9	26497.6	0	-3.16675e+22	-1.63e+22	0	6.39e+23	1.89087e+11	-1.14853e+11	0	13511.1	20007.1	0	-1.36187e+21	9.17075e+20	0	1.898e+27	7.62655e+11	1.71308e+11	0	-2671.12	12782.7	0	-4.06886e+23	-8.50344e+22	0	5.683e+26	4.61846e+11	-1.35156e+12	0	9092.26	3166.95	0	-1.16603e+22	3.45151e+22	0	8.681e+25	-6.53037e+11	2.79358e+12	0	-6634.58	-1577.29	0	3.23579e+20	-1.37544e+21	0	1.024e+26	2.72187e+12	3.56908e+12	0	-4339.69	3286.17	0	-4.12337e+20	-5.39133e+20	0	7.342e+22	1.3317e+11	8.04759e+10	0	-13269.4	25546.3	0	-2.04187e+20	-1.25435e+20	0	
10	1.9891e+30	5.39036e+08	1.20865e+10	0	0.877541	2.7529	0	4.7585e+23	5.02084e+22	0	3.285e+23	4.83896e+10	4.55943e+10	0	-27264.6	39277.4	0	-1.04692e+22	-7.32862e+21	0	4.867e+24	4.81883e+10	-8.41794e+10	0	31542.8	15440.7	0	-2.48378e+22	5.01905e+22	0	5.972e+24	9.6544e+10	1.26837e+11	0	-22838.9	19133.6	0	-2.29066e+22	-2.70773e+22	0	6.39e+23	2.1166e+11	-7.22809e+10	0	8978.18	22404.3	0	-1.52373e+21	6.09109e+20	0	1.898e+27	7.56885e+11	1.96779e+11	0	-3098.29	12685.9	0	-4.0381e+23	-9.86308e+22	0	5.683e+26	4.79989e+11	-1.34511e+12	0	9050.4	3288.15	0	-1.21239e+22	3.43635e+22	0	8.681e+25	-6.66299e+11	2.7904e+12	0	-6627.05	-1608.97	0	3.30163e+20	-1.37394e+21	0	1.024e+26	2.71318e+12	3.57564e+12	0	-4347.73	3275.63	0	-4.11043e+20	-5.40154e+20	0	7.342e+22	9.61984e+10	1.27e+11	0	-23287.5	18220.5	0	-9.82389e+19	-4.20862e+20	0	
10	1.9891e+30	5.41268e+08	1.20921e+10	0	1.35372	2.82959	0	4.67388e+23	9.89967e+22	0	3.285e+23	-3.56971e+10	5.86673e+10	0	-37519.3	-28844.8	0	7.68833e+21	-9.88455e+21	0	4.867e+24	9.70555e+10	-3.55971e+10	0	15592.7	31381.5	0	-4.9979e+22	2.47005e+22	0	5.972e+24	4.45395e+10	1.55099e+11	0	-28455.1	8772.28	0	-1.04711e+22	-3.36443e+22	0	6.39e+23	2.24731e+11	-2.59098e+10	0	4044.08	23791.8	0	-1.61735e+21	2.74315e+20	0	1.898e+27	7.50264e+11	2.22042e+11	0	-3521.98	12574.9	0	-4.0028e+23	-1.12117e+23	0	5.683e+26	4.98046e+11	-1.33841e+12	0	9006.92	3408.81	0	-1.25856e+22	3.42057e+22	0	8.681e+25	-6.79545e+11	2.78715e+12	0	-6619.36	-1640.6	0	3.3674e+20	-1.3724e+21	0	1.024e+26	2.70448e+12	3.58218e+12	0	-4355.75	3265.07	0	-4.09746e+20	-5.41171e+20	0	7.342e+22	4.44381e+10	1.55457e+11	0	-29472.9	8510.12	0	-6.95185e+19	-6.17762e+20	0	
10	1.9891e+30	5.44441e+08	1.20979e+10	0	1.81574	2.94609	0	4.52518e+23	1.31755e+23	0	3.285e+23	-4.51057e+10	-2.54161e+10	0	30172.4	-36384.7	0	9.65187e+21	7.92899e+21	0	4.867e+24	1.06273e+11	3.25993e+10	0	-6696.75	34380.4	0	-5.46847e+22	-1.05999e+22	0	5.972e+24	-1.4348e+10	1.60992e+11	0	-29625.7	-2960.09	0	3.64852e+21	-3.50605e+22	0	6.39e+23	2.27715e+11	2.21718e+10	0	-1070.6	24108.7	0	-1.63871e+21	-7.25507e+19	0	1.898e+27	7.428e+11	2.47069e+11	0	-3941.72	12449.7	0	-3.96302e+23	-1.25478e+23	0	5.683e+26	5.16015e+11	-1.33147e+12	0	8961.82	3528.9	0	-1.30454e+22	3.40416e+22	0	8.681e+25	-6.92776e+11	2.78383e+12	0	-6611.53	-1672.2	0	3.43311e+20	-1.37083e+21	0	1.024e+26	2.69576e+12	3.5887e+12	0	-4363.74	3254.49	0	-4.08448e+20	-5.42185e+20	0	7.342e+22	-1.41283e+10	1.61292e+11	0	-30484	-2355.51	0	-8.23211e+19	-6.02016e+20	0	
10	1.9891e+30	5.48523e+08	1.21039e+10	0	2.26357	3.09707	0	4.35631e+23	1.70877e+23	0	3.285e+23	3.96848e+10	-3.13569e+10	0	35322	32144.6	0	-8.52987e+21	9.47564e+21	0	4.867e+24	7.20995e+10	9.23732e+10	0	-26268.8	23249	0	-3.71833e+22	-4.17096e+22	0	5.972e+24	-7.09044e+10	1.43601e+11	0	-26168.9	-14221.5	0	1.71031e+22	-3.10854e+22	0	6.39e+23	2.20479e+11	6.98008e+10	0	-6137.46	23340.9	0	-1.58691e+21	-4.16249e+20	0	1.898e+27	7.345e+11	2.71831e+11	0	-4357.02	12310.5	0	-3.91878e+23	-1.38699e+23	0	5.683e+26	5.33893e+11	-1.32429e+12	0	8915.1	3648.4	0	-1.3503e+22	3.38712e+22	0	8.681e+25	-7.05991e+11	2.78046e+12	0	-6603.55	-1703.77	0	3.49876e+20	-1.36923e+21	0	1.024e+26	2.68702e+12	3.5952e+12	0	-4371.71	3243.89	0	-4.07147e+20	-5.43196e+20	0	7.342e+22	-7.05266e+10	1.43634e+11	0	-26263.7	-13198.5	0	4.50442e+18	-4.01064e+20	0	
10	1.9891e+30	5.53475e+08	1.21103e+10	0	2.68069	3.28984	0	3.87547e+23	2.08325e+23	0	3.285e+23	4.12578e+10	5.40798e+10	0	-34119.3	33435.6	0	-8.88335e+21	-9.15651e+21	0	4.867e+24	8.45587e+09	1.19035e+11	0	-35095.5	2425.12	0	-4.14528e+21	-5.60522e+22	0	5.972e+24	-1.16286e+11	1.05652e+11	0	-18622.1	-23249.8	0	2.77739e+22	-2.226e+22	0	6.39e+23	2.03347e+11	1.14833e+11	0	-10930.1	21522.1	0	-1.46413e+21	-7.41652e+20	0	1.898e+27	7.25375e+11	2.96302e+11	0	-4767.44	12157.4	0	-3.87015e+23	-1.51765e+23	0	5.683e+26	5.51675e+11	-1.31688e+12	0	8866.78	3767.3	0	-1.39585e+22	3.36946e+22	0	8.681e+25	-7.1919e+11	2.77702e+12	0	-6595.41	-1735.29	0	3.56434e+20	-1.3676e+21	0	1.024e+26	2.67827e+12	3.60168e+12	0	-4379.64	3233.27	0	-4.05843e+20	-5.44203e+20	0	7.342e+22	-1.16013e+11	1.05389e+11	0	-17916.5	-22493.9	0	1.94955e+20	-1.32375e+20	0	
10	1.9891e+30	5.59203e+08	1.21171e+10	0	3.03658	3.49959	0	3.22418e+23	1.99339e+23	0	3.285e+23	-4.37089e+10	5.12274e+10	0	-31475	-35277.2	0	9.36495e+21	-8.27641e+21	0	4.867e+24	-5.84258e+10	1.01255e+11	0	-29347.5	-19590.6	0	3.12059e+22	-4.71639e+22	0	5.972e+24	-1.43403e+11	5.30788e+10	0	-8160.99	-28637.1	0	3.40317e+22	-9.88151e+21	0	6.39e+23	1.77084e+11	1.5524e+11	0	-15233.9	18732.4	0	-1.27564e+21	-1.03435e+21	0	1.898e+27	7.15434e+11	3.20452e+11	0	-5172.5	11990.7	0	-3.81717e+23	-1.64661e+23	0	5.683e+26	5.69359e+11	-1.30923e+12	0	8816.86	3885.56	0	-1.44118e+22	3.35118e+22	0	8.681e+25	-7.32373e+11	2.77352e+12	0	-6587.12	-1766.78	0	3.62985e+20	-1.36594e+21	0	1.024e+26	2.6695e+12	3.60814e+12	0	-4387.56	3222.63	0	-4.04537e+20	-5.45208e+20	0	7.342e+22	-1.43415e+11	5.26925e+10	0	-7154.7	-28658.7	0	4.25517e+20	7.76394e+19	0	
10	1.9891e+30	5.65587e+08	1.21243e+10	0	3.34221	3.6771	0	2.94507e+23	1.51438e+23	0	3.285e+23	-3.7333e+10	-3.31368e+10	0	36439.6	-30176.4	0	8.03539e+21	9.59327e+21	0	4.867e+24	-1.00549e+11	4.61305e+10	0	-11216.6	-33527.6	0	5.38107e+22	-1.81012e+22	0	5.972e+24	-1.48019e+11	-5.89827e+09	0	3580.77	-29548.1	0	3.49834e+22	4.12868e+21	0	6.39e+23	1.42866e+11	1.89196e+11	0	-18855.1	15095	0	-1.02953e+21	-1.28128e+21	0	1.898e+27	7.04688e+11	3.44255e+11	0	-5571.75	11810.5	0	-3.7599e+23	-1.77374e+23	0	5.683e+26	5.86941e+11	-1.30134e+12	0	8765.35	4003.16	0	-1.48627e+22	3.33229e+22	0	8.681e+25	-7.45539e+11	2.76995e+12	0	-6578.68	-1798.23	0	3.69528e+20	-1.36424e+21	0	1.024e+26	2.66072e+12	3.61457e+12	0	-4395.45	3211.97	0	-4.03229e+20	-5.46209e+20	0	7.342e+22	-1.48307e+11	-6.15168e+09	0	4241.66	-30326.6	0	5.79603e+20	1.84512e+20	0	
10	1.9891e+30	5.72571e+08	1.21318e+10	0	3.64454	3.80872	0	3.11435e+23	1.15816e+23	0	3.285e+23	4.7158e+10	-2.31385e+10	0	28693.5	38235.2	0	-1.01822e+22	7.7117e+21	0	4.867e+24	-1.00049e+11	-2.3313e+10	0	11695.3	-33365.2	0	5.35467e+22	1.88577e+22	0	5.972e+24	-1.29416e+11	-6.206e+10	0	14767.6	-25845.3	0	3.05375e+22	1.75683e+22	0	6.39e+23	1.02228e+11	2.15161e+11	0	-21629.4	10771.3	0	-7.36486e+20	-1.47123e+21	0	1.898e+27	6.93151e+11	3.67685e+11	0	-5964.74	11616.9	0	-3.69841e+23	-1.89889e+23	0	5.683e+26	6.04419e+11	-1.29321e+12	0	8712.25	4120.09	0	-1.53112e+22	3.31278e+22	0	8.681e+25	-7.58687e+11	2.76632e+12	0	-6570.1	-1829.64	0	3.76065e+20	-1.36252e+21	0	1.024e+26	2.65192e+12	3.62098e+12	0	-4403.31	3201.29	0	-4.01918e+20	-5.47207e+20	0	7.342e+22	-1.29794e+11	-6.2012e+10	0	14633.6	-26865.5	0	5.7752e+20	1.88527e+20	0	
10	1.9891e+30	5.80181e+08	1.21395e+10	0	3.96983	3.91981	0	3.34106e+23	1.07393e+23	0	3.285e+23	3.26856e+10	6.10736e+10	0	-39740	26419.6	0	-6.98572e+21	-1.06437e+22	0	4.867e+24	-5.71385e+10	-7.78337e+10	0	29625.1	-19174.6	0	3.05344e+22	4.75905e+22	0	5.972e+24	-9.04997e+10	-1.06626e+11	0	23647.7	-18108.4	0	2.14228e+22	2.82535e+22	0	6.39e+23	5.69985e+10	2.31951e+11	0	-23429.6	5954.11	0	-4.0934e+20	-1.5954e+21	0	1.898e+27	6.80834e+11	3.90714e+11	0	-6351.03	11410.3	0	-3.63276e+23	-2.02192e+23	0	5.683e+26	6.21789e+11	-1.28486e+12	0	8657.58	4236.33	0	-1.57572e+22	3.29266e+22	0	8.681e+25	-7.71819e+11	2.76263e+12	0	-6561.36	-1861.01	0	3.82594e+20	-1.36076e+21	0	1.024e+26	2.64311e+12	3.62737e+12	0	-4411.15	3190.6	0	-4.00605e+20	-5.48202e+20	0	7.342e+22	-9.07146e+10	-1.06316e+11	0	22786.2	-18678.4	0	3.83355e+20	1.75863e+20	0	
10	1.9891e+30	5.88464e+08	1.21474e+10	0	4.31636	4.0246	0	3.57701e+23	1.0086e+23	0	3.285e+23	-5.0178e+10	4.24399e+10	0	-24359.1	-40473.3	0	1.07145e+22	-6.39561e+21	0	4.867e+24	9.99545e+09	-9.46677e+10	0	35061.6	2915.78	0	-4.92572e+21	5.59769e+22	0	5.972e+24	-3.7347e+10	-1.32624e+11	0	28828	-7542.51	0	9.03507e+21	3.44465e+22	0	6.39e+23	9.21661e+09	2.38792e+11	0	-24171.2	859.441	0	-6.25948e+19	-1.64779e+21	0	1.898e+27	6.67751e+11	4.13318e+11	0	-6730.19	11190.9	0	-3.56302e+23	-2.14269e+23	0	5.683e+26	6.39048e+11	-1.27627e+12	0	8601.35	4351.84	0	-1.62006e+22	3.27193e+22	0	8.681e+25	-7.84933e+11	2.75888e+12	0	-6552.47	-1892.34	0	3.89116e+20	-1.35898e+21	0	1.024e+26	2.63428e+12	3.63375e+12	0	-4418.96	3179.88	0	-3.99289e+20	-5.49194e+20	0	7.342e+22	-3.72434e+10	-1.32269e+11	0	27808.4	-7247.26	0	5.05611e+19	2.17185e+20	0	
10	1.9891e+30	5.97469e+08	1.21556e+10	0	4.69673	4.12752	0	4.01959e+23	1.09528e+23	0	3.285e+23	-2.82356e+10	-3.92835e+10	0	41460.9	-22901.9	0	6.1338e+21	1.09387e+22	0	4.867e+24	7.32668e+10	-6.71183e+10	0	25947.3	23610.4	0	-3.77475e+22	4.11847e+22	0	5.972e+24	2.1738e+10	-1.35985e+11	0	29495.2	4208.45	0	-4.81104e+21	3.51302e+22	0	6.39e+23	-3.89548e+10	2.35356e+11	0	-23817.1	-4282.74	0	2.88182e+20	-1.62557e+21	0	1.898e+27	6.53918e+11	4.3547e+11	0	-7101.79	10958.9	0	-3.48928e+23	-2.26106e+23	0	5.683e+26	6.56193e+11	-1.26745e+12	0	8543.56	4466.62	0	-1.66413e+22	3.2506e+22	0	8.681e+25	-7.98029e+11	2.75506e+12	0	-6543.43	-1923.63	0	3.95629e+20	-1.35716e+21	0	1.024e+26	2.62543e+12	3.64009e+12	0	-4426.74	3169.14	0	-3.97971e+20	-5.50182e+20	0	7.342e+22	2.20865e+10	-1.35837e+11	0	29072.6	5146.52	0	-2.50984e+20	3.51801e+20	0	
10	1.9891e+30	6.07283e+08	1.2164e+10	0	5.12378	4.26046	0	4.42324e+23	1.62582e+23	0	3.285e+23	5.29779e+10	-1.36543e+10	0	21021.8	42973.2	0	-1.14719e+22	5.65797e+21	0	4.867e+24	1.06615e+11	-6.87652e+09	0	6226.56	34469.2	0	-5.48188e+22	9.85061e+21	0	5.972e+24	7.75193e+10	-1.16176e+11	0	25547.6	15311.3	0	-1.802e+22	3.02943e+22	0	6.39e+23	-8.53282e+10	2.21784e+11	0	-22379.6	-9238.78	0	6.27034e+20	-1.52923e+21	0	1.898e+27	6.39349e+11	4.57145e+11	0	-7465.41	10714.5	0	-3.41161e+23	-2.37692e+23	0	5.683e+26	6.73221e+11	-1.2584e+12	0	8484.22	4580.63	0	-1.70793e+22	3.22866e+22	0	8.681e+25	-8.11106e+11	2.75119e+12	0	-6534.24	-1954.88	0	4.02135e+20	-1.35532e+21	0	1.024e+26	2.61657e+12	3.64642e+12	0	-4434.5	3158.39	0	-3.96651e+20	-5.51167e+20	0	7.342e+22	7.78659e+10	-1.16335e+11	0	25973.9	16243.7	0	-4.05727e+20	4.55766e+20	0	
10	1.9891e+30	6.17977e+08	1.21727e+10	0	5.56861	4.46185	0	4.32974e+23	2.36135e+23	0	3.285e+23	2.2983e+10	6.63319e+10	0	-43930.2	18488.4	0	-4.84978e+21	-1.1739e+22	0	4.867e+24	9.64638e+10	6.11868e+10	0	-16018.9	31165	0	-4.96391e+22	-2.53805e+22	0	5.972e+24	1.21271e+11	-7.629e+10	0	17605.4	24028	0	-2.8505e+22	2.07563e+22	0	6.39e+23	-1.27791e+11	1.98676e+11	0	-19920.7	-13782	0	9.38341e+20	-1.36271e+21	0	1.898e+27	6.24062e+11	4.78319e+11	0	-7820.65	10458	0	-3.3301e+23	-2.49011e+23	0	5.683e+26	6.90129e+11	-1.24913e+12	0	8423.35	4693.86	0	-1.75144e+22	3.20613e+22	0	8.681e+25	-8.24165e+11	2.74724e+12	0	-6524.9	-1986.08	0	4.08633e+20	-1.35344e+21	0	1.024e+26	2.60769e+12	3.65273e+12	0	-4442.24	3147.61	0	-3.95328e+20	-5.52148e+20	0	7.342e+22	1.21384e+11	-7.66575e+10	0	18574.1	24339.9	0	-4.07191e+20	4.46401e+20	0	
10	1.9891e+30	6.29536e+08	1.21818e+10	0	5.98237	4.72371	0	3.88532e+23	2.7777e+23	0	3.285e+23	-5.48825e+10	3.26119e+10	0	-16418.1	-44262.7	0	1.16958e+22	-4.30647e+21	0	4.867e+24	4.69362e+10	1.0909e+11	0	-31749.8	15005	0	-2.41506e+22	-5.05346e+22	0	5.972e+24	1.46144e+11	-2.25638e+10	0	6913.38	28988.9	0	-3.45491e+22	8.0581e+21	0	6.39e+23	-1.64401e+11	1.6707e+11	0	-16549.7	-17703.2	0	1.20757e+21	-1.13326e+21	0	1.898e+27	6.08073e+11	4.98969e+11	0	-8167.09	10189.8	0	-3.24484e+23	-2.60053e+23	0	5.683e+26	7.06914e+11	-1.23963e+12	0	8360.95	4806.29	0	-1.79466e+22	3.183e+22	0	8.681e+25	-8.37206e+11	2.74324e+12	0	-6515.41	-2017.24	0	4.15123e+20	-1.35153e+21	0	1.024e+26	2.5988e+12	3.65901e+12	0	-4449.95	3136.82	0	-3.94002e+20	-5.53127e+20	0	7.342e+22	1.45954e+11	-2.28989e+10	0	7782.1	28475.6	0	-3.26435e+20	2.73331e+20	0	
10	1.9891e+30	6.41877e+08	1.21916e+10	0	6.35326	5.01062	0	3.52125e+23	2.91023e+23	0	3.285e+23	-1.81231e+10	-4.36363e+10	0	45055.9	-14804.5	0	4.00734e+21	1.19158e+22	0	4.867e+24	-2.17052e+10	1.16896e+11	0	-34414	-7514.37	0	1.17628e+22	-5.51256e+22	0	5.972e+24	1.48244e+11	3.65986e+10	0	-4855.53	29411.3	0	-3.51466e+22	-5.81818e+21	0	6.39e+23	-1.93481e+11	1.28399e+11	0	-12418.8	-20820.8	0	1.42199e+21	-8.5118e+20	0	1.898e+27	5.914e+11	5.19071e+11	0	-8504.36	9910.06	0	-3.15593e+23	-2.70804e+23	0	5.683e+26	7.23572e+11	-1.2299e+12	0	8297.03	4917.89	0	-1.83758e+22	3.15928e+22	0	8.681e+25	-8.50227e+11	2.73918e+12	0	-6505.77	-2048.36	0	4.21604e+20	-1.34959e+21	0	1.024e+26	2.58989e+12	3.66528e+12	0	-4457.63	3126.01	0	-3.92675e+20	-5.54102e+20	0	7.342e+22	1.47875e+11	3.6521e+10	0	-4656.75	28391.1	0	-2.30822e+20	-2.91976e+19	0	
10	1.9891e+30	6.54929e+08	1.22019e+10	0	6.69324	5.30966	0	3.22893e+23	3.04588e+23	0	3.285e+23	5.69352e+10	-3.23964e+09	0	12582.9	46180.1	0	-1.23471e+22	3.3899e+21	0	4.867e+24	-8.09767e+10	8.10217e+10	0	-22680	-27076.3	0	4.33307e+22	-3.65338e+22	0	5.972e+24	1.27241e+11	9.19415e+10	0	-15861.8	25224.8	0	-3.01323e+22	-1.87521e+22	0	6.39e+23	-2.13694e+11	8.44198e+10	0	-7716.19	-22989.8	0	1.57139e+21	-5.29391e+20	0	1.898e+27	5.74062e+11	5.38602e+11	0	-8832.07	9619.18	0	-3.06345e+23	-2.81252e+23	0	5.683e+26	7.40101e+11	-1.21996e+12	0	8231.61	5028.65	0	-1.88018e+22	3.13497e+22	0	8.681e+25	-8.63229e+11	2.73505e+12	0	-6495.98	-2079.43	0	4.28077e+20	-1.34762e+21	0	1.024e+26	2.58097e+12	3.67152e+12	0	-4465.29	3115.17	0	-3.91344e+20	-5.55073e+20	0	7.342e+22	1.2694e+11	9.21708e+10	0	-16490.5	24408.4	0	-2.05749e+20	-3.57745e+20	0	
10	1.9891e+30	6.68627e+08	1.22128e+10	0	6.99736	5.61936	0	2.80624e+23	3.06298e+23	0	3.285e+23	1.25004e+10	6.96775e+10	0	-46551.3	9933.05	0	-2.55688e+21	-1.24083e+22	0	4.867e+24	-1.05904e+11	1.62332e+10	0	-1322.08	-35338.1	0	5.67661e+22	-2.14471e+21	0	5.972e+24	8.64263e+10	1.34808e+11	0	-24387	17087.2	0	-2.03144e+22	-2.88093e+22	0	6.39e+23	-2.24107e+11	3.71403e+10	0	-2657.62	-24108.7	0	1.64856e+21	-1.82807e+20	0	1.898e+27	5.56078e+11	5.5754e+11	0	-9149.86	9317.44	0	-2.96752e+23	-2.91386e+23	0	5.683e+26	7.56497e+11	-1.20979e+12	0	8164.7	5138.54	0	-1.92247e+22	3.11008e+22	0	8.681e+25	-8.76211e+11	2.73086e+12	0	-6486.04	-2110.45	0	4.34541e+20	-1.34563e+21	0	1.024e+26	2.57203e+12	3.67774e+12	0	-4472.92	3104.32	0	-3.90011e+20	-5.56041e+20	0	7.342e+22	8.64032e+10	1.35179e+11	0	-25436.5	17035.8	0	-2.35025e+20	-5.66724e+20	0	
10	1.9891e+30	6.82891e+08	1.22244e+10	0	7.26289	5.91399	0	2.54058e+23	2.76014e+23	0	3.285e+23	-5.76625e+10	2.20873e+10	0	-7922.85	-46522.3	0	1.22801e+22	-2.07785e+21	0	4.867e+24	-8.58774e+10	-5.02492e+10	0	20601.7	-28707.3	0	4.59771e+22	3.31788e+22	0	5.972e+24	3.2194e+10	1.58496e+11	0	-29101	6278.78	0	-7.30145e+21	-3.44762e+22	0	6.39e+23	-2.24241e+11	-1.12789e+10	0	2524.08	-24125	0	1.64977e+21	1.72391e+20	0	1.898e+27	5.37469e+11	5.75864e+11	0	-9457.35	9005.2	0	-2.86824e+23	-3.01193e+23	0	5.683e+26	7.72759e+11	-1.1994e+12	0	8096.3	5247.54	0	-1.96444e+22	3.08461e+22	0	8.681e+25	-8.89173e+11	2.72661e+12	0	-6475.96	-2141.43	0	4.40997e+20	-1.3436e+21	0	1.024e+26	2.56308e+12	3.68393e+12	0	-4480.52	3093.45	0	-3.88676e+20	-5.57006e+20	0	7.342e+22	3.24726e+10	1.58745e+11	0	-29819.1	7039.59	0	-2.4799e+20	-5.6327e+20	0	
10	1.9891e+30	6.97675e+08	1.22365e+10	0	7.52358	6.17584	0	2.70775e+23	2.50071e+23	0	3.285e+23	-7.34407e+09	-4.60323e+10	0	47088.6	-6158.22	0	1.72521e+21	1.24855e+22	0	4.867e+24	-2.94186e+10	-9.04715e+10	0	33778	-10072.6	0	1.58736e+22	5.41203e+22	0	5.972e+24	-2.69649e+10	1.59307e+11	0	-29265.7	-5501.92	0	6.74097e+21	-3.48129e+22	0	6.39e+23	-2.14087e+11	-5.86229e+10	0	7590.06	-23037.8	0	1.57492e+21	5.19565e+20	0	1.898e+27	5.18255e+11	5.93554e+11	0	-9754.22	8682.8	0	-2.76572e+23	-3.10664e+23	0	5.683e+26	7.88882e+11	-1.1888e+12	0	8026.43	5355.64	0	-2.00607e+22	3.05857e+22	0	8.681e+25	-9.02115e+11	2.72229e+12	0	-6465.72	-2172.36	0	4.47443e+20	-1.34154e+21	0	1.024e+26	2.55411e+12	3.69011e+12	0	-4488.1	3082.57	0	-3.87338e+20	-5.57967e+20	0	7.342e+22	-2.65835e+10	1.59263e+11	0	-29161.7	-4493.54	0	-1.17716e+20	-4.05846e+20	0	
10	1.9891e+30	7.13005e+08	1.22491e+10	0	7.81129	6.43223	0	2.98327e+23	2.67199e+23	0	3.285e+23	5.88845e+10	7.73718e+09	0	3683.29	47733.2	0	-1.27716e+22	9.92741e+20	0	4.867e+24	3.96603e+10	-8.7814e+10	0	32804.1	12595.9	0	-2.03227e+22	5.2225e+22	0	5.972e+24	-8.17956e+10	1.3712e+11	0	-24852.7	-16411.8	0	1.96279e+22	-2.96888e+22	0	6.39e+23	-1.94113e+11	-1.02727e+11	0	12307	-20897.9	0	1.42761e+21	8.42474e+20	0	1.898e+27	4.98459e+11	6.10589e+11	0	-10040.1	8350.6	0	-2.66007e+23	-3.19787e+23	0	5.683e+26	8.04863e+11	-1.17798e+12	0	7955.11	5462.82	0	-2.04736e+22	3.03195e+22	0	8.681e+25	-9.15036e+11	2.71792e+12	0	-6455.34	-2203.24	0	4.5388e+20	-1.33945e+21	0	1.024e+26	2.54513e+12	3.69626e+12	0	-4495.65	3071.66	0	-3.85998e+20	-5.58925e+20	0	7.342e+22	-8.15691e+10	1.3681e+11	0	-24029.1	-15806	0	1.23977e+20	-2.04481e+20	0	
10	1.9891e+30	7.28929e+08	1.22622e+10	0	8.11138	6.71953	0	2.92764e+23	3.028e+23	0	3.285e+23	1.61067e+09	7.10034e+10	0	-47522.3	1061.63	0	-1.91644e+20	-1.26341e+22	0	4.867e+24	9.26593e+10	-4.37252e+10	0	18313.8	29889.5	0	-4.7627e+22	2.90112e+22	0	5.972e+24	-1.23727e+11	9.54122e+10	0	-16550	-24748.8	0	2.93872e+22	-1.9852e+22	0	6.39e+23	-1.65236e+11	-1.41578e+11	0	16458.2	-17805.1	0	1.21491e+21	1.1261e+21	0	1.898e+27	4.78103e+11	6.2695e+11	0	-10314.7	8008.98	0	-2.55141e+23	-3.28553e+23	0	5.683e+26	8.20701e+11	-1.16695e+12	0	7882.33	5569.04	0	-2.08829e+22	3.00477e+22	0	8.681e+25	-9.27936e+11	2.71348e+12	0	-6444.81	-2234.08	0	4.60307e+20	-1.33733e+21	0	1.024e+26	2.53613e+12	3.7024e+12	0	-4503.18	3060.73	0	-3.84655e+20	-5.5988e+20	0	7.342e+22	-1.23801e+11	9.50331e+10	0	-15561.4	-24945.4	0	4.00868e+20	-4.88521e+19	0	
10	1.9891e+30	7.45439e+08	1.2276e+10	0	8.39496	7.03418	0	2.72019e+23	3.20052e+23	0	3.285e+23	-5.84249e+10	1.12319e+10	0	839.066	-47179.8	0	1.245e+22	2.1774e+20	0	4.867e+24	1.0788e+11	2.33997e+10	0	-3626.58	34838	0	-5.53937e+22	-5.74698e+21	0	5.972e+24	-1.46207e+11	4.07069e+10	0	-5655.19	-29216.6	0	3.45698e+22	-6.82926e+21	0	6.39e+23	-1.28784e+11	-1.73407e+11	0	19854.3	-13903.3	0	9.4697e+20	1.35742e+21	0	1.898e+27	4.57208e+11	6.42619e+11	0	-10577.7	7658.31	0	-2.43987e+23	-3.3695e+23	0	5.683e+26	8.36392e+11	-1.15571e+12	0	7808.13	5674.3	0	-2.12887e+22	2.97702e+22	0	8.681e+25	-9.40815e+11	2.70898e+12	0	-6434.13	-2264.87	0	4.66725e+20	-1.33518e+21	0	1.024e+26	2.52711e+12	3.70851e+12	0	-4510.68	3049.79	0	-3.8331e+20	-5.60831e+20	0	7.342e+22	-1.46529e+11	4.05088e+10	0	-5140.51	-30111.6	0	5.99775e+20	2.5121e+19	0	
10	1.9891e+30	7.62498e+08	1.22904e+10	0	8.66188	7.36208	0	2.59788e+23	3.34116e+23	0	3.285e+23	3.72534e+09	-4.63781e+10	0	47475.9	2738.49	0	-6.35326e+20	1.26216e+22	0	4.867e+24	7.9143e+10	8.59563e+10	0	-24094.6	25478.6	0	-4.06931e+22	-3.82401e+22	0	5.972e+24	-1.45725e+11	-1.84423e+10	0	6127.67	-29123.1	0	3.44373e+22	7.33389e+21	0	6.39e+23	-8.64255e+10	-1.96771e+11	0	22341.5	-9373.45	0	6.36466e+20	1.52599e+21	0	1.898e+27	4.358e+11	6.57578e+11	0	-10828.8	7298.99	0	-2.32555e+23	-3.4497e+23	0	5.683e+26	8.51933e+11	-1.14425e+12	0	7732.5	5778.57	0	-2.16908e+22	2.94872e+22	0	8.681e+25	-9.53672e+11	2.70442e+12	0	-6423.31	-2295.6	0	4.73133e+20	-1.333e+21	0	1.024e+26	2.51809e+12	3.7146e+12	0	-4518.15	3038.83	0	-3.81962e+20	-5.61779e+20	0	7.342e+22	-1.46078e+11	-1.83202e+10	0	5787.49	-30113.1	0	6.21923e+20	1.99376e+19	0	
10	1.9891e+30	7.80077e+08	1.23054e+10	0	8.91315	7.7109	0	2.34903e+23	3.60167e+23	0	3.285e+23	5.87545e+10	1.88849e+10	0	-5351.44	47574.4	0	-1.27284e+22	-1.44236e+21	0	4.867e+24	1.81465e+10	1.18151e+11	0	-34721.8	5532.43	0	-9.09558e+21	-5.5417e+22	0	5.972e+24	-1.22353e+11	-7.27874e+10	0	16952.9	-24483.7	0	2.9038e+22	2.03106e+22	0	6.39e+23	-4.00981e+10	-2.10619e+11	0	23809	-4424.23	0	2.9794e+20	1.62443e+21	0	1.898e+27	4.13901e+11	6.71809e+11	0	-11067.7	6931.43	0	-2.20861e+23	-3.52603e+23	0	5.683e+26	8.67321e+11	-1.13259e+12	0	7655.46	5881.84	0	-2.20892e+22	2.91986e+22	0	8.681e+25	-9.66508e+11	2.6998e+12	0	-6412.33	-2326.29	0	4.79531e+20	-1.33079e+21	0	1.024e+26	2.50904e+12	3.72066e+12	0	-4525.6	3027.84	0	-3.80611e+20	-5.62723e+20	0	7.342e+22	-1.22493e+11	-7.24381e+10	0	15991.3	-24864.2	0	4.35759e+20	5.49645e+19	0	
10	1.9891e+30	7.98123e+08	1.23212e+10	0	9.12422	8.0784	0	1.83046e+23	3.63121e+23	0	3.285e+23	-9.30278e+09	7.02731e+10	0	-46821.7	-7812.04	0	2.16192e+21	-1.24153e+22	0	4.867e+24	-5.00139e+10	1.06399e+11	0	-30958.6	-16890.5	0	2.68547e+22	-4.97266e+22	0	5.972e+24	-7.97368e+10	-1.1383e+11	0	25125.5	-16017.8	0	1.91459e+22	3.00172e+22	0	6.39e+23	8.0876e+09	-2.14338e+11	0	24193.5	717.634	0	-5.29516e+19	1.64871e+21	0	1.898e+27	3.91537e+11	6.85298e+11	0	-11294.2	6556.03	0	-2.08915e+23	-3.59841e+23	0	5.683e+26	8.82553e+11	-1.12073e+12	0	7577.03	5984.08	0	-2.24837e+22	2.89045e+22	0	8.681e+25	-9.79321e+11	2.69511e+12	0	-6401.21	-2356.92	0	4.85919e+20	-1.32855e+21	0	1.024e+26	2.49998e+12	3.72671e+12	0	-4533.02	3016.84	0	-3.79258e+20	-5.63664e+20	0	7.342e+22	-7.95605e+10	-1.13502e+11	0	24194.2	-15529.2	0	1.35863e+20	1.83178e+20	0	
10	1.9891e+30	8.16541e+08	1.23377e+10	0	9.28774	8.4259	0	1.49659e+23	3.23378e+23	0	3.285e+23	-5.71436e+10	4.22491e+08	0	9572.42	-46212.6	0	1.22003e+22	2.50611e+21	0	4.867e+24	-9.68575e+10	5.52668e+10	0	-14153.6	-32385.2	0	5.19618e+22	-2.2841e+22	0	5.972e+24	-2.45302e+10	-1.35149e+11	0	29366.9	-5040.57	0	6.19394e+21	3.4931e+22	0	6.39e+23	5.59435e+10	-2.07776e+11	0	23481.3	5818.24	0	-4.00201e+20	1.59826e+21	0	1.898e+27	3.68733e+11	6.98028e+11	0	-11507.9	6173.21	0	-1.96731e+23	-3.66675e+23	0	5.683e+26	8.97628e+11	-1.10866e+12	0	7497.21	6085.28	0	-2.28743e+22	2.86051e+22	0	8.681e+25	-9.92113e+11	2.69037e+12	0	-6389.94	-2387.5	0	4.92296e+20	-1.32628e+21	0	1.024e+26	2.49091e+12	3.73273e+12	0	-4540.41	3005.83	0	-3.77903e+20	-5.64602e+20	0	7.342e+22	-2.41563e+10	-1.35071e+11	0	29131.5	-4049.14	0	-1.23253e+20	3.887e+20	0	
10	1.9891e+30	8.35268e+08	1.23549e+10	0	9.44209	8.72889	0	1.64243e+23	2.83987e+23	0	3.285e+23	1.4697e+10	-4.46497e+10	0	46191.8	11573.9	0	-2.9919e+21	1.23126e+22	0	4.867e+24	-1.02539e+11	-1.39353e+10	0	8681.8	-34274.5	0	5.50377e+22	1.39937e+22	0	5.972e+24	3.46421e+10	-1.33405e+11	0	29017.2	6735.67	0	-7.83721e+21	3.43829e+22	0	6.39e+23	1.01304e+11	-1.91246e+11	0	21708.3	10647.2	0	-7.2819e+20	1.47588e+21	0	1.898e+27	3.45514e+11	7.09986e+11	0	-11708.7	5783.41	0	-1.84324e+23	-3.73098e+23	0	5.683e+26	9.12541e+11	-1.09638e+12	0	7416.03	6185.41	0	-2.3261e+22	2.83002e+22	0	8.681e+25	-1.00488e+12	2.68557e+12	0	-6378.53	-2418.03	0	4.98663e+20	-1.32398e+21	0	1.024e+26	2.48182e+12	3.73873e+12	0	-4547.78	2994.79	0	-3.76545e+20	-5.65536e+20	0	7.342e+22	3.49581e+10	-1.33626e+11	0	29602	7564.35	0	-2.60216e+20	5.35212e+20	0	
10	1.9891e+30	8.54328e+08	1.23726e+10	0	9.62341	9.01038	0	1.94785e+23	2.8177e+23	0	3.285e+23	5.65508e+10	2.98072e+10	0	-14190.5	45709.4	0	-1.22194e+22	-3.82276e+21	0	4.867e+24	-6.46322e+10	-7.20636e+10	0	27818.2	-21735.5	0	3.4683e+22	4.4713e+22	0	5.972e+24	8.85283e+10	-1.08863e+11	0	24133.2	17467.8	0	-2.07271e+22	2.85039e+22	0	6.39e+23	1.42124e+11	-1.65512e+11	0	18958.2	14987.9	0	-1.02237e+21	1.28752e+21	0	1.898e+27	3.21907e+11	7.21158e+11	0	-11896.3	5387.06	0	-1.71707e+23	-3.79102e+23	0	5.683e+26	9.27291e+11	-1.08391e+12	0	7333.49	6284.46	0	-2.36436e+22	2.799e+22	0	8.681e+25	-1.01763e+12	2.6807e+12	0	-6366.96	-2448.51	0	5.05019e+20	-1.32165e+21	0	1.024e+26	2.47272e+12	3.74471e+12	0	-4555.12	2983.73	0	-3.75184e+20	-5.66467e+20	0	7.342e+22	8.8578e+10	-1.09244e+11	0	25143.8	17600.7	0	-2.79094e+20	5.48133e+20	0	
10	1.9891e+30	8.73777e+08	1.23909e+10	0	9.82786	9.30039	0	2.10204e+23	2.94737e+23	0	3.285e+23	-1.98564e+10	6.75238e+10	0	-44486.6	-16377.8	0	4.42204e+21	-1.17662e+22	0	4.867e+24	7.79256e+08	-9.47892e+10	0	35202.9	-197.664	0	5.37512e+19	5.62446e+22	0	5.972e+24	1.28698e+11	-6.53543e+10	0	15479.6	25471.6	0	-3.03882e+22	1.82535e+22	0	6.39e+23	1.76568e+11	-1.31748e+11	0	15357.2	18647	0	-1.26986e+21	1.04196e+21	0	1.898e+27	2.97937e+11	7.3153e+11	0	-12070.5	4984.61	0	-1.58893e+23	-3.8468e+23	0	5.683e+26	9.41874e+11	-1.07125e+12	0	7249.62	6382.42	0	-2.4022e+22	2.76745e+22	0	8.681e+25	-1.03035e+12	2.67577e+12	0	-6355.26	-2478.93	0	5.11364e+20	-1.31929e+21	0	1.024e+26	2.4636e+12	3.75066e+12	0	-4562.43	2972.66	0	-3.73821e+20	-5.67394e+20	0	7.342e+22	1.28454e+11	-6.56489e+10	0	16249	24805.2	0	-2.43993e+20	3.81771e+20	0	
10	1.9891e+30	8.93649e+08	1.24098e+10	0	10.0478	9.60299	0	2.29531e+23	3.09216e+23	0	3.285e+23	-5.38612e+10	-9.96615e+09	0	17982.9	-43653.4	0	1.15387e+22	4.71324e+21	0	4.867e+24	6.62765e+10	-7.29269e+10	0	27946.7	21238.4	0	-3.39972e+22	4.43801e+22	0	5.972e+24	1.48863e+11	-9.68125e+09	0	4408.7	29488.1	0	-3.52432e+22	5.2301e+21	0	6.39e+23	2.03093e+11	-9.14867e+10	0	11069	21462.2	0	-1.45998e+21	7.50348e+20	0	1.898e+27	2.73634e+11	7.41092e+11	0	-12231.1	4576.51	0	-1.45898e+23	-3.89826e+23	0	5.683e+26	9.56289e+11	-1.05839e+12	0	7164.42	6479.25	0	-2.43963e+22	2.73539e+22	0	8.681e+25	-1.04305e+12	2.67078e+12	0	-6343.4	-2509.3	0	5.17698e+20	-1.3169e+21	0	1.024e+26	2.45447e+12	3.7566e+12	0	-4569.72	2961.57	0	-3.72455e+20	-5.68318e+20	0	7.342e+22	1.48491e+11	-9.6857e+09	0	4405.84	28432.9	0	-2.20842e+20	6.72341e+19	0	
10	1.9891e+30	9.13985e+08	1.24294e+10	0	10.2913	9.9319	0	2.52688e+23	3.51645e+23	0	3.285e+23	2.51857e+10	-4.08982e+10	0	43269.1	20034.7	0	-5.26041e+21	1.15628e+22	0	4.867e+24	1.04832e+11	-1.58403e+10	0	9248.78	33794.8	0	-5.3753e+22	1.46279e+22	0	5.972e+24	1.45868e+11	4.94497e+10	0	-7350.9	28884.1	0	-3.44522e+22	-8.60239e+21	0	6.39e+23	2.20513e+11	-4.65455e+10	0	6286.47	23309.4	0	-1.58459e+21	4.25717e+20	0	1.898e+27	2.49022e+11	7.49833e+11	0	-12377.9	4163.21	0	-1.32735e+23	-3.94534e+23	0	5.683e+26	9.70531e+11	-1.04533e+12	0	7077.91	6574.94	0	-2.47662e+22	2.7028e+22	0	8.681e+25	-1.05572e+12	2.66573e+12	0	-6331.4	-2539.61	0	5.2402e+20	-1.31448e+21	0	1.024e+26	2.44532e+12	3.76251e+12	0	-4576.98	2950.46	0	-3.71087e+20	-5.69239e+20	0	7.342e+22	1.45629e+11	4.97385e+10	0	-8141.48	28210.8	0	-2.89982e+20	-2.68981e+20	0	
10	1.9891e+30	9.34821e+08	1.24496e+10	0	10.5427	10.3206	0	2.37532e+23	4.22521e+23	0	3.285e+23	5.23557e+10	4.01152e+10	0	-22510.8	42208.4	0	-1.12647e+22	-6.05823e+21	0	4.867e+24	1.00735e+11	5.28625e+10	0	-13198.8	32457.3	0	-5.16574e+22	-2.09126e+22	0	5.972e+24	1.20187e+11	1.0279e+11	0	-17963	23757.3	0	-2.82023e+22	-2.11827e+22	0	6.39e+23	2.28051e+11	1.05063e+09	0	1223.8	24107.4	0	-1.63836e+21	8.24061e+19	0	1.898e+27	2.24131e+11	7.57742e+11	0	-12510.8	3745.19	0	-1.1942e+23	-3.98799e+23	0	5.683e+26	9.84599e+11	-1.03209e+12	0	6990.1	6669.48	0	-2.51318e+22	2.6697e+22	0	8.681e+25	-1.06837e+12	2.66062e+12	0	-6319.26	-2569.87	0	5.30331e+20	-1.31203e+21	0	1.024e+26	2.43616e+12	3.7684e+12	0	-4584.22	2939.33	0	-3.69716e+20	-5.70156e+20	0	7.342e+22	1.20245e+11	1.03162e+11	0	-18988.1	23919.9	0	-3.77672e+20	-4.66472e+20	0	
10	1.9891e+30	9.56126e+08	1.24707e+10	0	10.7515	10.7726	0	1.72837e+23	4.68313e+23	0	3.285e+23	-2.96799e+10	6.28613e+10	0	-40609.9	-24340.2	0	6.51248e+21	-1.07156e+22	0	4.867e+24	5.5656e+10	1.04953e+11	0	-30281.5	17754.6	0	-2.84927e+22	-4.81652e+22	0	5.972e+24	7.58447e+10	1.41996e+11	0	-25767.9	14916.8	0	-1.75538e+22	-3.05536e+22	0	6.39e+23	2.25371e+11	4.91605e+10	0	-3892.97	23821.4	0	-1.61905e+21	-2.64509e+20	0	1.898e+27	1.98988e+11	7.64811e+11	0	-12629.6	3322.91	0	-1.05967e+23	-4.02615e+23	0	5.683e+26	9.98491e+11	-1.01865e+12	0	6901.02	6762.84	0	-2.5493e+22	2.6361e+22	0	8.681e+25	-1.081e+12	2.65545e+12	0	-6306.97	-2600.06	0	5.3663e+20	-1.30955e+21	0	1.024e+26	2.42699e+12	3.77427e+12	0	-4591.43	2928.19	0	-3.68343e+20	-5.7107e+20	0	7.342e+22	7.61691e+10	1.42192e+11	0	-26322.7	15788.7	0	-3.92022e+20	-4.80183e+20	0	
10	1.9891e+30	9.77779e+08	1.24927e+10	0	10.8903	11.2459	0	1.06804e+23	4.67124e+23	0	3.285e+23	-4.86856e+10	-1.95719e+10	0	25785.4	-39584.7	0	1.04849e+22	6.76714e+21	0	4.867e+24	-1.19862e+10	1.18819e+11	0	-34925	-4420.39	0	6.8128e+21	-5.58983e+22	0	5.972e+24	1.9788e+10	1.60941e+11	0	-29541.7	3752.49	0	-4.26464e+21	-3.51807e+22	0	6.39e+23	2.12595e+11	9.56205e+10	0	-8835.55	22463.7	0	-1.52745e+21	-5.99806e+20	0	1.898e+27	1.73622e+11	7.71031e+11	0	-12734.1	2896.84	0	-9.2392e+22	-4.05977e+23	0	5.683e+26	1.0122e+12	-1.00504e+12	0	6810.68	6855.02	0	-2.58497e+22	2.602e+22	0	8.681e+25	-1.0936e+12	2.65022e+12	0	-6294.53	-2630.21	0	5.42917e+20	-1.30705e+21	0	1.024e+26	2.4178e+12	3.78011e+12	0	-4598.61	2917.03	0	-3.66967e+20	-5.71981e+20	0	7.342e+22	2.01589e+10	1.60831e+11	0	-29261	4718.02	0	-2.43519e+20	-3.76606e+20	0	
10	1.9891e+30	9.99651e+08	1.25157e+10	0	10.9747	11.707	0	6.39617e+22	4.50351e+23	0	3.285e+23	3.48209e+10	-3.52442e+10	0	38799.7	27816.1	0	-7.35696e+21	1.03926e+22	0	4.867e+24	-7.41801e+10	8.83837e+10	0	-24989.2	-24932.7	0	3.98631e+22	-4.02313e+22	0	5.972e+24	-3.92089e+10	1.56666e+11	0	-28690.9	-7988.12	0	9.5987e+21	-3.42747e+22	0	6.39e+23	1.90292e+11	1.38339e+11	0	-13383	20094.2	0	-1.36746e+21	-9.08721e+20	0	1.898e+27	1.48062e+11	7.76396e+11	0	-12824.2	2467.48	0	-7.87094e+22	-4.08882e+23	0	5.683e+26	1.02573e+12	-9.91235e+11	0	6719.08	6945.98	0	-2.62018e+22	2.56741e+22	0	8.681e+25	-1.10618e+12	2.64493e+12	0	-6281.95	-2660.29	0	5.49192e+20	-1.30451e+21	0	1.024e+26	2.40859e+12	3.78594e+12	0	-4605.76	2905.85	0	-3.65589e+20	-5.72888e+20	0	7.342e+22	-3.90381e+10	1.56323e+11	0	-27769.4	-7541.59	0	2.85512e+19	-2.42881e+20	0	
10	1.9891e+30	1.02165e+09	1.25395e+10	0	11.0194	12.1518	0	2.37575e+22	4.32431e+23	0	3.285e+23	4.63256e+10	4.94455e+10	0	-30010.4	37204.3	0	-9.90333e+21	-8.0648e+21	0	4.867e+24	-1.0477e+11	2.61035e+10	0	-4465.98	-35068.9	0	5.63347e+22	-7.22552e+21	0	5.972e+24	-9.19177e+10	1.29851e+11	0	-23347.1	-18471.8	0	2.19051e+22	-2.79278e+22	0	6.39e+23	1.59462e+11	1.75391e+11	0	-17331.2	16817.1	0	-1.1459e+21	-1.17753e+21	0	1.898e+27	1.22335e+11	7.80899e+11	0	-12899.9	2035.29	0	-6.49348e+22	-4.11327e+23	0	5.683e+26	1.03908e+12	-9.77253e+11	0	6626.26	7035.72	0	-2.65492e+22	2.53233e+22	0	8.681e+25	-1.11873e+12	2.63958e+12	0	-6269.22	-2690.31	0	5.55454e+20	-1.30194e+21	0	1.024e+26	2.39937e+12	3.79174e+12	0	-4612.89	2894.65	0	-3.64208e+20	-5.73792e+20	0	7.342e+22	-9.20573e+10	1.29494e+11	0	-22401.4	-18850.8	0	3.44675e+20	-1.55262e+20	0	
10	1.9891e+30	1.0437e+09	1.25642e+10	0	11.0241	12.5674	0	-9.89262e+21	3.89239e+23	0	3.285e+23	-3.8433e+10	5.64603e+10	0	-35337.5	-31430.4	0	8.36541e+21	-9.30483e+21	0	4.867e+24	-9.07461e+10	-4.18901e+10	0	17966.7	-30429.3	0	4.87861e+22	2.89388e+22	0	5.972e+24	-1.30099e+11	8.46949e+10	0	-14347.7	-26065.8	0	3.08142e+22	-1.7129e+22	0	6.39e+23	1.21486e+11	2.05098e+11	0	-20501.7	12777.5	0	-8.72319e+20	-1.39414e+21	0	1.898e+27	9.64717e+10	7.84535e+11	0	-12961	1600.78	0	-5.10836e+22	-4.13308e+23	0	5.683e+26	1.05224e+12	-9.63093e+11	0	6532.22	7124.21	0	-2.68919e+22	2.49677e+22	0	8.681e+25	-1.13125e+12	2.63417e+12	0	-6256.36	-2720.28	0	5.61703e+20	-1.29934e+21	0	1.024e+26	2.39014e+12	3.79752e+12	0	-4619.99	2883.43	0	-3.62825e+20	-5.74693e+20	0	7.342e+22	-1.3045e+11	8.45638e+10	0	-14009.8	-27052	0	5.75882e+20	-1.35353e+20	0	
10	1.9891e+30	1.06574e+09	1.25898e+10	0	11.0146	12.9308	0	-5.95257e+20	3.36254e+23	0	3.285e+23	-4.17913e+10	-2.80576e+10	0	32713.6	-34139	0	9.0704e+21	8.60001e+21	0	4.867e+24	-3.80706e+10	-8.69806e+10	0	32765.4	-13035.4	0	2.0653e+22	5.25357e+22	0	5.972e+24	-1.47786e+11	2.82653e+10	0	-3103.11	-29589.5	0	3.50127e+22	-3.59537e+21	0	6.39e+23	7.80705e+10	2.26111e+11	0	-22749.7	8154.98	0	-5.58614e+20	-1.54859e+21	0	1.898e+27	7.05006e+10	7.87301e+11	0	-13007.6	1164.42	0	-3.71716e+22	-4.14824e+23	0	5.683e+26	1.06521e+12	-9.48757e+11	0	6436.99	7211.45	0	-2.72299e+22	2.46074e+22	0	8.681e+25	-1.14375e+12	2.6287e+12	0	-6243.34	-2750.19	0	5.67939e+20	-1.29671e+21	0	1.024e+26	2.38089e+12	3.80327e+12	0	-4627.06	2872.2	0	-3.61439e+20	-5.75591e+20	0	7.342e+22	-1.48102e+11	2.84583e+10	0	-3642.94	-30498.5	0	6.12716e+20	-1.57118e+20	0	
10	1.9891e+30	1.08778e+09	1.26159e+10	0	11.0345	13.2572	0	4.13202e+22	3.22079e+23	0	3.285e+23	4.32557e+10	-2.7878e+10	0	32932.5	34632	0	-9.20141e+21	8.83903e+21	0	4.867e+24	3.10084e+10	-9.04539e+10	0	33810.1	9650.76	0	-1.56342e+22	5.38702e+22	0	5.972e+24	-1.42212e+11	-3.0612e+10	0	8623.76	-28493.2	0	3.38484e+22	1.04209e+22	0	6.39e+23	3.11723e+10	2.37466e+11	0	-23970.9	3156.26	0	-2.18624e+20	-1.63354e+21	0	1.898e+27	4.44512e+10	7.89192e+11	0	-13039.4	726.708	0	-2.32143e+22	-4.15871e+23	0	5.683e+26	1.07798e+12	-9.34248e+11	0	6340.57	7297.41	0	-2.7563e+22	2.42423e+22	0	8.681e+25	-1.15623e+12	2.62317e+12	0	-6230.19	-2780.03	0	5.74163e+20	-1.29406e+21	0	1.024e+26	2.37163e+12	3.809e+12	0	-4634.11	2860.95	0	-3.6005e+20	-5.76485e+20	0	7.342e+22	-1.42271e+11	-3.02376e+10	0	7611.87	-28665.6	0	4.4872e+20	-7.65388e+19	0	
10	1.9891e+30	1.1099e+09	1.26428e+10	0	11.09	13.5934	0	6.22599e+22	3.4992e+23	0	3.285e+23	3.8679e+10	5.74697e+10	0	-36419.9	30885.6	0	-8.19004e+21	-9.76895e+21	0	4.867e+24	8.7729e+10	-5.11983e+10	0	20892.6	28170.5	0	-4.49175e+22	3.3111e+22	0	5.972e+24	-1.14244e+11	-8.27305e+10	0	18999.1	-22942.4	0	2.7404e+22	2.27065e+22	0	6.39e+23	-1.70883e+10	2.38634e+11	0	-24106.5	-1993.55	0	1.3245e+20	-1.64469e+21	0	1.898e+27	1.8353e+10	7.90207e+11	0	-13056.5	288.142	0	-9.22756e+21	-4.16449e+23	0	5.683e+26	1.09057e+12	-9.19568e+11	0	6242.99	7382.07	0	-2.78911e+22	2.38727e+22	0	8.681e+25	-1.16867e+12	2.61758e+12	0	-6216.89	-2809.81	0	5.80373e+20	-1.29137e+21	0	1.024e+26	2.36236e+12	3.81471e+12	0	-4641.12	2849.68	0	-3.5866e+20	-5.77376e+20	0	7.342e+22	-1.14004e+11	-8.24371e+10	0	18194.4	-22293.5	0	2.08146e+20	1.21418e+20	0	
10	1.9891e+30	1.13214e+09	1.26703e+10	0	11.1486	13.9586	0	5.18885e+22	3.73204e+23	0	3.285e+23	-4.58168e+10	4.85505e+10	0	-28857.9	-37411.7	0	9.92241e+21	-7.58553e+21	0	4.867e+24	1.08826e+11	1.43464e+10	0	-535.41	35030.7	0	-5.56881e+22	-8.62128e+20	0	5.972e+24	-6.82454e+10	-1.1994e+11	0	26403.1	-13797.9	0	1.6606e+22	3.13702e+22	0	6.39e+23	-6.45222e+10	2.29546e+11	0	-23146.7	-7060.97	0	4.78692e+20	-1.58102e+21	0	1.898e+27	-7.76477e+09	7.90344e+11	0	-13058.8	-150.785	0	4.77295e+21	-4.16556e+23	0	5.683e+26	1.10296e+12	-9.04721e+11	0	6144.26	7465.43	0	-2.82143e+22	2.34985e+22	0	8.681e+25	-1.18109e+12	2.61193e+12	0	-6203.44	-2839.53	0	5.86569e+20	-1.28865e+21	0	1.024e+26	2.35307e+12	3.8204e+12	0	-4648.12	2838.4	0	-3.57267e+20	-5.78264e+20	0	7.342e+22	-6.78603e+10	-1.19924e+11	0	26347.3	-12788.4	0	4.62232e+18	3.79284e+20	0	
10	1.9891e+30	1.15449e+09	1.26986e+10	0	11.1951	14.3397	0	4.22509e+22	3.85017e+23	0	3.285e+23	-3.34132e+10	-3.51251e+10	0	38527.1	-27495.4	0	7.33831e+21	1.0149e+22	0	4.867e+24	8.57327e+10	7.92034e+10	0	-21741.9	27507.7	0	-4.38762e+22	-3.44945e+22	0	5.972e+24	-1.13983e+10	-1.36416e+11	0	29682.2	-2485.41	0	3.11289e+21	3.51416e+22	0	6.39e+23	-1.0897e+11	2.10598e+11	0	-21131.6	-11814.7	0	8.04197e+20	-1.44496e+21	0	1.898e+27	-3.38724e+10	7.89604e+11	0	-13046.4	-589.578	0	1.87714e+22	-4.16193e+23	0	5.683e+26	1.11514e+12	-8.89708e+11	0	6044.41	7547.46	0	-2.85324e+22	2.31199e+22	0	8.681e+25	-1.19349e+12	2.60622e+12	0	-6189.86	-2869.19	0	5.92752e+20	-1.2859e+21	0	1.024e+26	2.34376e+12	3.82607e+12	0	-4655.08	2827.09	0	-3.55871e+20	-5.79149e+20	0	7.342e+22	-1.11233e+10	-1.36685e+11	0	30405.1	-1772.66	0	-1.0596e+20	5.70794e+20	0	
10	1.9891e+30	1.17692e+09	1.27277e+10	0	11.2333	14.7375	0	3.0501e+22	4.09027e+23	0	3.285e+23	5.01868e+10	-1.90556e+10	0	25872.9	40230.1	0	-1.07219e+22	6.95582e+21	0	4.867e+24	2.78476e+10	1.16669e+11	0	-34078.4	8590.15	0	-1.39491e+22	-5.43464e+22	0	5.972e+24	4.74132e+10	-1.29576e+11	0	28326	9225.58	0	-1.09518e+22	3.34766e+22	0	6.39e+23	-1.48403e+11	1.82641e+11	0	-18150	-16036.5	0	1.09383e+21	-1.24233e+21	0	1.898e+27	-5.99405e+10	7.87986e+11	0	-13019.3	-1027.74	0	3.27519e+22	-4.1536e+23	0	5.683e+26	1.12713e+12	-8.74532e+11	0	5943.44	7628.16	0	-2.88454e+22	2.27368e+22	0	8.681e+25	-1.20585e+12	2.60046e+12	0	-6176.13	-2898.78	0	5.9892e+20	-1.28313e+21	0	1.024e+26	2.33445e+12	3.83171e+12	0	-4662.02	2815.77	0	-3.54473e+20	-5.8003e+20	0	7.342e+22	4.73936e+10	-1.29955e+11	0	29357.4	9165.92	0	-1.22906e+20	6.15246e+20	0	
10	1.9891e+30	1.1994e+09	1.27576e+10	0	11.2454	15.1618	0	-1.18084e+22	4.304e+23	0	3.285e+23	2.96942e+10	6.39084e+10	0	-41514.5	23487.8	0	-6.19218e+21	-1.11112e+22	0	4.867e+24	-4.10531e+10	1.1103e+11	0	-32321.7	-14057.8	0	2.22997e+22	-5.18734e+22	0	5.972e+24	9.89917e+10	-1.00479e+11	0	22546.5	19498.6	0	-2.3306e+22	2.6677e+22	0	6.39e+23	-1.81014e+11	1.46937e+11	0	-14336	-19531.2	0	1.33399e+21	-9.82162e+20	0	1.898e+27	-8.59396e+10	7.85493e+11	0	-12977.4	-1464.78	0	4.66987e+22	-4.14057e+23	0	5.683e+26	1.13892e+12	-8.59196e+11	0	5841.38	7707.49	0	-2.91532e+22	2.23494e+22	0	8.681e+25	-1.21819e+12	2.59463e+12	0	-6162.26	-2928.31	0	6.05075e+20	-1.28032e+21	0	1.024e+26	2.32512e+12	3.83733e+12	0	-4668.93	2804.44	0	-3.53073e+20	-5.80908e+20	0	7.342e+22	9.86971e+10	-1.00716e+11	0	23178.5	18687.7	0	-1.24584e+20	4.58461e+20	0	
10	1.9891e+30	1.22186e+09	1.27884e+10	0	11.2067	15.588	0	-6.16069e+22	4.09938e+23	0	3.285e+23	-5.15775e+10	3.94118e+10	0	-21397.2	-42086.5	0	1.11354e+22	-5.61705e+21	0	4.867e+24	-9.22416e+10	6.43021e+10	0	-16978.3	-30978.7	0	4.96818e+22	-2.7386e+22	0	5.972e+24	1.35268e+11	-5.36657e+10	0	13243.9	26720.3	0	-3.19414e+22	1.57755e+22	0	6.39e+23	-2.05306e+11	1.05109e+11	0	-9863.02	-22136.8	0	1.51329e+21	-6.76317e+20	0	1.898e+27	-1.1184e+11	7.82128e+11	0	-12920.9	-1900.19	0	6.0596e+22	-4.12285e+23	0	5.683e+26	1.1505e+12	-8.43703e+11	0	5738.25	7785.46	0	-2.94558e+22	2.19578e+22	0	8.681e+25	-1.2305e+12	2.58874e+12	0	-6148.25	-2957.78	0	6.11215e+20	-1.27748e+21	0	1.024e+26	2.31577e+12	3.84293e+12	0	-4675.81	2793.08	0	-3.5167e+20	-5.81783e+20	0	7.342e+22	1.34905e+11	-5.35934e+10	0	13028.9	25682.5	0	-1.82002e+20	1.52603e+20	0	
10	1.9891e+30	1.24421e+09	1.28199e+10	0	11.1354	15.9787	0	-7.21936e+22	3.68095e+23	0	3.285e+23	-2.38355e+10	-4.05205e+10	0	43019.5	-19874.2	0	5.34277e+21	1.13586e+22	0	4.867e+24	-1.04068e+11	-4.09374e+09	0	5590.56	-34905.4	0	5.60737e+22	9.00284e+21	0	5.972e+24	1.50565e+11	3.54711e+09	0	1867.77	29756.5	0	-3.54467e+22	2.38173e+21	0	6.39e+23	-2.20161e+11	5.90644e+10	0	-4935.7	-23731.7	0	1.62314e+21	-3.38907e+20	0	1.898e+27	-1.37613e+11	7.77894e+11	0	-12849.7	-2333.49	0	7.44281e+22	-4.10046e+23	0	5.683e+26	1.16187e+12	-8.28055e+11	0	5634.06	7862.04	0	-2.97531e+22	2.15619e+22	0	8.681e+25	-1.24279e+12	2.5828e+12	0	-6134.1	-2987.18	0	6.17341e+20	-1.27461e+21	0	1.024e+26	2.30641e+12	3.8485e+12	0	-4682.66	2781.71	0	-3.50265e+20	-5.82655e+20	0	7.342e+22	1.50393e+11	3.88174e+09	0	958.841	29258.5	0	-3.41437e+20	-1.57842e+20	0	
10	1.9891e+30	1.26641e+09	1.28523e+10	0	11.072	16.3381	0	-5.29266e+22	3.53583e+23	0	3.285e+23	5.53643e+10	-9.0849e+09	0	17872.1	44400.7	0	-1.18581e+22	4.81088e+21	0	4.867e+24	-7.14873e+10	-6.53643e+10	0	25779.6	-24126.7	0	3.85664e+22	4.14575e+22	0	5.972e+24	1.42492e+11	6.2214e+10	0	-9805.37	28135.7	0	-3.33689e+22	-1.14979e+22	0	6.39e+23	-2.24896e+11	1.09066e+10	0	219.473	-24241.6	0	1.6583e+21	1.43613e+19	0	1.898e+27	-1.63229e+11	7.72796e+11	0	-12764	-2764.19	0	8.81793e+22	-4.07343e+23	0	5.683e+26	1.17303e+12	-8.12255e+11	0	5528.84	7937.22	0	-3.00449e+22	2.11619e+22	0	8.681e+25	-1.25504e+12	2.57679e+12	0	-6119.81	-3016.51	0	6.23452e+20	-1.27172e+21	0	1.024e+26	2.29704e+12	3.85406e+12	0	-4689.49	2770.32	0	-3.48858e+20	-5.83523e+20	0	7.342e+22	1.42627e+11	6.25719e+10	0	-10762.3	28491.2	0	-4.80074e+20	-3.31246e+20	0	
10	1.9891e+30	1.28851e+09	1.28853e+10	0	11.0234	16.6989	0	-4.78639e+22	3.64914e+23	0	3.285e+23	1.96963e+10	6.85433e+10	0	-45119.9	15283.4	0	-3.98649e+21	-1.20469e+22	0	4.867e+24	-8.33185e+09	-9.38135e+10	0	35062.6	-3317.42	0	5.05887e+21	5.60679e+22	0	5.972e+24	1.1232e+11	1.13159e+11	0	-19947.3	22117.2	0	-2.61028e+22	-2.36656e+22	0	6.39e+23	-2.19289e+11	-3.71613e+10	0	5365.08	-23642.4	0	1.61707e+21	3.66975e+20	0	1.898e+27	-1.8866e+11	7.66839e+11	0	-12663.9	-3191.8	0	1.01834e+23	-4.04179e+23	0	5.683e+26	1.18398e+12	-7.96307e+11	0	5422.6	8010.98	0	-3.03314e+22	2.07579e+22	0	8.681e+25	-1.26726e+12	2.57073e+12	0	-6105.37	-3045.77	0	6.29549e+20	-1.26879e+21	0	1.024e+26	2.28765e+12	3.85958e+12	0	-4696.29	2758.92	0	-3.47449e+20	-5.84389e+20	0	7.342e+22	1.12677e+11	1.13298e+11	0	-20330.3	23065.1	0	-5.07393e+20	-3.62321e+20	0	
10	1.9891e+30	1.3105e+09	1.29191e+10	0	10.9721	17.0691	0	-5.33452e+22	3.70035e+23	0	3.285e+23	-5.55186e+10	2.93677e+10	0	-13212.2	-45301.6	0	1.19676e+22	-3.4659e+21	0	4.867e+24	5.8876e+10	-7.78229e+10	0	29729.9	18696.4	0	-2.99689e+22	4.7248e+22	0	5.972e+24	6.47746e+10	1.48416e+11	0	-26967.4	12647.9	0	-1.48462e+22	-3.21526e+22	0	6.39e+23	-2.03599e+11	-8.29409e+10	0	10264.2	-21962.2	0	1.50142e+21	7.02455e+20	0	1.898e+27	-2.13875e+11	7.60031e+11	0	-12549.4	-3615.83	0	1.15376e+23	-4.00557e+23	0	5.683e+26	1.19472e+12	-7.80212e+11	0	5315.36	8083.32	0	-3.06124e+22	2.03499e+22	0	8.681e+25	-1.27946e+12	2.56461e+12	0	-6090.8	-3074.97	0	6.3563e+20	-1.26583e+21	0	1.024e+26	2.27826e+12	3.86509e+12	0	-4703.06	2747.49	0	-3.46037e+20	-5.85251e+20	0	7.342e+22	6.5123e+10	1.48249e+11	0	-26524	13550.9	0	-3.62328e+20	-3.0892e+20	0	
10	1.9891e+30	1.33239e+09	1.29536e+10	0	10.9201	17.4451	0	-4.8954e+22	3.8171e+23	0	3.285e+23	-1.33862e+10	-4.40457e+10	0	46027.8	-11532.2	0	3.14815e+21	1.21835e+22	0	4.867e+24	1.02343e+11	-2.43374e+10	0	12200.7	32860.2	0	-5.22791e+22	1.93049e+22	0	5.972e+24	7.30243e+09	1.62475e+11	0	-29763.3	1210.3	0	-1.35663e+21	-3.55716e+22	0	6.39e+23	-1.78546e+11	-1.2434e+11	0	14691.6	-19279.3	0	1.3169e+21	1.00519e+21	0	1.898e+27	-2.38848e+11	7.52378e+11	0	-12420.8	-4035.81	0	1.28791e+23	-3.9648e+23	0	5.683e+26	1.20524e+12	-7.63975e+11	0	5207.14	8154.21	0	-3.08878e+22	1.9938e+22	0	8.681e+25	-1.29163e+12	2.55843e+12	0	-6076.08	-3104.1	0	6.41697e+20	-1.26284e+21	0	1.024e+26	2.26884e+12	3.87057e+12	0	-4709.81	2736.05	0	-3.44623e+20	-5.8611e+20	0	7.342e+22	7.40964e+09	1.62112e+11	0	-28763.1	1483.07	0	-7.57453e+19	-2.40684e+20	0	
10	1.9891e+30	1.35418e+09	1.29889e+10	0	10.869	17.8465	0	-5.89934e+22	4.20384e+23	0	3.285e+23	5.86018e+10	1.68529e+09	0	9217.76	46986.6	0	-1.25642e+22	2.48302e+21	0	4.867e+24	1.04331e+11	4.44783e+10	0	-10279.9	33500.9	0	-5.32854e+22	-1.62895e+22	0	5.972e+24	-5.11036e+10	1.53146e+11	0	-27895.8	-10408.6	0	1.22938e+22	-3.33239e+22	0	6.39e+23	-1.45282e+11	-1.59471e+11	0	18444.8	-15718.7	0	1.07232e+21	1.2612e+21	0	1.898e+27	-2.63549e+11	7.4389e+11	0	-12278.1	-4451.25	0	1.42063e+23	-3.91953e+23	0	5.683e+26	1.21555e+12	-7.47597e+11	0	5097.96	8223.65	0	-3.11577e+22	1.95222e+22	0	8.681e+25	-1.30377e+12	2.55219e+12	0	-6061.23	-3133.16	0	6.47748e+20	-1.25982e+21	0	1.024e+26	2.25942e+12	3.87604e+12	0	-4716.53	2724.6	0	-3.43206e+20	-5.86966e+20	0	7.342e+22	-5.13104e+10	1.52831e+11	0	-27030.8	-10976	0	2.66657e+20	-2.36514e+20	0	
10	1.9891e+30	1.37585e+09	1.3025e+10	0	10.7849	18.2884	0	-1.15165e+23	4.52311e+23	0	3.285e+23	9.04483e+09	7.12212e+10	0	-47117.3	6570.24	0	-1.65559e+21	-1.25476e+22	0	4.867e+24	6.40403e+10	1.00353e+11	0	-28582.9	20364.7	0	-3.26086e+22	-4.54345e+22	0	5.972e+24	-1.01309e+11	1.21902e+11	0	-21660.2	-20397.7	0	2.40768e+22	-2.57782e+22	0	6.39e+23	-1.0533e+11	-1.86738e+11	0	21353.3	-11445.4	0	7.79254e+20	1.45886e+21	0	1.898e+27	-2.87951e+11	7.34577e+11	0	-12121.4	-4861.68	0	1.55177e+23	-3.86982e+23	0	5.683e+26	1.22564e+12	-7.31081e+11	0	4987.84	8291.61	0	-3.14218e+22	1.91027e+22	0	8.681e+25	-1.31587e+12	2.5459e+12	0	-6046.24	-3162.15	0	6.53784e+20	-1.25677e+21	0	1.024e+26	2.24998e+12	3.88147e+12	0	-4723.21	2713.13	0	-3.41788e+20	-5.87819e+20	0	7.342e+22	-1.0168e+11	1.21849e+11	0	-21528.9	-21432.5	0	5.05448e+20	-2.85755e+20	0	
10	1.9891e+30	1.39728e+09	1.3062e+10	0	10.633	18.7387	0	-1.84185e+23	4.35081e+23	0	3.285e+23	-5.75045e+10	1.87701e+10	0	-4582.14	-46952.8	0	1.23944e+22	-1.20305e+21	0	4.867e+24	-2.08334e+09	1.20165e+11	0	-35165.4	-1296.21	0	1.82322e+21	-5.6235e+22	0	5.972e+24	-1.35467e+11	7.36383e+10	0	-12037.8	-27200.1	0	3.22083e+22	-1.41784e+22	0	6.39e+23	-6.05192e+10	-2.04908e+11	0	23286.4	-6656.65	0	4.51471e+20	1.58935e+21	0	1.898e+27	-3.12026e+11	7.24447e+11	0	-11951.1	-5266.65	0	1.68119e+23	-3.81571e+23	0	5.683e+26	1.2355e+12	-7.14431e+11	0	4876.8	8358.1	0	-3.16803e+22	1.86796e+22	0	8.681e+25	-1.32795e+12	2.53955e+12	0	-6031.1	-3191.07	0	6.59805e+20	-1.25369e+21	0	1.024e+26	2.24052e+12	3.88689e+12	0	-4729.88	2701.64	0	-3.40367e+20	-5.88668e+20	0	7.342e+22	-1.35737e+11	7.38937e+10	0	-12745.2	-27980	0	5.49431e+20	-3.20719e+20	0	
10	1.9891e+30	1.41834e+09	1.30999e+10	0	10.4257	19.1536	0	-2.22101e+23	3.8935e+23	0	3.285e+23	-2.42534e+09	-4.55658e+10	0	47436.1	-2753.94	0	8.26871e+20	1.25897e+22	0	4.867e+24	-6.67132e+10	9.54002e+10	0	-27100.8	-22595.5	0	3.60897e+22	-4.36004e+22	0	5.972e+24	-1.48236e+11	1.59098e+10	0	-539.117	-29753	0	3.53887e+22	-4.65107e+20	0	6.39e+23	-1.28924e+10	-2.13166e+11	0	24159	-1572.34	0	1.04188e+20	1.64711e+21	0	1.898e+27	-3.35746e+11	7.13514e+11	0	-11767.2	-5665.68	0	1.80872e+23	-3.75726e+23	0	5.683e+26	1.24514e+12	-6.9765e+11	0	4764.86	8423.09	0	-3.1933e+22	1.82529e+22	0	8.681e+25	-1.34e+12	2.53313e+12	0	-6015.83	-3219.92	0	6.6581e+20	-1.25058e+21	0	1.024e+26	2.23106e+12	3.89228e+12	0	-4736.51	2690.13	0	-3.38944e+20	-5.89514e+20	0	7.342e+22	-1.48219e+11	1.62926e+10	0	-1553.8	-29726.5	0	4.2598e+20	-2.08416e+20	0	
10	1.9891e+30	1.43897e+09	1.31386e+10	0	10.1943	19.5248	0	-2.37251e+23	3.5076e+23	0	3.285e+23	5.97823e+10	1.28743e+10	0	225.36	47889	0	-1.2811e+22	6.01885e+19	0	4.867e+24	-1.02722e+11	3.61187e+10	0	-7573.73	-34520.6	0	5.54524e+22	-1.2237e+22	0	5.972e+24	-1.37618e+11	-4.22544e+10	0	11038.7	-27652.7	0	3.30237e+22	1.32231e+22	0	6.39e+23	3.53845e+10	-2.11154e+11	0	23934.8	3575.67	0	-2.46667e+20	1.62999e+21	0	1.898e+27	-3.59086e+11	7.01789e+11	0	-11570	-6058.33	0	1.93424e+23	-3.69454e+23	0	5.683e+26	1.25456e+12	-6.8074e+11	0	4652.05	8486.57	0	-3.21799e+22	1.78226e+22	0	8.681e+25	-1.35201e+12	2.52667e+12	0	-6000.43	-3248.69	0	6.718e+20	-1.24743e+21	0	1.024e+26	2.22158e+12	3.89765e+12	0	-4743.12	2678.61	0	-3.37519e+20	-5.90358e+20	0	7.342e+22	-1.37326e+11	-4.20054e+10	0	10377.5	-26875.1	0	2.55139e+20	3.29867e+19	0	
10	1.9891e+30	1.45911e+09	1.3178e+10	0	9.94836	19.8578	0	-2.50552e+23	3.08685e+23	0	3.285e+23	-1.88116e+09	7.18608e+10	0	-47449.3	-2339.26	0	7.15252e+20	-1.26024e+22	0	4.867e+24	-9.48135e+10	-3.28413e+10	0	15186.5	-31906.4	0	5.11976e+22	2.44694e+22	0	5.972e+24	-1.05269e+11	-9.17597e+10	0	20889.9	-21222.7	0	2.543e+22	2.4787e+22	0	6.39e+23	8.21236e+10	-1.98976e+11	0	22627.7	8554.07	0	-5.85208e+20	1.53923e+21	0	1.898e+27	-3.82018e+11	6.89285e+11	0	-11359.6	-6444.15	0	2.05758e+23	-3.62762e+23	0	5.683e+26	1.26375e+12	-6.63704e+11	0	4538.37	8548.53	0	-3.24209e+22	1.7389e+22	0	8.681e+25	-1.364e+12	2.52014e+12	0	-5984.88	-3277.39	0	6.77774e+20	-1.24426e+21	0	1.024e+26	2.21208e+12	3.90299e+12	0	-4749.69	2667.07	0	-3.36092e+20	-5.91197e+20	0	7.342e+22	-1.04886e+11	-9.18073e+10	0	21012.4	-20218.9	0	1.15593e+20	3.30984e+20	0	
10	1.9891e+30	1.47876e+09	1.3218e+10	0	9.70002	20.1407	0	-2.36147e+23	2.54475e+23	0	3.285e+23	-5.74687e+10	7.98876e+09	0	4201.98	-46987.8	0	1.24036e+22	1.09837e+21	0	4.867e+24	-4.63483e+10	-8.24368e+10	0	31487.1	-15893.3	0	2.52664e+22	5.05256e+22	0	5.972e+24	-5.62365e+10	-1.24863e+11	0	27479.8	-11464.9	0	1.37705e+22	3.24966e+22	0	6.39e+23	1.25214e+11	-1.77199e+11	0	20300.1	13138.7	0	-8.96307e+20	1.37941e+21	0	1.898e+27	-4.04516e+11	6.76017e+11	0	-11136.4	-6822.7	0	2.17862e+23	-3.55658e+23	0	5.683e+26	1.27271e+12	-6.46547e+11	0	4423.86	8608.96	0	-3.2656e+22	1.6952e+22	0	8.681e+25	-1.37595e+12	2.51356e+12	0	-5969.2	-3306.02	0	6.83733e+20	-1.24106e+21	0	1.024e+26	2.20258e+12	3.90832e+12	0	-4756.24	2655.51	0	-3.34663e+20	-5.92034e+20	0	7.342e+22	-5.6013e+10	-1.25171e+11	0	28325.7	-10887.3	0	4.80007e+19	5.64344e+20	0	
10	1.9891e+30	1.49793e+09	1.32585e+10	0	9.48704	20.3793	0	-1.83594e+23	2.28829e+23	0	3.285e+23	8.66498e+09	-4.50153e+10	0	47182.4	6156.81	0	-1.54222e+21	1.25562e+22	0	4.867e+24	2.21718e+10	-9.20139e+10	0	34543.4	6627.42	0	-1.08147e+22	5.50844e+22	0	5.972e+24	1.81958e+09	-1.3638e+11	0	29781.5	95.4587	0	-1.27073e+20	3.52031e+22	0	6.39e+23	1.62714e+11	-1.4682e+11	0	17059.9	17124.6	0	-1.16624e+21	1.15807e+21	0	1.898e+27	-4.26555e+11	6.61999e+11	0	-10900.6	-7193.55	0	2.29722e+23	-3.48149e+23	0	5.683e+26	1.28144e+12	-6.2927e+11	0	4308.53	8667.84	0	-3.28851e+22	1.65117e+22	0	8.681e+25	-1.38788e+12	2.50692e+12	0	-5953.38	-3334.58	0	6.89676e+20	-1.23782e+21	0	1.024e+26	2.19306e+12	3.91362e+12	0	-4762.77	2643.94	0	-3.33231e+20	-5.92868e+20	0	7.342e+22	1.72697e+09	-1.36742e+11	0	30798.9	-170.153	0	5.17616e+19	6.37089e+20	0	
10	1.9891e+30	1.51674e+09	1.32995e+10	0	9.3282	20.62	0	-1.38793e+23	2.57513e+23	0	3.285e+23	5.88621e+10	2.40837e+10	0	-8775.37	47072.1	0	-1.2588e+22	-2.36508e+21	0	4.867e+24	8.2158e+10	-5.79061e+10	0	23304.1	26227.1	0	-4.18465e+22	3.69548e+22	0	5.972e+24	5.98242e+10	-1.24499e+11	0	27434.5	11646	0	-1.3984e+22	3.25238e+22	0	6.39e+23	1.92942e+11	-1.09219e+11	0	13054.9	20334.3	0	-1.38324e+21	8.85379e+20	0	1.898e+27	-4.4811e+11	6.47248e+11	0	-10652.4	-7556.28	0	2.41323e+23	-3.40243e+23	0	5.683e+26	1.28995e+12	-6.11876e+11	0	4192.4	8725.17	0	-3.31082e+22	1.60682e+22	0	8.681e+25	-1.39977e+12	2.50022e+12	0	-5937.42	-3363.06	0	6.95603e+20	-1.23456e+21	0	1.024e+26	2.18353e+12	3.91889e+12	0	-4769.26	2632.36	0	-3.31798e+20	-5.93698e+20	0	7.342e+22	5.94854e+10	-1.24663e+11	0	27887.3	10717.6	0	1.70305e+19	4.91328e+20	0	
10	1.9891e+30	1.53526e+09	1.3341e+10	0	9.19147	20.9019	0	-1.39975e+23	3.00739e+23	0	3.285e+23	-1.26958e+10	7.045e+10	0	-46117	-11130.7	0	3.04208e+21	-1.22163e+22	0	4.867e+24	1.08963e+11	5.54e+09	0	2558.6	34948	0	-5.55454e+22	4.03748e+21	0	5.972e+24	1.08705e+11	-9.10609e+10	0	20798.6	21375.4	0	-2.55604e+22	2.4799e+22	0	6.39e+23	2.14543e+11	-6.60954e+10	0	8466.14	22625.9	0	-1.53795e+21	5.73608e+20	0	1.898e+27	-4.69156e+11	6.3178e+11	0	-10392.1	-7910.47	0	2.52652e+23	-3.3195e+23	0	5.683e+26	1.29821e+12	-5.9437e+11	0	4075.5	8780.93	0	-3.33253e+22	1.56217e+22	0	8.681e+25	-1.41162e+12	2.49346e+12	0	-5921.32	-3391.46	0	7.01514e+20	-1.23126e+21	0	1.024e+26	2.17398e+12	3.92415e+12	0	-4775.73	2620.75	0	-3.30362e+20	-5.94525e+20	0	7.342e+22	1.08362e+11	-9.09123e+10	0	20382.5	20412.4	0	-1.20698e+20	2.21964e+20	0	
10	1.9891e+30	1.5535e+09	1.33831e+10	0	9.04033	21.2173	0	-1.60811e+23	3.23701e+23	0	3.285e+23	-5.5411e+10	-2.6035e+09	0	12844.6	-45405.7	0	1.1995e+22	3.3643e+21	0	4.867e+24	9.16895e+10	7.21903e+10	0	-19221.4	29322.8	0	-4.67204e+22	-3.04765e+22	0	5.972e+24	1.40813e+11	-4.12855e+10	0	10904.7	27758.7	0	-3.30283e+22	1.31403e+22	0	6.39e+23	2.26553e+11	-1.93949e+10	0	3499.63	23898.5	0	-1.62376e+21	2.3662e+20	0	1.898e+27	-4.8967e+11	6.15612e+11	0	-10120	-8255.73	0	2.63697e+23	-3.23279e+23	0	5.683e+26	1.30625e+12	-5.76754e+11	0	3957.85	8835.12	0	-3.35363e+22	1.51721e+22	0	8.681e+25	-1.42345e+12	2.48665e+12	0	-5905.09	-3419.79	0	7.0741e+20	-1.22794e+21	0	1.024e+26	2.16442e+12	3.92938e+12	0	-4782.17	2609.13	0	-3.28925e+20	-5.95349e+20	0	7.342e+22	1.40707e+11	-4.09204e+10	0	9927.19	27445	0	-3.50607e+20	-3.56779e+19	0	
10	1.9891e+30	1.57141e+09	1.34259e+10	0	8.8689	21.5518	0	-1.81031e+23	3.43095e+23	0	3.285e+23	1.94964e+10	-4.24035e+10	0	45262.4	14886	0	-3.87541e+21	1.20771e+22	0	4.867e+24	3.73622e+10	1.14637e+11	0	-33172.1	11581.5	0	-1.86954e+22	-5.28538e+22	0	5.972e+24	1.51125e+11	1.70486e+10	0	-702.096	29799.8	0	-3.5315e+22	-6.87288e+20	0	6.39e+23	2.28437e+11	2.87811e+10	0	-1622.48	24096.2	0	-1.63704e+21	-1.10714e+20	0	1.898e+27	-5.09629e+11	5.98763e+11	0	-9836.47	-8591.65	0	2.74444e+23	-3.14239e+23	0	5.683e+26	1.31404e+12	-5.5903e+11	0	3839.46	8887.72	0	-3.37411e+22	1.47196e+22	0	8.681e+25	-1.43525e+12	2.47978e+12	0	-5888.73	-3448.04	0	7.1329e+20	-1.22458e+21	0	1.024e+26	2.15485e+12	3.93458e+12	0	-4788.58	2597.5	0	-3.27485e+20	-5.9617e+20	0	7.342e+22	1.51323e+11	1.73799e+10	0	-1567.93	30319.8	0	-5.35036e+20	-1.79961e+20	0	
10	1.9891e+30	1.58895e+09	1.34694e+10	0	8.66886	21.9091	0	-2.22721e+23	3.65867e+23	0	3.285e+23	5.58782e+10	3.49148e+10	0	-17454.7	44568.7	0	-1.19047e+22	-4.70031e+21	0	4.867e+24	-3.17473e+10	1.15154e+11	0	-33435.4	-11115.6	0	1.7573e+22	-5.36159e+22	0	5.972e+24	1.3803e+11	7.48182e+10	0	-12202.6	27183.6	0	-3.21157e+22	-1.44854e+22	0	6.39e+23	2.20111e+11	7.62665e+10	0	-6671.5	23210.5	0	-1.57723e+21	-4.53135e+20	0	1.898e+27	-5.29009e+11	5.81252e+11	0	-9541.75	-8917.85	0	2.84882e+23	-3.04841e+23	0	5.683e+26	1.3216e+12	-5.41204e+11	0	3720.37	8938.72	0	-3.39397e+22	1.42643e+22	0	8.681e+25	-1.44701e+12	2.47286e+12	0	-5872.23	-3476.22	0	7.19154e+20	-1.2212e+21	0	1.024e+26	2.14527e+12	3.93977e+12	0	-4794.96	2585.84	0	-3.26043e+20	-5.96988e+20	0	7.342e+22	1.38406e+11	7.48956e+10	0	-12407.4	28185.2	0	-5.90034e+20	-2.1749e+20	0	
10	1.9891e+30	1.60605e+09	1.35136e+10	0	8.41234	22.2751	0	-2.8764e+23	3.53234e+23	0	3.285e+23	-2.30196e+10	6.7051e+10	0	-43179.9	-19499.2	0	5.24579e+21	-1.14096e+22	0	4.867e+24	-8.68859e+10	7.31957e+10	0	-19672.5	-29329.9	0	4.7015e+22	-3.17127e+22	0	5.972e+24	1.03583e+11	1.22987e+11	0	-21792	20323.2	0	-2.39815e+22	-2.60306e+22	0	6.39e+23	2.01949e+11	1.20926e+11	0	-11421.9	21280.4	0	-1.4469e+21	-7.75596e+20	0	1.898e+27	-5.47788e+11	5.63098e+11	0	-9236.2	-9233.97	0	2.94999e+23	-2.95095e+23	0	5.683e+26	1.32893e+12	-5.23277e+11	0	3600.58	8988.12	0	-3.4132e+22	1.38062e+22	0	8.681e+25	-1.45873e+12	2.46588e+12	0	-5855.59	-3504.31	0	7.25002e+20	-1.21778e+21	0	1.024e+26	2.13567e+12	3.94493e+12	0	-4801.31	2574.18	0	-3.246e+20	-5.97802e+20	0	7.342e+22	1.03895e+11	1.22764e+11	0	-21189	21139.1	0	-4.5935e+20	-2.01762e+20	0	
10	1.9891e+30	1.62257e+09	1.35584e+10	0	8.10015	22.6047	0	-3.25111e+23	2.98726e+23	0	3.285e+23	-5.13982e+10	-1.26357e+10	0	21053.6	-42256.2	0	1.11802e+22	5.52128e+21	0	4.867e+24	-1.0477e+11	6.14336e+09	0	2452.7	-35260.9	0	5.66662e+22	3.94659e+21	0	5.972e+24	5.31801e+10	1.54026e+11	0	-27965.3	10293.4	0	-1.21831e+22	-3.34498e+22	0	6.39e+23	1.74764e+11	1.60747e+11	0	-15660.9	18391.1	0	-1.25164e+21	-1.06384e+21	0	1.898e+27	-5.65946e+11	5.44323e+11	0	-8920.16	-9539.64	0	3.04782e+23	-2.85012e+23	0	5.683e+26	1.33601e+12	-5.05252e+11	0	3480.13	9035.89	0	-3.43182e+22	1.33455e+22	0	8.681e+25	-1.47043e+12	2.45884e+12	0	-5838.82	-3532.33	0	7.30834e+20	-1.21434e+21	0	1.024e+26	2.12606e+12	3.95006e+12	0	-4807.64	2562.49	0	-3.23154e+20	-5.98613e+20	0	7.342e+22	5.32162e+10	1.53655e+11	0	-26917.6	10371.4	0	-1.7145e+20	-2.00692e+20	0	
10	1.9891e+30	1.63844e+09	1.36039e+10	0	7.7747	22.8786	0	-3.16847e+23	2.51599e+23	0	3.285e+23	2.96862e+10	-3.78073e+10	0	41731.4	23121.3	0	-6.08762e+21	1.11628e+22	0	4.867e+24	-7.77784e+10	-5.77842e+10	0	23533.5	-26326.2	0	4.21396e+22	3.78758e+22	0	5.972e+24	-5.28896e+09	1.63088e+11	0	-29754.3	-1339.08	0	1.48517e+21	-3.551e+22	0	6.39e+23	1.39774e+11	1.93934e+11	0	-19197.7	14670.1	0	-9.99848e+20	-1.30501e+21	0	1.898e+27	-5.83462e+11	5.24947e+11	0	-8593.99	-9834.51	0	3.1422e+23	-2.74604e+23	0	5.683e+26	1.34285e+12	-4.87134e+11	0	3359.04	9082.05	0	-3.44979e+22	1.28822e+22	0	8.681e+25	-1.48209e+12	2.45175e+12	0	-5821.92	-3560.27	0	7.3665e+20	-1.21086e+21	0	1.024e+26	2.11644e+12	3.95518e+12	0	-4813.94	2550.79	0	-3.21706e+20	-5.99421e+20	0	7.342e+22	-5.55749e+09	1.62829e+11	0	-29017	-2080.52	0	1.72011e+20	-2.90418e+20	0	
10	1.9891e+30	1.65368e+09	1.36499e+10	0	7.46461	23.123	0	-3.02985e+23	2.38527e+23	0	3.285e+23	5.09408e+10	4.49872e+10	0	-25496.5	40473.8	0	-1.07892e+22	-6.85736e+21	0	4.867e+24	-1.73877e+10	-9.17302e+10	0	34639.4	-6410.44	0	1.00215e+22	5.54444e+22	0	5.972e+24	-6.26779e+10	1.48772e+11	0	-26884.3	-12760.1	0	1.50092e+22	-3.19433e+22	0	6.39e+23	9.85483e+10	2.18982e+11	0	-21872	10282.6	0	-7.02431e+20	-1.48814e+21	0	1.898e+27	-6.00316e+11	5.04992e+11	0	-8258.07	-10118.3	0	3.23303e+23	-2.63883e+23	0	5.683e+26	1.34944e+12	-4.68925e+11	0	3237.33	9126.56	0	-3.46714e+22	1.24163e+22	0	8.681e+25	-1.49372e+12	2.4446e+12	0	-5804.88	-3588.12	0	7.42449e+20	-1.20736e+21	0	1.024e+26	2.10681e+12	3.96027e+12	0	-4820.21	2539.08	0	-3.20257e+20	-6.00225e+20	0	7.342e+22	-6.30541e+10	1.48804e+11	0	-26968.9	-13789.2	0	3.91971e+20	-4.08621e+20	0	
10	1.9891e+30	1.6683e+09	1.36964e+10	0	7.15914	23.3589	0	-3.05521e+23	2.28647e+23	0	3.285e+23	-3.24942e+10	6.17965e+10	0	-38751.7	-27159	0	7.25316e+21	-1.02158e+22	0	4.867e+24	5.09879e+10	-8.17382e+10	0	31272.5	16005.6	0	-2.57015e+22	4.97405e+22	0	5.972e+24	-1.10013e+11	1.13332e+11	0	-19812.2	-22186	0	2.62883e+22	-2.33951e+22	0	6.39e+23	5.29433e+10	2.34749e+11	0	-23560.7	5424.16	0	-3.72418e+20	-1.60472e+21	0	1.898e+27	-6.16488e+11	4.84481e+11	0	-7912.77	-10390.5	0	3.3202e+23	-2.52861e+23	0	5.683e+26	1.35579e+12	-4.50629e+11	0	3115.01	9169.44	0	-3.48385e+22	1.19481e+22	0	8.681e+25	-1.50531e+12	2.4374e+12	0	-5787.71	-3615.9	0	7.48233e+20	-1.20383e+21	0	1.024e+26	2.09716e+12	3.96533e+12	0	-4826.45	2527.35	0	-3.18805e+20	-6.01027e+20	0	7.342e+22	-1.10233e+11	1.13639e+11	0	-20644.1	-22807	0	4.42435e+20	-4.54993e+20	0	
10	1.9891e+30	1.68231e+09	1.37434e+10	0	6.85364	23.5806	0	-2.99247e+23	2.1382e+23	0	3.285e+23	-4.55669e+10	-2.1755e+10	0	28550	-37642.4	0	9.98378e+21	7.49841e+21	0	4.867e+24	9.90123e+10	-3.22786e+10	0	15051.4	31665	0	-5.0391e+22	2.38313e+22	0	5.972e+24	-1.39895e+11	6.23209e+10	0	-9649.86	-28142.8	0	3.35116e+22	-1.12931e+22	0	6.39e+23	5.01654e+09	2.40508e+11	0	-24184.3	312.831	0	-2.44436e+19	-1.64906e+21	0	1.898e+27	-6.31961e+11	4.63438e+11	0	-7558.47	-10651	0	3.40361e+23	-2.41549e+23	0	5.683e+26	1.3619e+12	-4.32249e+11	0	2992.12	9210.66	0	-3.49991e+22	1.14776e+22	0	8.681e+25	-1.51687e+12	2.43014e+12	0	-5770.4	-3643.59	0	7.54001e+20	-1.20026e+21	0	1.024e+26	2.0875e+12	3.97037e+12	0	-4832.66	2515.6	0	-3.17352e+20	-6.01825e+20	0	7.342e+22	-1.39812e+11	6.26981e+10	0	-10635.4	-27937.2	0	3.68522e+20	-3.33688e+20	0	
10	1.9891e+30	1.69572e+09	1.37907e+10	0	6.5599	23.7969	0	-2.87079e+23	2.21662e+23	0	3.285e+23	3.88706e+10	-3.13772e+10	0	36704.6	30564.4	0	-8.09656e+21	9.84068e+21	0	4.867e+24	1.07059e+11	3.61053e+10	0	-7284.85	34279.7	0	-5.44944e+22	-1.15369e+22	0	5.972e+24	-1.47653e+11	3.72158e+09	0	2014.42	-29695.9	0	3.5472e+22	2.48135e+21	0	6.39e+23	-4.30617e+10	2.35984e+11	0	-23711.1	-4820.53	0	3.25851e+20	-1.61867e+21	0	1.898e+27	-6.46716e+11	4.41885e+11	0	-7195.6	-10899.5	0	3.48316e+23	-2.29962e+23	0	5.683e+26	1.36776e+12	-4.13787e+11	0	2868.68	9250.22	0	-3.51533e+22	1.10049e+22	0	8.681e+25	-1.52839e+12	2.42282e+12	0	-5752.96	-3671.21	0	7.59752e+20	-1.19667e+21	0	1.024e+26	2.07783e+12	3.97539e+12	0	-4838.84	2503.84	0	-3.15896e+20	-6.02619e+20	0	7.342e+22	-1.47323e+11	3.91799e+09	0	1504.77	-28811.8	0	2.65327e+20	-7.26483e+19	0	
10	1.9891e+30	1.70855e+09	1.38386e+10	0	6.26466	24.0326	0	-3.07951e+23	2.45927e+23	0	3.285e+23	4.42292e+10	5.39475e+10	0	-32610.5	34941.2	0	-9.28603e+21	-8.75637e+21	0	4.867e+24	7.18656e+10	9.53221e+10	0	-26664.1	22813.3	0	-3.64664e+22	-4.23468e+22	0	5.972e+24	-1.32073e+11	-5.33025e+10	0	13361.7	-26599.6	0	3.18158e+22	1.58115e+22	0	6.39e+23	-8.91072e+10	2.21366e+11	0	-22158.7	-9742.44	0	6.62497e+20	-1.51438e+21	0	1.898e+27	-6.60738e+11	4.19848e+11	0	-6824.54	-11135.6	0	3.55876e+23	-2.18111e+23	0	5.683e+26	1.37338e+12	-3.95249e+11	0	2744.7	9288.11	0	-3.5301e+22	1.053e+22	0	8.681e+25	-1.53988e+12	2.41545e+12	0	-5735.39	-3698.73	0	7.65487e+20	-1.19305e+21	0	1.024e+26	2.06815e+12	3.98039e+12	0	-4845	2492.06	0	-3.14439e+20	-6.03411e+20	0	7.342e+22	-1.31708e+11	-5.34164e+10	0	13670.8	-25625	0	1.98643e+20	2.56393e+20	0	
10	1.9891e+30	1.72075e+09	1.38869e+10	0	5.93009	24.2794	0	-3.58131e+23	2.36678e+23	0	3.285e+23	-4.07928e+10	5.48799e+10	0	-32993.7	-33851.2	0	8.99918e+21	-8.6801e+21	0	4.867e+24	7.77238e+09	1.20922e+11	0	-35132.6	1837.25	0	-3.17805e+21	-5.61266e+22	0	5.972e+24	-9.55856e+10	-9.98345e+10	0	22624.7	-19336.1	0	2.30961e+22	2.67037e+22	0	6.39e+23	-1.31021e+11	1.97305e+11	0	-19594.4	-14227.5	0	9.69934e+20	-1.34051e+21	0	1.898e+27	-6.74009e+11	3.97351e+11	0	-6445.73	-11359.1	0	3.63033e+23	-2.06011e+23	0	5.683e+26	1.37874e+12	-3.76636e+11	0	2620.22	9324.33	0	-3.54422e+22	1.00531e+22	0	8.681e+25	-1.55133e+12	2.40803e+12	0	-5717.69	-3726.18	0	7.71206e+20	-1.1894e+21	0	1.024e+26	2.05845e+12	3.98536e+12	0	-4851.13	2480.27	0	-3.1298e+20	-6.04199e+20	0	7.342e+22	-9.54268e+10	-1.00176e+11	0	23573.6	-18925.6	0	1.948e+20	5.17469e+20	0	
10	1.9891e+30	1.73224e+09	1.39357e+10	0	5.5521	24.4956	0	-3.87295e+23	1.90263e+23	0	3.285e+23	-3.81138e+10	-2.96395e+10	0	35076.2	-31715.6	0	8.44213e+21	9.22934e+21	0	4.867e+24	-5.87916e+10	1.02022e+11	0	-29002.7	-20079.9	0	3.20286e+22	-4.66223e+22	0	5.972e+24	-4.38894e+10	-1.28594e+11	0	28360.2	-9041.55	0	1.06963e+22	3.35224e+22	0	6.39e+23	-1.66885e+11	1.64885e+11	0	-16132.6	-18068.9	0	1.23376e+21	-1.10465e+21	0	1.898e+27	-6.86516e+11	3.7442e+11	0	-6059.6	-11569.7	0	3.69778e+23	-1.93676e+23	0	5.683e+26	1.38386e+12	-3.57953e+11	0	2495.25	9358.87	0	-3.55768e+22	9.5742e+21	0	8.681e+25	-1.56275e+12	2.40055e+12	0	-5699.86	-3753.54	0	7.76908e+20	-1.18572e+21	0	1.024e+26	2.04874e+12	3.99031e+12	0	-4857.22	2468.46	0	-3.11518e+20	-6.04983e+20	0	7.342e+22	-4.40538e+10	-1.28924e+11	0	29312.4	-9510.96	0	2.27875e+20	6.04521e+20	0	
10	1.9891e+30	1.74296e+09	1.39848e+10	0	5.16296	24.6638	0	-3.83454e+23	1.47931e+23	0	3.285e+23	4.6721e+10	-2.3331e+10	0	30353.3	36941.7	0	-9.82519e+21	8.1541e+21	0	4.867e+24	-9.9946e+10	4.62082e+10	0	-10628.2	-33699.6	0	5.41257e+22	-1.71552e+22	0	5.972e+24	1.49372e+10	-1.35072e+11	0	29670.6	2670.49	0	-3.32075e+21	3.52225e+22	0	6.39e+23	-1.95056e+11	1.25578e+11	0	-11929.9	-21088.6	0	1.44148e+21	-8.1745e+20	0	1.898e+27	-6.98243e+11	3.51081e+11	0	-5666.58	-11767.2	0	3.76103e+23	-1.8112e+23	0	5.683e+26	1.38872e+12	-3.39202e+11	0	2369.82	9391.72	0	-3.57049e+22	9.09348e+21	0	8.681e+25	-1.57413e+12	2.39301e+12	0	-5681.89	-3780.81	0	7.82593e+20	-1.18202e+21	0	1.024e+26	2.03902e+12	3.99524e+12	0	-4863.29	2456.64	0	-3.10055e+20	-6.05765e+20	0	7.342e+22	1.45689e+10	-1.35157e+11	0	29921.1	1672.16	0	1.62308e+20	4.79337e+20	0	
10	1.9891e+30	1.7529e+09	1.40343e+10	0	4.78123	24.7988	0	-3.77231e+23	1.2086e+23	0	3.285e+23	3.59894e+10	6.14836e+10	0	-38542.6	28178.3	0	-7.45506e+21	-1.03285e+22	0	4.867e+24	-9.82302e+10	-2.31758e+10	0	12278.1	-33134.1	0	5.32048e+22	1.97978e+22	0	5.972e+24	7.16967e+10	-1.18238e+11	0	26342.3	13966.3	0	-1.67187e+22	3.14218e+22	0	6.39e+23	-2.14237e+11	8.11732e+10	0	-7178.23	-23146	0	1.58316e+21	-4.92111e+20	0	1.898e+27	-7.09178e+11	3.2736e+11	0	-5267.12	-11951.3	0	3.82001e+23	-1.68356e+23	0	5.683e+26	1.39334e+12	-3.20387e+11	0	2243.95	9422.87	0	-3.58264e+22	8.611e+21	0	8.681e+25	-1.58548e+12	2.38543e+12	0	-5663.8	-3808	0	7.88262e+20	-1.17828e+21	0	1.024e+26	2.02929e+12	4.00014e+12	0	-4869.34	2444.8	0	-3.0859e+20	-6.06543e+20	0	7.342e+22	7.13854e+10	-1.1802e+11	0	25755	13119.3	0	-3.8068e+19	2.70558e+20	0	
10	1.9891e+30	1.76208e+09	1.4084e+10	0	4.40568	24.9032	0	-3.66042e+23	8.52233e+22	0	3.285e+23	-4.76305e+10	4.65508e+10	0	-26111.3	-39354.1	0	1.04294e+22	-6.8579e+21	0	4.867e+24	-5.43728e+10	-7.68932e+10	0	29954.2	-18631.2	0	2.96906e+22	4.81138e+22	0	5.972e+24	1.17511e+11	-8.07097e+10	0	18888	23078.9	0	-2.74241e+22	2.26396e+22	0	6.39e+23	-2.23547e+11	3.37003e+10	0	-2095.74	-24144.9	0	1.65201e+21	-1.43767e+20	0	1.898e+27	-7.19307e+11	3.03285e+11	0	-4861.67	-12121.9	0	3.87465e+23	-1.55399e+23	0	5.683e+26	1.3977e+12	-3.01511e+11	0	2117.66	9452.32	0	-3.59412e+22	8.12685e+21	0	8.681e+25	-1.59679e+12	2.37778e+12	0	-5645.57	-3835.11	0	7.93914e+20	-1.17452e+21	0	1.024e+26	2.01955e+12	4.00502e+12	0	-4875.35	2432.94	0	-3.07124e+20	-6.07318e+20	0	7.342e+22	1.17468e+11	-8.03279e+10	0	17879.8	22946.6	0	-3.16448e+20	7.93533e+19	0	
10	1.9891e+30	1.77054e+09	1.41339e+10	0	4.05588	24.9732	0	-3.24895e+23	5.94793e+22	0	3.285e+23	-2.92913e+10	-3.60092e+10	0	40405	-24670.8	0	6.6024e+21	1.06545e+22	0	4.867e+24	1.30401e+10	-9.25085e+10	0	35002.4	3548.08	0	-5.90155e+21	5.58749e+22	0	5.972e+24	1.45211e+11	-2.83448e+10	0	8470.51	28584.8	0	-3.38404e+22	1.02108e+22	0	6.39e+23	-2.22555e+11	-1.46688e+10	0	3083.41	-24038.8	0	1.6447e+21	2.1128e+20	0	1.898e+27	-7.2862e+11	2.78882e+11	0	-4450.7	-12278.7	0	3.92489e+23	-1.42265e+23	0	5.683e+26	1.40181e+12	-2.82579e+11	0	1990.98	9480.07	0	-3.60494e+22	7.64112e+21	0	8.681e+25	-1.60806e+12	2.37009e+12	0	-5627.22	-3862.12	0	7.99549e+20	-1.17073e+21	0	1.024e+26	2.00979e+12	4.00987e+12	0	-4881.33	2421.07	0	-3.05655e+20	-6.08089e+20	0	7.342e+22	1.4546e+11	-2.80501e+10	0	7709.29	29247.8	0	-5.43992e+20	-2.77116e+19	0	
10	1.9891e+30	1.77834e+09	1.41839e+10	0	3.75482	25.0391	0	-2.77676e+23	8.03032e+22	0	3.285e+23	5.29537e+10	-1.39469e+10	0	22899.9	42014.8	0	-1.12052e+22	6.1618e+21	0	4.867e+24	7.58165e+10	-6.38197e+10	0	25530	24078.6	0	-3.84548e+22	4.05195e+22	0	5.972e+24	1.50461e+11	3.06705e+10	0	-3277.84	29624.9	0	-3.50087e+22	-3.89774e+21	0	6.39e+23	-2.11307e+11	-6.17203e+10	0	8120.5	-22832.6	0	1.5616e+21	5.56401e+20	0	1.898e+27	-7.37107e+11	2.54179e+11	0	-4034.66	-12421.7	0	3.97067e+23	-1.28968e+23	0	5.683e+26	1.40566e+12	-2.63592e+11	0	1863.93	9506.1	0	-3.61509e+22	7.15391e+21	0	8.681e+25	-1.61929e+12	2.36233e+12	0	-5608.73	-3889.05	0	8.05168e+20	-1.16691e+21	0	1.024e+26	2.00002e+12	4.0147e+12	0	-4887.29	2409.19	0	-3.04184e+20	-6.08857e+20	0	7.342e+22	1.5084e+11	3.06803e+10	0	-3293.03	30660	0	-6.34393e+20	-5.28096e+19	0	
10	1.9891e+30	1.78558e+09	1.42341e+10	0	3.48158	25.1449	0	-2.75194e+23	1.29841e+23	0	3.285e+23	2.65199e+10	6.73348e+10	0	-43085.5	20436.5	0	-5.36801e+21	-1.15193e+22	0	4.867e+24	1.08108e+11	-2.96603e+09	0	5624.23	34593.1	0	-5.49826e+22	8.89868e+21	0	5.972e+24	1.32441e+11	8.71054e+10	0	-14512.4	26038.8	0	-3.07995e+22	-1.74026e+22	0	6.39e+23	-1.90321e+11	-1.05302e+11	0	12783.7	-20583	0	1.40675e+21	8.75487e+20	0	1.898e+27	-7.44756e+11	2.29205e+11	0	-3614.04	-12550.5	0	4.01194e+23	-1.15524e+23	0	5.683e+26	1.40926e+12	-2.44555e+11	0	1736.54	9530.42	0	-3.62457e+22	6.66532e+21	0	8.681e+25	-1.63049e+12	2.35453e+12	0	-5590.12	-3915.89	0	8.10769e+20	-1.16306e+21	0	1.024e+26	1.99024e+12	4.01951e+12	0	-4893.21	2397.29	0	-3.02712e+20	-6.09621e+20	0	7.342e+22	1.32699e+11	8.68277e+10	0	-13753.3	26730.3	0	-5.18951e+20	-6.15671e+19	0	
10	1.9891e+30	1.79225e+09	1.42845e+10	0	3.18838	25.2915	0	-3.10446e+23	1.55679e+23	0	3.285e+23	-5.27733e+10	3.71044e+10	0	-18343.4	-43486.7	0	1.15003e+22	-4.81171e+21	0	4.867e+24	9.67692e+10	6.49532e+10	0	-16562	30903.3	0	-4.91966e+22	-2.62405e+22	0	5.972e+24	9.39738e+10	1.32134e+11	0	-23469.1	18387.1	0	-2.18453e+22	-2.81056e+22	0	6.39e+23	-1.60564e+11	-1.43425e+11	0	16859.2	-17394.8	0	1.18758e+21	1.15376e+21	0	1.898e+27	-7.5156e+11	2.03987e+11	0	-3189.31	-12665.1	0	4.04864e+23	-1.01947e+23	0	5.683e+26	1.41261e+12	-2.25472e+11	0	1608.82	9553.02	0	-3.63338e+22	6.17543e+21	0	8.681e+25	-1.64166e+12	2.34667e+12	0	-5571.37	-3942.64	0	8.16352e+20	-1.15919e+21	0	1.024e+26	1.98045e+12	4.02429e+12	0	-4899.11	2385.38	0	-3.01238e+20	-6.10382e+20	0	7.342e+22	9.39323e+10	1.31765e+11	0	-22423.3	18253.8	0	-2.46006e+20	-1.32987e+20	0	
10	1.9891e+30	1.7983e+09	1.43352e+10	0	2.85814	25.4494	0	-3.44936e+23	1.56778e+23	0	3.285e+23	-1.94002e+10	-4.06332e+10	0	44345.7	-16743	0	4.52265e+21	1.1722e+22	0	4.867e+24	4.64063e+10	1.1203e+11	0	-32011.8	14470.6	0	-2.3271e+22	-5.09535e+22	0	5.972e+24	4.10822e+10	1.58721e+11	0	-28744	7863.85	0	-9.47631e+21	-3.42764e+22	0	6.39e+23	-1.234e+11	-1.74353e+11	0	20161.3	-13416.5	0	9.14538e+20	1.37851e+21	0	1.898e+27	-7.57511e+11	1.78554e+11	0	-2760.96	-12765.3	0	4.08075e+23	-8.82542e+22	0	5.683e+26	1.4157e+12	-2.06345e+11	0	1480.81	9573.89	0	-3.64152e+22	5.68434e+21	0	8.681e+25	-1.65278e+12	2.33876e+12	0	-5552.5	-3969.3	0	8.21919e+20	-1.15529e+21	0	1.024e+26	1.97064e+12	4.02905e+12	0	-4904.98	2373.45	0	-2.99762e+20	-6.1114e+20	0	7.342e+22	4.07641e+10	1.58524e+11	0	-28172	6989.13	0	6.41815e+19	-3.11898e+20	0	
10	1.9891e+30	1.80366e+09	1.43863e+10	0	2.49462	25.6067	0	-3.80735e+23	1.55995e+23	0	3.285e+23	5.73442e+10	-3.55281e+09	0	14611.4	45593.3	0	-1.21813e+22	3.93665e+21	0	4.867e+24	-2.23721e+10	1.18679e+11	0	-34283.3	-8094.16	0	1.27254e+22	-5.4916e+22	0	5.972e+24	-1.79575e+10	1.62721e+11	0	-29517.9	-3888.26	0	4.48091e+21	-3.50369e+22	0	6.39e+23	-8.05338e+10	-1.96686e+11	0	22541.1	-8832.07	0	6.00507e+20	1.53965e+21	0	1.898e+27	-7.62602e+11	1.52935e+11	0	-2329.47	-12851	0	4.10821e+23	-7.44599e+22	0	5.683e+26	1.41853e+12	-1.87177e+11	0	1352.52	9593.02	0	-3.64898e+22	5.19215e+21	0	8.681e+25	-1.66386e+12	2.33079e+12	0	-5533.5	-3995.87	0	8.27468e+20	-1.15136e+21	0	1.024e+26	1.96083e+12	4.03378e+12	0	-4910.82	2361.5	0	-2.98284e+20	-6.11894e+20	0	7.342e+22	-1.83242e+10	1.6283e+11	0	-29800.4	-4866.05	0	2.49747e+20	-4.87627e+20	0	
10	1.9891e+30	1.80825e+09	1.44377e+10	0	2.08495	25.7565	0	-4.36323e+23	1.34977e+23	0	3.285e+23	1.61627e+10	7.13062e+10	0	-46087.2	12000.1	0	-3.10457e+21	-1.22908e+22	0	4.867e+24	-8.10185e+10	8.18138e+10	0	-22208.4	-27448.3	0	4.39636e+22	-3.57678e+22	0	5.972e+24	-7.39108e+10	1.43525e+11	0	-25678.2	-15030.7	0	1.78207e+22	-3.03539e+22	0	6.39e+23	-3.39222e+10	-2.09417e+11	0	23892.7	-3852.38	0	2.60126e+20	1.63019e+21	0	1.898e+27	-7.66827e+11	1.27159e+11	0	-1895.33	-12922.2	0	4.131e+23	-6.05806e+22	0	5.683e+26	1.42111e+12	-1.67974e+11	0	1223.98	9610.43	0	-3.65576e+22	4.69895e+21	0	8.681e+25	-1.67491e+12	2.32278e+12	0	-5514.37	-4022.35	0	8.32999e+20	-1.14741e+21	0	1.024e+26	1.951e+12	4.03849e+12	0	-4916.63	2349.54	0	-2.96804e+20	-6.12645e+20	0	7.342e+22	-7.40763e+10	1.4387e+11	0	-26598.5	-15481.3	0	3.05126e+20	-5.53508e+20	0	
10	1.9891e+30	1.81197e+09	1.44893e+10	0	1.62238	25.8617	0	-4.76391e+23	6.77605e+22	0	3.285e+23	-5.60465e+10	2.68745e+10	0	-9955.53	-46114.4	0	1.21798e+22	-2.60925e+21	0	4.867e+24	-1.04821e+11	1.66418e+10	0	-710.718	-35333.9	0	5.67869e+22	-1.14969e+21	0	5.972e+24	-1.18029e+11	1.04151e+11	0	-17831.2	-23819.5	0	2.84076e+22	-2.10209e+22	0	6.39e+23	1.43119e+10	-2.11982e+11	0	24158.1	1294.95	0	-9.09326e+19	1.64645e+21	0	1.898e+27	-7.70181e+11	1.01256e+11	0	-1459.03	-12978.7	0	4.14909e+23	-4.6632e+22	0	5.683e+26	1.42343e+12	-1.48737e+11	0	1095.22	9626.1	0	-3.66187e+22	4.20484e+21	0	8.681e+25	-1.68592e+12	2.3147e+12	0	-5495.12	-4048.74	0	8.38512e+20	-1.14343e+21	0	1.024e+26	1.94116e+12	4.04318e+12	0	-4922.42	2337.57	0	-2.95323e+20	-6.13393e+20	0	7.342e+22	-1.17887e+11	1.0451e+11	0	-18765.8	-23446.9	0	2.74922e+20	-4.4307e+20	0	
10	1.9891e+30	1.81473e+09	1.45411e+10	0	1.14602	25.8896	0	-4.62094e+23	-8.60117e+21	0	3.285e+23	-8.78177e+09	-4.33367e+10	0	46750.6	-8200.1	0	2.27035e+21	1.23898e+22	0	4.867e+24	-8.36518e+10	-4.9437e+10	0	21089.9	-28322.1	0	4.5382e+22	3.39684e+22	0	5.972e+24	-1.43417e+11	5.07644e+10	0	-7204	-28878.1	0	3.45216e+22	-8.4921e+21	0	6.39e+23	6.19794e+10	-2.0428e+11	0	23328.9	6376.17	0	-4.36717e+20	1.5882e+21	0	1.898e+27	-7.72662e+11	7.52545e+10	0	-1021.08	-13020.4	0	4.16246e+23	-3.26303e+22	0	5.683e+26	1.42549e+12	-1.2947e+11	0	966.25	9640.02	0	-3.6673e+22	3.70991e+21	0	8.681e+25	-1.69689e+12	2.30658e+12	0	-5475.74	-4075.04	0	8.44007e+20	-1.13942e+21	0	1.024e+26	1.93131e+12	4.04784e+12	0	-4928.17	2325.58	0	-2.93839e+20	-6.14136e+20	0	7.342e+22	-1.43063e+11	5.09005e+10	0	-7548.95	-27906.5	0	2.33968e+20	-1.7915e+20	0	
10	1.9891e+30	1.81657e+09	1.45928e+10	0	0.703553	25.8584	0	-4.17801e+23	-4.57441e+22	0	3.285e+23	5.97303e+10	7.48703e+09	0	5788.68	47541.3	0	-1.27138e+22	1.56204e+21	0	4.867e+24	-2.65211e+10	-8.86297e+10	0	33937.7	-9465.02	0	1.49309e+22	5.4377e+22	0	5.972e+24	-1.46107e+11	-8.28213e+09	0	4545.87	-29413.1	0	3.51491e+22	5.30611e+21	0	6.39e+23	1.06924e+11	-1.86674e+11	0	21446	11162.1	0	-7.61717e+20	1.45853e+21	0	1.898e+27	-7.74265e+11	4.91842e+10	0	-581.968	-13047.4	0	4.17109e+23	-1.85912e+22	0	5.683e+26	1.42729e+12	-1.10178e+11	0	837.102	9652.21	0	-3.67205e+22	3.21427e+21	0	8.681e+25	-1.70783e+12	2.2984e+12	0	-5456.23	-4101.24	0	8.49485e+20	-1.13539e+21	0	1.024e+26	1.92145e+12	4.05248e+12	0	-4933.89	2313.58	0	-2.92354e+20	-6.14877e+20	0	7.342e+22	-1.45778e+11	-8.4642e+09	0	5049.51	-28503.1	0	2.50489e+20	1.67693e+20	0	
10	1.9891e+30	1.81757e+09	1.46445e+10	0	0.299769	25.807	0	-3.88798e+23	-5.57096e+22	0	3.285e+23	5.28461e+09	7.3271e+10	0	-47452.8	3173.57	0	-7.48522e+20	-1.26215e+22	0	4.867e+24	4.24825e+10	-8.47375e+10	0	32572.5	13180.3	0	-2.1218e+22	5.18629e+22	0	5.972e+24	-1.2568e+11	-6.37551e+10	0	15588.9	-25341.3	0	3.01894e+22	1.83336e+22	0	6.39e+23	1.47118e+11	-1.59971e+11	0	18597.4	15438.1	0	-1.05154e+21	1.26367e+21	0	1.898e+27	-7.74989e+11	2.30747e+10	0	-142.197	-13059.6	0	4.17498e+23	-4.53104e+21	0	5.683e+26	1.42884e+12	-9.08627e+10	0	707.799	9662.65	0	-3.67611e+22	2.718e+21	0	8.681e+25	-1.71872e+12	2.29018e+12	0	-5436.59	-4127.36	0	8.54944e+20	-1.13133e+21	0	1.024e+26	1.91158e+12	4.0571e+12	0	-4939.59	2301.57	0	-2.90867e+20	-6.15614e+20	0	7.342e+22	-1.256e+11	-6.41221e+10	0	16604	-25131.9	0	3.25225e+20	4.30923e+20	0	
10	1.9891e+30	1.81779e+09	1.4696e+10	0	-0.0800496	25.7448	0	-3.65081e+23	-6.80173e+22	0	3.285e+23	-5.73421e+10	1.62201e+10	0	-1232.42	-47152.3	0	1.24476e+22	-3.22672e+20	0	4.867e+24	9.4695e+10	-3.97006e+10	0	17786.5	30221.5	0	-4.81227e+22	2.81885e+22	0	5.972e+24	-8.53272e+10	-1.06977e+11	0	24203.3	-17302.7	0	2.04775e+22	2.86089e+22	0	6.39e+23	1.80755e+11	-1.25388e+11	0	14913.6	19013.6	0	-1.29348e+21	1.01262e+21	0	1.898e+27	-7.74833e+11	-3.04442e+09	0	297.734	-13057	0	4.17412e+23	9.5342e+21	0	5.683e+26	1.43012e+12	-7.15284e+10	0	578.365	9671.34	0	-3.6795e+22	2.2212e+21	0	8.681e+25	-1.72957e+12	2.2819e+12	0	-5416.84	-4153.37	0	8.60384e+20	-1.12724e+21	0	1.024e+26	1.90169e+12	4.06169e+12	0	-4945.26	2289.53	0	-2.89378e+20	-6.16347e+20	0	7.342e+22	-8.5558e+10	-1.07268e+11	0	25037.7	-17949.9	0	3.84133e+20	5.18165e+20	0	
10	1.9891e+30	1.81727e+09	1.47474e+10	0	-0.430511	25.6753	0	-3.31699e+23	-6.51552e+22	0	3.285e+23	2.19337e+09	-4.40133e+10	0	47525.9	663.945	0	-7.88532e+19	1.26292e+22	0	4.867e+24	1.08735e+11	2.77189e+10	0	-4238.84	34791.3	0	-5.52964e+22	-6.70502e+21	0	5.972e+24	-3.13551e+10	-1.31182e+11	0	29041.6	-6558.11	0	7.64601e+21	3.45134e+22	0	6.39e+23	2.06325e+11	-8.44902e+10	0	10561.4	21729.9	0	-1.47705e+21	7.16749e+20	0	1.898e+27	-7.73798e+11	-2.91434e+10	0	737.324	-13039.5	0	4.16851e+23	2.35884e+22	0	5.683e+26	1.43115e+12	-5.21785e+10	0	448.825	9678.28	0	-3.6822e+22	1.72397e+21	0	8.681e+25	-1.74039e+12	2.27356e+12	0	-5396.95	-4179.3	0	8.65806e+20	-1.12313e+21	0	1.024e+26	1.89179e+12	4.06626e+12	0	-4950.89	2277.49	0	-2.87888e+20	-6.17077e+20	0	7.342e+22	-3.17366e+10	-1.31192e+11	0	29094	-7576.5	0	2.98262e+20	4.28786e+20	0	
10	1.9891e+30	1.81609e+09	1.47987e+10	0	-0.753971	25.6245	0	-3.1893e+23	-3.29677e+22	0	3.285e+23	6.00247e+10	1.87824e+10	0	-3246.83	47784.7	0	-1.2781e+22	-8.72592e+20	0	4.867e+24	7.88958e+10	8.98093e+10	0	-24545.7	25076.3	0	-4.00313e+22	-3.89511e+22	0	5.972e+24	2.77998e+10	-1.32571e+11	0	29339.7	5212.65	0	-6.28581e+21	3.50075e+22	0	6.39e+23	2.22684e+11	-3.9122e+10	0	5736.77	23467.1	0	-1.59434e+21	3.89247e+20	0	1.898e+27	-7.71885e+11	-5.51927e+10	0	1176.07	-13007.3	0	4.15816e+23	3.76153e+22	0	5.683e+26	1.43192e+12	-3.28165e+10	0	319.201	9683.47	0	-3.68421e+22	1.2264e+21	0	8.681e+25	-1.75116e+12	2.26518e+12	0	-5376.94	-4205.12	0	8.71209e+20	-1.11899e+21	0	1.024e+26	1.88189e+12	4.0708e+12	0	-4956.5	2265.43	0	-2.86396e+20	-6.17803e+20	0	7.342e+22	2.75298e+10	-1.32297e+11	0	28613.7	4500.33	0	6.33924e+19	2.89668e+20	0	
10	1.9891e+30	1.81425e+09	1.485e+10	0	-1.08778	25.6049	0	-3.50468e+23	-1.26851e+22	0	3.285e+23	-5.72901e+09	7.31714e+10	0	-47145.2	-5729.38	0	1.61544e+21	-1.25061e+22	0	4.867e+24	1.73231e+10	1.20975e+11	0	-34825.7	4943.5	0	-8.12659e+21	-5.55781e+22	0	5.972e+24	8.28881e+10	-1.10909e+11	0	25043.9	16171.4	0	-1.91764e+22	2.99603e+22	0	6.39e+23	2.291e+11	8.67368e+09	0	655.648	24148.5	0	-1.64035e+21	4.4598e+19	0	1.898e+27	-7.69095e+11	-8.11627e+10	0	1613.48	-12960.3	0	4.14308e+23	5.15991e+22	0	5.683e+26	1.43243e+12	-1.34458e+10	0	189.518	9686.91	0	-3.68554e+22	7.28602e+20	0	8.681e+25	-1.76189e+12	2.25674e+12	0	-5356.81	-4230.86	0	8.76594e+20	-1.11483e+21	0	1.024e+26	1.87197e+12	4.07532e+12	0	-4962.08	2253.36	0	-2.84901e+20	-6.18526e+20	0	7.342e+22	8.29083e+10	-1.10525e+11	0	24029.4	16220.5	0	-2.47887e+20	1.70123e+20	0	
10	1.9891e+30	1.81171e+09	1.49012e+10	0	-1.45953	25.5832	0	-3.84881e+23	-3.66896e+22	0	3.285e+23	-5.66144e+10	5.51249e+09	0	7531.62	-46566.5	0	1.2296e+22	1.97388e+21	0	4.867e+24	-5.06456e+10	1.08067e+11	0	-30669.7	-17413	0	2.77254e+22	-4.9251e+22	0	5.972e+24	1.25292e+11	-6.95716e+10	0	16822.2	24607	0	-2.90808e+22	2.01287e+22	0	6.39e+23	2.25286e+11	5.67472e+10	0	-4454.9	23744.1	0	-1.61309e+21	-3.02026e+20	0	1.898e+27	-7.65432e+11	-1.07024e+11	0	2049.05	-12898.6	0	4.12329e+23	6.55235e+22	0	5.683e+26	1.43268e+12	5.92999e+09	0	59.8005	9688.6	0	-3.68619e+22	2.30659e+20	0	8.681e+25	-1.77259e+12	2.24825e+12	0	-5336.55	-4256.49	0	8.81959e+20	-1.11064e+21	0	1.024e+26	1.86204e+12	4.07981e+12	0	-4967.63	2241.27	0	-2.83406e+20	-6.19246e+20	0	7.342e+22	1.25584e+11	-6.93247e+10	0	16185.3	25399.9	0	-5.12266e+20	1.15741e+20	0	
10	1.9891e+30	1.8084e+09	1.49523e+10	0	-1.85014	25.5265	0	-3.86886e+23	-7.44299e+22	0	3.285e+23	1.31427e+10	-4.26265e+10	0	46631.2	9540.42	0	-2.44383e+21	1.24251e+22	0	4.867e+24	-9.66088e+10	5.61573e+10	0	-13595.4	-32610.1	0	5.23507e+22	-2.19229e+22	0	5.972e+24	1.48375e+11	-1.50142e+10	0	5961.82	29202	0	-3.44995e+22	7.0622e+21	0	6.39e+23	2.11412e+11	1.02937e+11	0	-9366.57	22271.7	0	-1.51372e+21	-6.35372e+20	0	1.898e+27	-7.609e+11	-1.32747e+11	0	2482.29	-12822.2	0	4.09881e+23	7.93727e+22	0	5.683e+26	1.43266e+12	2.53074e+10	0	-69.9279	9688.53	0	-3.68616e+22	-2.67325e+20	0	8.681e+25	-1.78324e+12	2.23972e+12	0	-5316.17	-4282.03	0	8.87305e+20	-1.10642e+21	0	1.024e+26	1.8521e+12	4.08428e+12	0	-4973.15	2229.17	0	-2.81908e+20	-6.19961e+20	0	7.342e+22	1.48742e+11	-1.50761e+10	0	6149.86	30237.7	0	-6.32444e+20	1.21928e+20	0	
10	1.9891e+30	1.80431e+09	1.50032e+10	0	-2.23336	25.4403	0	-3.76601e+23	-9.43759e+22	0	3.285e+23	5.82181e+10	2.99339e+10	0	-12164	46314.5	0	-1.23801e+22	-3.27438e+21	0	4.867e+24	-1.01103e+11	-1.30964e+10	0	9266.28	-34098.5	0	5.47727e+22	1.49523e+22	0	5.972e+24	1.48521e+11	4.42324e+10	0	-5831.84	29238.2	0	-3.46391e+22	-7.09944e+21	0	6.39e+23	1.88099e+11	1.45164e+11	0	-13859.5	19796	0	-1.34648e+21	-9.40718e+20	0	1.898e+27	-7.55504e+11	-1.58303e+11	0	2912.71	-12731.3	0	4.06967e+23	9.31308e+22	0	5.683e+26	1.4324e+12	4.4683e+10	0	-199.643	9686.72	0	-3.68544e+22	-7.65255e+20	0	8.681e+25	-1.79385e+12	2.23113e+12	0	-5295.67	-4307.47	0	8.92631e+20	-1.10218e+21	0	1.024e+26	1.84215e+12	4.08873e+12	0	-4978.64	2217.05	0	-2.80409e+20	-6.20673e+20	0	7.342e+22	1.48709e+11	4.39068e+10	0	-4938.56	29762.4	0	-5.30031e+20	9.54736e+19	0	
10	1.9891e+30	1.79947e+09	1.5054e+10	0	-2.61099	25.336	0	-3.74347e+23	-1.15843e+23	0	3.285e+23	-1.64899e+10	7.10259e+10	0	-45188.9	-14396.1	0	3.90447e+21	-1.19557e+22	0	4.867e+24	-6.22167e+10	-7.05177e+10	0	28176.4	-21230.3	0	3.3891e+22	4.5298e+22	0	5.972e+24	1.25705e+11	9.89021e+10	0	-16707	24705.7	0	-2.94032e+22	-2.00469e+22	0	6.39e+23	1.56388e+11	1.81523e+11	0	-17731.8	16426.3	0	-1.11857e+21	-1.20447e+21	0	1.898e+27	-7.49251e+11	-1.83663e+11	0	3339.8	-12626	0	4.0359e+23	1.06782e+23	0	5.683e+26	1.43187e+12	6.40531e+10	0	-329.321	9683.15	0	-3.68403e+22	-1.26304e+21	0	8.681e+25	-1.80442e+12	2.22249e+12	0	-5275.04	-4332.82	0	8.97939e+20	-1.09792e+21	0	1.024e+26	1.83218e+12	4.09315e+12	0	-4984.1	2204.92	0	-2.78907e+20	-6.21382e+20	0	7.342e+22	1.25584e+11	9.85476e+10	0	-15720.5	24364.9	0	-2.94889e+20	-4.73202e+19	0	
10	1.9891e+30	1.79387e+09	1.51046e+10	0	-2.97967	25.2039	0	-3.53954e+23	-1.45818e+23	0	3.285e+23	-5.38876e+10	-4.8737e+09	0	16041.5	-44377	0	1.17298e+22	4.20649e+21	0	4.867e+24	3.5474e+09	-9.20716e+10	0	35185.1	427.202	0	-9.17199e+20	5.62255e+22	0	5.972e+24	8.34973e+10	1.40448e+11	0	-24960.1	16309.6	0	-1.95322e+22	-2.97396e+22	0	6.39e+23	1.17702e+11	2.10371e+11	0	-20808.4	12312.1	0	-8.39848e+20	-1.41473e+21	0	1.898e+27	-7.42148e+11	-2.08797e+11	0	3763.1	-12506.3	0	3.99754e+23	1.20311e+23	0	5.683e+26	1.43108e+12	8.34144e+10	0	-458.937	9677.83	0	-3.68194e+22	-1.76057e+21	0	8.681e+25	-1.81495e+12	2.2138e+12	0	-5254.29	-4358.06	0	9.03226e+20	-1.09363e+21	0	1.024e+26	1.82221e+12	4.09755e+12	0	-4989.54	2192.78	0	-2.77405e+20	-6.22087e+20	0	7.342e+22	8.31435e+10	1.40314e+11	0	-24569.6	15351.7	0	-4.66964e+19	-2.94538e+20	0	
10	1.9891e+30	1.78757e+09	1.51548e+10	0	-3.31517	25.0522	0	-3.12889e+23	-1.48465e+23	0	3.285e+23	2.36812e+10	-3.92104e+10	0	44084.7	18115.7	0	-4.74079e+21	1.17775e+22	0	4.867e+24	6.86268e+10	-6.90511e+10	0	27561.7	21732.1	0	-3.4752e+22	4.37862e+22	0	5.972e+24	2.85028e+10	1.62381e+11	0	-29304.6	5361.55	0	-6.49918e+21	-3.47524e+22	0	6.39e+23	7.37792e+10	2.30396e+11	0	-22948.6	7636.38	0	-5.22482e+20	-1.56182e+21	0	1.898e+27	-7.34202e+11	-2.33678e+11	0	4182.12	-12372.5	0	3.95464e+23	1.33702e+23	0	5.683e+26	1.43003e+12	1.02763e+11	0	-588.467	9670.76	0	-3.67917e+22	-2.25777e+21	0	8.681e+25	-1.82544e+12	2.20505e+12	0	-5233.42	-4383.21	0	9.08494e+20	-1.08931e+21	0	1.024e+26	1.81222e+12	4.10192e+12	0	-4994.94	2180.62	0	-2.759e+20	-6.22788e+20	0	7.342e+22	2.81582e+10	1.62555e+11	0	-29756.6	4461.32	0	9.83102e+19	-5.16663e+20	0	
10	1.9891e+30	1.78064e+09	1.52048e+10	0	-3.6175	24.9187	0	-2.96669e+23	-1.14005e+23	0	3.285e+23	5.43765e+10	4.0547e+10	0	-20636.2	43185.1	0	-1.15269e+22	-5.55167e+21	0	4.867e+24	1.06164e+11	-1.12773e+10	0	8650.74	33965.5	0	-5.40011e+22	1.37035e+22	0	5.972e+24	-3.06737e+10	1.61286e+11	0	-29068.1	-6423	0	7.62169e+21	-3.43709e+22	0	6.39e+23	2.65988e+10	2.40681e+11	0	-24053.1	2608.66	0	-1.80492e+20	-1.63877e+21	0	1.898e+27	-7.25422e+11	-2.58278e+11	0	4596.38	-12224.6	0	3.90725e+23	1.4694e+23	0	5.683e+26	1.42872e+12	1.22096e+11	0	-717.888	9661.94	0	-3.67571e+22	-2.75453e+21	0	8.681e+25	-1.83588e+12	2.19626e+12	0	-5212.43	-4408.26	0	9.13741e+20	-1.08497e+21	0	1.024e+26	1.80223e+12	4.10627e+12	0	-5000.31	2168.45	0	-2.74394e+20	-6.23486e+20	0	7.342e+22	-3.0779e+10	1.61655e+11	0	-30053.5	-6698.1	0	1.48426e+20	-6.13997e+20	0	
10	1.9891e+30	1.7731e+09	1.52545e+10	0	-3.92768	24.8185	0	-3.25103e+23	-9.13767e+22	0	3.285e+23	-2.66229e+10	6.69223e+10	0	-41665.1	-22527	0	6.04096e+21	-1.09961e+22	0	4.867e+24	1.00853e+11	5.73779e+10	0	-13773.9	32241.3	0	-5.12999e+22	-2.18061e+22	0	5.972e+24	-8.47769e+10	1.3735e+11	0	-24293.7	-17197.7	0	2.05718e+22	-2.87088e+22	0	6.39e+23	-2.17063e+10	2.40746e+11	0	-24068.6	-2544.6	0	1.70813e+20	-1.64166e+21	0	1.898e+27	-7.1582e+11	-2.82568e+11	0	5005.41	-12062.8	0	3.85542e+23	1.60009e+23	0	5.683e+26	1.42716e+12	1.4141e+11	0	-847.175	9651.37	0	-3.67157e+22	-3.25074e+21	0	8.681e+25	-1.84629e+12	2.18742e+12	0	-5191.32	-4433.2	0	9.18969e+20	-1.0806e+21	0	1.024e+26	1.79222e+12	4.1106e+12	0	-5005.66	2156.27	0	-2.72885e+20	-6.2418e+20	0	7.342e+22	-8.45759e+10	1.37677e+11	0	-25153.2	-16658.4	0	1.46129e+20	-5.24083e+20	0	
10	1.9891e+30	1.7649e+09	1.53041e+10	0	-4.27237	24.7222	0	-3.57951e+23	-1.04597e+23	0	3.285e+23	-4.92538e+10	-1.45755e+10	0	24009.4	-40654.6	0	1.07657e+22	6.30276e+21	0	4.867e+24	5.48435e+10	1.08712e+11	0	-30603.6	17241	0	-2.76596e+22	-4.8667e+22	0	5.972e+24	-1.2535e+11	9.43282e+10	0	-15729.1	-25274.8	0	3.02571e+22	-1.86487e+22	0	6.39e+23	-6.89454e+10	2.30573e+11	0	-22990.7	-7589.71	0	5.15511e+20	-1.56986e+21	0	1.898e+27	-7.05404e+11	-3.0652e+11	0	5408.75	-11887.4	0	3.79922e+23	1.72895e+23	0	5.683e+26	1.42534e+12	1.60701e+11	0	-976.305	9639.06	0	-3.66675e+22	-3.74633e+21	0	8.681e+25	-1.85665e+12	2.17853e+12	0	-5170.09	-4458.05	0	9.24176e+20	-1.07621e+21	0	1.024e+26	1.78221e+12	4.1149e+12	0	-5010.97	2144.07	0	-2.71376e+20	-6.24871e+20	0	7.342e+22	-1.24981e+11	9.43952e+10	0	-15886.9	-24243.8	0	1.65361e+20	-2.6835e+20	0	
10	1.9891e+30	1.75599e+09	1.53534e+10	0	-4.64161	24.6052	0	-3.75033e+23	-1.27486e+23	0	3.285e+23	3.34334e+10	-3.38731e+10	0	39964.3	26080.8	0	-6.88503e+21	1.0703e+22	0	4.867e+24	-1.30669e+10	1.21425e+11	0	-34861.2	-5017.6	0	7.79108e+21	-5.5785e+22	0	5.972e+24	-1.46054e+11	3.89556e+10	0	-4710.01	-29389.9	0	3.51e+22	-5.72211e+21	0	6.39e+23	-1.12969e+11	2.10612e+11	0	-20864.9	-12296.4	0	8.37773e+20	-1.42617e+21	0	1.898e+27	-6.94189e+11	-3.30108e+11	0	5805.93	-11698.5	0	3.7387e+23	1.85583e+23	0	5.683e+26	1.42325e+12	1.79965e+11	0	-1105.25	9625	0	-3.66125e+22	-4.24119e+21	0	8.681e+25	-1.86697e+12	2.16959e+12	0	-5148.73	-4482.79	0	9.29362e+20	-1.0718e+21	0	1.024e+26	1.77218e+12	4.11917e+12	0	-5016.26	2131.86	0	-2.69864e+20	-6.25558e+20	0	7.342e+22	-1.45775e+11	3.87099e+10	0	-4022.73	-28592	0	2.72488e+20	7.1893e+19	0	
10	1.9891e+30	1.74632e+09	1.54025e+10	0	-5.02884	24.4661	0	-3.97744e+23	-1.51762e+23	0	3.285e+23	4.86397e+10	5.0248e+10	0	-28355.7	38516.6	0	-1.02566e+22	-7.61883e+21	0	4.867e+24	-7.47543e+10	8.99275e+10	0	-24565.1	-25356.7	0	4.05708e+22	-3.95299e+22	0	5.972e+24	-1.43658e+11	-2.01079e+10	0	7048.51	-28902.7	0	3.43734e+22	8.18853e+21	0	6.39e+23	-1.51768e+11	1.81757e+11	0	-17785.4	-16448.5	0	1.12261e+21	-1.21677e+21	0	1.898e+27	-6.82185e+11	-3.53305e+11	0	6196.52	-11496.4	0	3.67394e+23	1.98059e+23	0	5.683e+26	1.42091e+12	1.99199e+11	0	-1234	9609.21	0	-3.65507e+22	-4.73522e+21	0	8.681e+25	-1.87724e+12	2.1606e+12	0	-5127.26	-4507.43	0	9.34529e+20	-1.06736e+21	0	1.024e+26	1.76214e+12	4.12342e+12	0	-5021.52	2119.63	0	-2.68351e+20	-6.26241e+20	0	7.342e+22	-1.43663e+11	-2.04859e+10	0	8078.02	-28908.7	0	4.24355e+20	3.08805e+20	0	
10	1.9891e+30	1.73586e+09	1.54512e+10	0	-5.44169	24.2886	0	-4.19246e+23	-2.07863e+23	0	3.285e+23	-3.57794e+10	6.10165e+10	0	-36706.7	-29846.8	0	7.95535e+21	-9.66569e+21	0	4.867e+24	-1.04279e+11	2.71415e+10	0	-3864.99	-35130.4	0	5.64532e+22	-6.22989e+21	0	5.972e+24	-1.1854e+11	-7.3625e+10	0	17711.6	-23894.9	0	2.82834e+22	2.09286e+22	0	6.39e+23	-1.83566e+11	1.45315e+11	0	-13890.6	-19854.2	0	1.35664e+21	-9.51006e+20	0	1.898e+27	-6.69407e+11	-3.76085e+11	0	6580.06	-11281.2	0	3.60502e+23	2.10308e+23	0	5.683e+26	1.41832e+12	2.18401e+11	0	-1362.51	9591.67	0	-3.64821e+22	-5.22832e+21	0	8.681e+25	-1.88748e+12	2.15156e+12	0	-5105.67	-4531.97	0	9.39674e+20	-1.06289e+21	0	1.024e+26	1.75209e+12	4.12765e+12	0	-5026.74	2107.4	0	-2.66836e+20	-6.2692e+20	0	7.342e+22	-1.18828e+11	-7.38692e+10	0	18393	-24679.8	0	5.04553e+20	3.9045e+20	0	
10	1.9891e+30	1.72456e+09	1.54996e+10	0	-5.85589	24.0411	0	-3.94973e+23	-2.83066e+23	0	3.285e+23	-4.28711e+10	-2.32511e+10	0	31163.5	-35519.6	0	9.43224e+21	8.19338e+21	0	4.867e+24	-8.90953e+10	-4.05704e+10	0	18480.5	-30096.2	0	4.82602e+22	2.97898e+22	0	5.972e+24	-7.4628e+10	-1.13222e+11	0	25611.3	-15153.1	0	1.78613e+22	3.04695e+22	0	6.39e+23	-2.06903e+11	1.02944e+11	0	-9357.77	-22355.2	0	1.52874e+21	-6.40977e+20	0	1.898e+27	-6.5587e+11	-3.98422e+11	0	6956.13	-11053.3	0	3.53201e+23	2.22317e+23	0	5.683e+26	1.41546e+12	2.37565e+11	0	-1490.77	9572.41	0	-3.64068e+22	-5.72042e+21	0	8.681e+25	-1.89767e+12	2.14247e+12	0	-5083.96	-4556.41	0	9.44798e+20	-1.0584e+21	0	1.024e+26	1.74204e+12	4.13185e+12	0	-5031.94	2095.14	0	-2.65319e+20	-6.27596e+20	0	7.342e+22	-7.5009e+10	-1.13166e+11	0	25481.9	-16155.7	0	4.17583e+20	3.44151e+20	0	
10	1.9891e+30	1.71247e+09	1.55474e+10	0	-6.22069	23.7315	0	-3.27328e+23	-3.23484e+23	0	3.285e+23	4.20473e+10	-2.67916e+10	0	34406.7	33144.2	0	-8.79517e+21	9.2351e+21	0	4.867e+24	-3.56759e+10	-8.47057e+10	0	32967.7	-12448.5	0	1.9723e+22	5.28755e+22	0	5.972e+24	-1.8784e+10	-1.32698e+11	0	29506.8	-4042.59	0	4.73451e+21	3.52259e+22	0	6.39e+23	-2.20708e+11	5.6576e+10	0	-4394.37	-23835.1	0	1.63066e+21	-3.01008e+20	0	1.898e+27	-6.41588e+11	-4.2029e+11	0	7324.29	-10812.8	0	3.45499e+23	2.34071e+23	0	5.683e+26	1.41236e+12	2.56689e+11	0	-1618.75	9551.41	0	-3.63247e+22	-6.2114e+21	0	8.681e+25	-1.90781e+12	2.13333e+12	0	-5062.14	-4580.74	0	9.49902e+20	-1.05389e+21	0	1.024e+26	1.73197e+12	4.13603e+12	0	-5037.11	2082.88	0	-2.63801e+20	-6.28268e+20	0	7.342e+22	-1.90048e+10	-1.32383e+11	0	28666.6	-4612.54	0	1.73839e+20	2.70753e+20	0	
10	1.9891e+30	1.69972e+09	1.55945e+10	0	-6.51783	23.4075	0	-2.69099e+23	-3.16038e+23	0	3.285e+23	4.12149e+10	5.86966e+10	0	-35044.6	32484.6	0	-8.62043e+21	-9.39984e+21	0	4.867e+24	3.3411e+10	-8.69531e+10	0	33615.8	10245.9	0	-1.65644e+22	5.35742e+22	0	5.972e+24	4.02618e+10	-1.28993e+11	0	28783.2	7703.52	0	-9.07763e+21	3.44054e+22	0	6.39e+23	-2.24345e+11	8.33132e+09	0	771.324	-24224.6	0	1.65748e+21	5.30604e+19	0	1.898e+27	-6.26578e+11	-4.41665e+11	0	7684.12	-10560	0	3.37406e+23	2.45558e+23	0	5.683e+26	1.40899e+12	2.75769e+11	0	-1746.43	9528.69	0	-3.62359e+22	-6.70117e+21	0	8.681e+25	-1.91792e+12	2.12415e+12	0	-5040.2	-4604.97	0	9.54984e+20	-1.04935e+21	0	1.024e+26	1.72189e+12	4.14018e+12	0	-5042.24	2070.6	0	-2.6228e+20	-6.28937e+20	0	7.342e+22	4.03488e+10	-1.28622e+11	0	27784.5	7942.13	0	-1.59149e+20	2.26532e+20	0	
10	1.9891e+30	1.68642e+09	1.5641e+10	0	-6.77131	23.0979	0	-2.37267e+23	-3.00963e+23	0	3.285e+23	-4.36471e+10	5.3523e+10	0	-30492.6	-36110.4	0	9.58667e+21	-8.0136e+21	0	4.867e+24	8.94012e+10	-4.67047e+10	0	20382.5	28534.3	0	-4.54728e+22	3.2324e+22	0	5.972e+24	9.32758e+10	-1.02672e+11	0	23549.6	18253	0	-2.15001e+22	2.81037e+22	0	6.39e+23	-2.17646e+11	-3.95823e+10	0	5901.26	-23505.5	0	1.6079e+21	4.04662e+20	0	1.898e+27	-6.10857e+11	-4.62522e+11	0	8035.23	-10295.4	0	3.28932e+23	2.56764e+23	0	5.683e+26	1.40537e+12	2.94803e+11	0	-1873.79	9504.25	0	-3.61403e+22	-7.18965e+21	0	8.681e+25	-1.92797e+12	2.11491e+12	0	-5018.14	-4629.09	0	9.60044e+20	-1.04479e+21	0	1.024e+26	1.7118e+12	4.14431e+12	0	-5047.35	2058.31	0	-2.60759e+20	-6.29602e+20	0	7.342e+22	9.36067e+10	-1.02487e+11	0	23069.7	19161.1	0	-4.45385e+20	2.44209e+20	0	
10	1.9891e+30	1.67265e+09	1.56869e+10	0	-6.995	22.8024	0	-2.07119e+23	-2.84686e+23	0	3.285e+23	-3.4958e+10	-3.05949e+10	0	37256.7	-29141.1	0	7.77009e+21	9.81406e+21	0	4.867e+24	1.09326e+11	1.92085e+10	0	-1157.56	35023.8	0	-5.56616e+22	-1.81795e+21	0	5.972e+24	1.31962e+11	-5.78397e+10	0	14625.5	25958.5	0	-3.06493e+22	1.73316e+22	0	6.39e+23	-2.0092e+11	-8.49724e+10	0	10759.1	-21711.2	0	1.4843e+21	7.37344e+20	0	1.898e+27	-5.94443e+11	-4.82838e+11	0	8377.21	-10019	0	3.20085e+23	2.67677e+23	0	5.683e+26	1.4015e+12	3.13785e+11	0	-2000.8	9478.09	0	-3.60381e+22	-7.67672e+21	0	8.681e+25	-1.93799e+12	2.10563e+12	0	-4995.96	-4653.11	0	9.65084e+20	-1.04021e+21	0	1.024e+26	1.7017e+12	4.14842e+12	0	-5052.43	2046.01	0	-2.59235e+20	-6.30263e+20	0	7.342e+22	1.32306e+11	-5.79745e+10	0	15019.4	26944.3	0	-5.77262e+20	2.91316e+20	0	
10	1.9891e+30	1.65846e+09	1.57322e+10	0	-7.19095	22.5335	0	-1.87651e+23	-2.45802e+23	0	3.285e+23	4.92122e+10	-1.82096e+10	0	27605.1	39046	0	-1.03976e+22	7.42384e+21	0	4.867e+24	8.5081e+10	8.36745e+10	0	-22232.1	27137.7	0	-4.32819e+22	-3.5246e+22	0	5.972e+24	1.50261e+11	-1.5029e+09	0	3412.1	29613.5	0	-3.51286e+22	3.88471e+21	0	6.39e+23	-1.74939e+11	-1.25765e+11	0	15121.4	-18925.7	0	1.29261e+21	1.03561e+21	0	1.898e+27	-5.77354e+11	-5.0259e+11	0	8709.67	-9731.35	0	3.10876e+23	2.78284e+23	0	5.683e+26	1.39737e+12	3.32714e+11	0	-2127.44	9450.21	0	-3.59292e+22	-8.1623e+21	0	8.681e+25	-1.94796e+12	2.0963e+12	0	-4973.67	-4677.02	0	9.70101e+20	-1.0356e+21	0	1.024e+26	1.69159e+12	4.1525e+12	0	-5057.48	2033.69	0	-2.5771e+20	-6.3092e+20	0	7.342e+22	1.50372e+11	-1.8623e+09	0	4393.91	29942.8	0	-4.92596e+20	2.48663e+20	0	
10	1.9891e+30	1.64389e+09	1.57771e+10	0	-7.38825	22.3096	0	-2.13131e+23	-2.04121e+23	0	3.285e+23	3.23705e+10	6.56e+10	0	-40466.7	25313.9	0	-6.68257e+21	-1.08318e+22	0	4.867e+24	2.65171e+10	1.20153e+11	0	-34243.4	8007.58	0	-1.30133e+22	-5.4591e+22	0	5.972e+24	1.45302e+11	5.75286e+10	0	-8331.09	28639.1	0	-3.41202e+22	-1.00585e+22	0	6.39e+23	-1.40898e+11	-1.60099e+11	0	18788.9	-15278.8	0	1.042e+21	1.28569e+21	0	1.898e+27	-5.59611e+11	-5.21756e+11	0	9032.25	-9432.66	0	3.01316e+23	2.88574e+23	0	5.683e+26	1.39299e+12	3.51585e+11	0	-2253.68	9420.64	0	-3.58136e+22	-8.6463e+21	0	8.681e+25	-1.95788e+12	2.08692e+12	0	-4951.26	-4700.83	0	9.75097e+20	-1.03096e+21	0	1.024e+26	1.68147e+12	4.15655e+12	0	-5062.5	2021.36	0	-2.56183e+20	-6.31574e+20	0	7.342e+22	1.45107e+11	5.72014e+10	0	-7447.45	28117.2	0	-3.16624e+20	5.20446e+19	0	
10	1.9891e+30	1.62888e+09	1.58215e+10	0	-7.62831	22.1065	0	-2.63423e+23	-2.09055e+23	0	3.285e+23	-4.99559e+10	4.47105e+10	0	-23240.6	-41109.1	0	1.08839e+22	-6.09764e+21	0	4.867e+24	-4.23194e+10	1.13333e+11	0	-32094.7	-14612.2	0	2.32027e+22	-5.14923e+22	0	5.972e+24	1.17855e+11	1.10023e+11	0	-18765.7	23182.2	0	-2.77147e+22	-2.23392e+22	0	6.39e+23	-1.00358e+11	-1.86417e+11	0	21594.9	-10939.7	0	7.44389e+20	1.47625e+21	0	1.898e+27	-5.41232e+11	-5.40314e+11	0	9344.57	-9123.3	0	2.91416e+23	2.98534e+23	0	5.683e+26	1.38835e+12	3.70395e+11	0	-2379.51	9389.36	0	-3.56915e+22	-9.12862e+21	0	8.681e+25	-1.96776e+12	2.0775e+12	0	-4928.74	-4724.53	0	9.80071e+20	-1.02631e+21	0	1.024e+26	1.67134e+12	4.16058e+12	0	-5067.48	2009.02	0	-2.54654e+20	-6.32224e+20	0	7.342e+22	1.17479e+11	1.09951e+11	0	-18558.5	22181	0	-1.43535e+20	-2.38811e+20	0	
10	1.9891e+30	1.61335e+09	1.58655e+10	0	-7.90795	21.8762	0	-2.85845e+23	-2.51468e+23	0	3.285e+23	-2.57834e+10	-3.63415e+10	0	42074.3	-21730.2	0	5.83121e+21	1.11076e+22	0	4.867e+24	-9.27287e+10	6.5729e+10	0	-16455.3	-31267.3	0	5.01635e+22	-2.65188e+22	0	5.972e+24	7.22165e+10	1.47774e+11	0	-26262	14095.7	0	-1.68731e+22	-3.11101e+22	0	6.39e+23	-5.51768e+10	-2.03529e+11	0	23414	-6108.77	0	4.13752e+20	1.59884e+21	0	1.898e+27	-5.2224e+11	-5.58242e+11	0	9646.29	-8803.62	0	2.81187e+23	3.08153e+23	0	5.683e+26	1.38347e+12	3.89141e+11	0	-2504.89	9356.39	0	-3.55627e+22	-9.60917e+21	0	8.681e+25	-1.9776e+12	2.06803e+12	0	-4906.1	-4748.12	0	9.85023e+20	-1.02162e+21	0	1.024e+26	1.6612e+12	4.16459e+12	0	-5072.44	1996.67	0	-2.53124e+20	-6.32871e+20	0	7.342e+22	7.19043e+10	1.48002e+11	0	-26862.3	13288.8	0	-4.63582e+19	-4.99669e+20	0	
10	1.9891e+30	1.59725e+09	1.5909e+10	0	-8.19208	21.6037	0	-2.7696e+23	-2.86964e+23	0	3.285e+23	5.46694e+10	-8.42226e+09	0	19799.5	43565.6	0	-1.16289e+22	5.33356e+21	0	4.867e+24	-1.03396e+11	-2.85641e+09	0	6182.13	-34798.2	0	5.59107e+22	9.98816e+21	0	5.972e+24	1.55279e+10	1.64886e+11	0	-29652.4	2805.09	0	-3.3199e+21	-3.50559e+22	0	6.39e+23	-7.41453e+09	-2.10671e+11	0	24166.4	-1007.67	0	6.54343e+19	1.64832e+21	0	1.898e+27	-5.02654e+11	-5.75522e+11	0	9937.06	-8473.99	0	2.7064e+23	3.17422e+23	0	5.683e+26	1.37833e+12	4.0782e+11	0	-2629.81	9321.73	0	-3.54273e+22	-1.00879e+22	0	8.681e+25	-1.98739e+12	2.05851e+12	0	-4883.35	-4771.6	0	9.89952e+20	-1.01692e+21	0	1.024e+26	1.65105e+12	4.16857e+12	0	-5077.37	1984.3	0	-2.51592e+20	-6.33513e+20	0	7.342e+22	1.54882e+10	1.65263e+11	0	-30682.7	2714.76	0	-1.89753e+19	-6.33682e+20	0	
10	1.9891e+30	1.58059e+09	1.59519e+10	0	-8.46595	21.3031	0	-2.69027e+23	-3.11816e+23	0	3.285e+23	2.2426e+10	7.07249e+10	0	-44435	17269.7	0	-4.51815e+21	-1.1866e+22	0	4.867e+24	-6.97855e+10	-6.35373e+10	0	26178.1	-23666.2	0	3.78266e+22	4.21263e+22	0	5.972e+24	-4.33408e+10	1.58698e+11	0	-28412.1	-8917.88	0	1.07647e+22	-3.36216e+22	0	6.39e+23	4.07562e+10	-2.07533e+11	0	23821.7	4131.14	0	-2.84624e+20	1.62295e+21	0	1.898e+27	-4.82499e+11	-5.92132e+11	0	10216.5	-8134.79	0	2.59789e+23	3.26328e+23	0	5.683e+26	1.37295e+12	4.26427e+11	0	-2754.24	9285.39	0	-3.52854e+22	-1.05646e+22	0	8.681e+25	-1.99713e+12	2.04894e+12	0	-4860.49	-4794.97	0	9.9486e+20	-1.01219e+21	0	1.024e+26	1.64089e+12	4.17253e+12	0	-5082.27	1971.92	0	-2.50059e+20	-6.34152e+20	0	7.342e+22	-4.30821e+10	1.58974e+11	0	-29160.9	-8211.7	0	-1.00324e+19	-5.63341e+20	0	
10	1.9891e+30	1.56339e+09	1.59942e+10	0	-8.7304	20.9719	0	-2.52678e+23	-3.48519e+23	0	3.285e+23	-5.44927e+10	3.48932e+10	0	-15202.1	-44680.4	0	1.1808e+22	-3.98318e+21	0	4.867e+24	-6.18485e+09	-9.08672e+10	0	35092.3	-2700.21	0	4.07323e+21	5.61356e+22	0	5.972e+24	-9.51845e+10	1.3019e+11	0	-22736.6	-19235.1	0	2.30861e+22	-2.70118e+22	0	6.39e+23	8.71524e+10	-1.94275e+11	0	22399.3	9075.14	0	-6.2063e+20	1.5244e+21	0	1.898e+27	-4.61796e+11	-6.08055e+11	0	10484.5	-7786.39	0	2.48645e+23	3.34863e+23	0	5.683e+26	1.36732e+12	4.4496e+11	0	-2878.16	9247.37	0	-3.5137e+22	-1.10393e+22	0	8.681e+25	-2.00683e+12	2.03933e+12	0	-4837.51	-4818.24	0	9.99744e+20	-1.00744e+21	0	1.024e+26	1.63072e+12	4.17646e+12	0	-5087.14	1959.53	0	-2.48523e+20	-6.34787e+20	0	7.342e+22	-9.48116e+10	1.30178e+11	0	-22685.1	-18190	0	7.15102e+19	-3.2703e+20	0	
10	1.9891e+30	1.54569e+09	1.60357e+10	0	-8.96351	20.606	0	-2.06904e+23	-3.7373e+23	0	3.285e+23	-1.56634e+10	-4.02803e+10	0	45442.3	-13535.5	0	3.67713e+21	1.20263e+22	0	4.867e+24	6.06876e+10	-7.3702e+10	0	29376.9	19211.7	0	-3.07792e+22	4.67071e+22	0	5.972e+24	-1.31903e+11	8.38307e+10	0	-13510.4	-26532.9	0	3.16722e+22	-1.61996e+22	0	6.39e+23	1.29679e+11	-1.7151e+11	0	19966.9	13602.2	0	-9.27637e+20	1.35758e+21	0	1.898e+27	-4.40569e+11	-6.23272e+11	0	10740.5	-7429.2	0	2.37222e+23	3.43016e+23	0	5.683e+26	1.36144e+12	4.63415e+11	0	-3001.54	9207.69	0	-3.49821e+22	-1.15118e+22	0	8.681e+25	-2.01648e+12	2.02967e+12	0	-4814.42	-4841.39	0	1.00461e+21	-1.00266e+21	0	1.024e+26	1.62054e+12	4.18036e+12	0	-5091.98	1947.12	0	-2.46987e+20	-6.35418e+20	0	7.342e+22	-1.31682e+11	8.35315e+10	0	-12676.6	-25889.9	0	2.64182e+20	-2.72018e+19	0	
10	1.9891e+30	1.52757e+09	1.60766e+10	0	-9.14613	20.2352	0	-1.60974e+23	-3.57144e+23	0	3.285e+23	5.82175e+10	2.22806e+09	0	11270	46531.6	0	-1.24391e+22	3.04078e+21	0	4.867e+24	1.03175e+11	-1.94698e+10	0	11608.6	33066.3	0	-5.25952e+22	1.83956e+22	0	5.972e+24	-1.47766e+11	2.68738e+10	0	-2170.05	-29675.7	0	3.5248e+22	-2.75047e+21	0	6.39e+23	1.6642e+11	-1.40279e+11	0	16636.8	17510.1	0	-1.19216e+21	1.13033e+21	0	1.898e+27	-4.18842e+11	-6.37766e+11	0	10984.3	-7063.63	0	2.25532e+23	3.50779e+23	0	5.683e+26	1.35531e+12	4.8179e+11	0	-3124.37	9166.35	0	-3.48208e+22	-1.19821e+22	0	8.681e+25	-2.02609e+12	2.01996e+12	0	-4791.22	-4864.44	0	1.00945e+21	-9.97864e+20	0	1.024e+26	1.61035e+12	4.18425e+12	0	-5096.79	1934.71	0	-2.45448e+20	-6.36046e+20	0	7.342e+22	-1.4785e+11	2.65007e+10	0	-1173.96	-29883	0	4.77522e+20	1.6501e+20	0	
10	1.9891e+30	1.50912e+09	1.61167e+10	0	-9.30233	19.8928	0	-1.57036e+23	-3.26701e+23	0	3.285e+23	1.17354e+10	7.39e+10	0	-46817.2	8645.15	0	-2.20901e+21	-1.24702e+22	0	4.867e+24	1.03932e+11	4.93707e+10	0	-10877.2	33319.4	0	-5.29952e+22	-1.72029e+22	0	5.972e+24	-1.40301e+11	-3.17736e+10	0	9513.27	-28180	0	3.33537e+22	1.12199e+22	0	6.39e+23	1.95727e+11	-1.01999e+11	0	12560.5	20625.4	0	-1.40273e+21	8.53002e+20	0	1.898e+27	-3.9664e+11	-6.51521e+11	0	11215.7	-6690.08	0	2.13589e+23	3.58143e+23	0	5.683e+26	1.34894e+12	5.0008e+11	0	-3246.62	9123.35	0	-3.4653e+22	-1.24501e+22	0	8.681e+25	-2.03565e+12	2.01021e+12	0	-4767.91	-4887.37	0	1.01426e+21	-9.93042e+20	0	1.024e+26	1.60015e+12	4.1881e+12	0	-5101.57	1922.28	0	-2.43908e+20	-6.3667e+20	0	7.342e+22	-1.40633e+11	-3.19647e+10	0	10027.7	-29065.7	0	5.82991e+20	2.38126e+20	0	
10	1.9891e+30	1.49035e+09	1.61562e+10	0	-9.46889	19.5669	0	-1.73508e+23	-3.27076e+23	0	3.285e+23	-5.71056e+10	2.44152e+10	0	-6651.22	-46708.3	0	1.23315e+22	-1.74019e+21	0	4.867e+24	6.26413e+10	1.04544e+11	0	-28952.1	19869.6	0	-3.18253e+22	-4.59943e+22	0	5.972e+24	-1.1068e+11	-8.29396e+10	0	19712.5	-22282.9	0	2.63354e+22	2.34876e+22	0	6.39e+23	2.16285e+11	-5.83983e+10	0	7921.78	22810.3	0	-1.55027e+21	5.38034e+20	0	1.898e+27	-3.73988e+11	-6.64521e+11	0	11434.3	-6308.99	0	2.01406e+23	3.65099e+23	0	5.683e+26	1.34232e+12	5.18282e+11	0	-3368.27	9078.72	0	-3.44788e+22	-1.29157e+22	0	8.681e+25	-2.04516e+12	2.00041e+12	0	-4744.48	-4910.2	0	1.01906e+21	-9.88197e+20	0	1.024e+26	1.58994e+12	4.19194e+12	0	-5106.32	1909.84	0	-2.42366e+20	-6.3729e+20	0	7.342e+22	-1.11048e+11	-8.28226e+10	0	19411	-23245.9	0	5.12711e+20	2.26995e+20	0	
